timestamp,open,high,low,close,volume
2026-03-22 18:00:00,6510.0,6525.0,6505.0,6522.0,5311
2026-03-22 18:01:00,6521.25,6526.75,6515.0,6517.75,2133
2026-03-22 18:02:00,6518.0,6524.75,6515.0,6524.75,1480
2026-03-22 18:03:00,6524.5,6537.75,6522.5,6536.25,1800
2026-03-22 18:04:00,6536.0,6538.0,6528.0,6529.25,1455
2026-03-22 18:05:00,6529.25,6534.0,6527.5,6533.75,846
2026-03-22 18:06:00,6533.75,6534.75,6529.25,6530.25,617
2026-03-22 18:07:00,6530.25,6535.0,6529.75,6532.0,581
2026-03-22 18:08:00,6532.25,6538.0,6531.0,6536.0,961
2026-03-22 18:09:00,6536.0,6540.0,6535.5,6537.25,1348
2026-03-22 18:10:00,6537.0,6538.25,6532.75,6534.5,953
2026-03-22 18:11:00,6535.0,6535.5,6528.0,6529.5,978
2026-03-22 18:12:00,6529.5,6530.25,6527.0,6528.0,564
2026-03-22 18:13:00,6528.0,6534.0,6527.25,6533.75,550
2026-03-22 18:14:00,6533.75,6534.0,6531.0,6532.75,499
2026-03-22 18:15:00,6532.5,6535.5,6532.25,6535.5,678
2026-03-22 18:16:00,6535.5,6537.25,6533.5,6534.75,512
2026-03-22 18:17:00,6534.25,6538.75,6533.75,6536.0,654
2026-03-22 18:18:00,6536.5,6537.75,6533.75,6535.75,550
2026-03-22 18:19:00,6536.0,6537.75,6532.75,6534.25,604
2026-03-22 18:20:00,6534.25,6535.75,6532.75,6535.0,556
2026-03-22 18:21:00,6534.75,6538.5,6533.0,6538.5,584
2026-03-22 18:22:00,6538.25,6543.0,6537.75,6542.0,1142
2026-03-22 18:23:00,6541.75,6548.0,6538.25,6547.0,1231
2026-03-22 18:24:00,6547.0,6552.5,6545.75,6548.75,1628
2026-03-22 18:25:00,6548.5,6553.75,6547.75,6551.75,745
2026-03-22 18:26:00,6551.5,6557.0,6551.25,6555.75,1568
2026-03-22 18:27:00,6555.25,6557.25,6554.5,6555.5,801
2026-03-22 18:28:00,6555.5,6562.0,6555.0,6560.5,777
2026-03-22 18:29:00,6560.25,6560.5,6554.0,6555.0,973
2026-03-22 18:30:00,6555.0,6560.0,6555.0,6559.0,502
2026-03-22 18:31:00,6559.0,6559.25,6557.0,6557.0,508
2026-03-22 18:32:00,6556.75,6557.0,6552.25,6553.5,789
2026-03-22 18:33:00,6553.75,6555.0,6551.0,6552.5,734
2026-03-22 18:34:00,6552.5,6553.75,6548.0,6548.75,698
2026-03-22 18:35:00,6548.75,6554.5,6548.75,6550.25,795
2026-03-22 18:36:00,6550.5,6550.5,6547.25,6549.25,386
2026-03-22 18:37:00,6549.25,6552.75,6549.25,6552.0,441
2026-03-22 18:38:00,6552.0,6552.25,6549.25,6549.5,268
2026-03-22 18:39:00,6549.75,6550.25,6546.75,6546.75,252
2026-03-22 18:40:00,6547.0,6550.5,6545.25,6550.0,524
2026-03-22 18:41:00,6549.75,6549.75,6547.25,6547.5,160
2026-03-22 18:42:00,6547.75,6548.25,6546.5,6546.75,167
2026-03-22 18:43:00,6546.75,6546.75,6543.0,6544.25,808
2026-03-22 18:44:00,6544.5,6545.25,6543.25,6544.25,276
2026-03-22 18:45:00,6544.5,6547.5,6544.25,6546.0,432
2026-03-22 18:46:00,6545.75,6548.25,6544.75,6547.5,320
2026-03-22 18:47:00,6547.5,6547.75,6544.0,6544.75,222
2026-03-22 18:48:00,6545.0,6546.0,6544.0,6546.0,188
2026-03-22 18:49:00,6546.0,6547.5,6545.25,6546.75,149
2026-03-22 18:50:00,6546.5,6551.5,6546.0,6550.75,560
2026-03-22 18:51:00,6550.5,6550.75,6548.0,6548.75,205
2026-03-22 18:52:00,6548.75,6551.5,6548.75,6549.75,266
2026-03-22 18:53:00,6549.75,6550.5,6548.5,6549.75,157
2026-03-22 18:54:00,6549.5,6549.75,6546.0,6547.0,309
2026-03-22 18:55:00,6546.75,6548.75,6546.75,6548.25,155
2026-03-22 18:56:00,6548.5,6550.25,6548.25,6549.0,145
2026-03-22 18:57:00,6549.25,6549.5,6548.0,6549.25,113
2026-03-22 18:58:00,6549.0,6549.0,6545.0,6545.25,280
2026-03-22 18:59:00,6545.25,6547.75,6545.0,6546.5,189
2026-03-22 19:00:00,6546.75,6549.75,6546.5,6549.25,179
2026-03-22 19:01:00,6549.25,6553.0,6548.5,6552.0,402
2026-03-22 19:02:00,6551.75,6554.0,6550.0,6553.25,468
2026-03-22 19:03:00,6553.25,6555.25,6553.25,6554.0,328
2026-03-22 19:04:00,6554.0,6555.75,6553.25,6553.25,278
2026-03-22 19:05:00,6553.5,6555.5,6553.25,6554.25,204
2026-03-22 19:06:00,6554.25,6554.75,6552.25,6552.75,218
2026-03-22 19:07:00,6553.0,6554.5,6552.75,6554.0,126
2026-03-22 19:08:00,6553.75,6554.0,6552.25,6552.5,160
2026-03-22 19:09:00,6552.75,6554.5,6552.5,6554.25,181
2026-03-22 19:10:00,6554.5,6556.75,6554.0,6554.75,338
2026-03-22 19:11:00,6554.5,6555.75,6553.75,6554.75,145
2026-03-22 19:12:00,6555.0,6557.0,6555.0,6556.5,155
2026-03-22 19:13:00,6556.25,6557.25,6555.75,6556.5,129
2026-03-22 19:14:00,6556.5,6556.75,6555.5,6556.25,122
2026-03-22 19:15:00,6556.25,6557.5,6556.25,6557.25,125
2026-03-22 19:16:00,6557.0,6557.25,6554.0,6554.5,152
2026-03-22 19:17:00,6554.25,6555.5,6553.75,6555.25,198
2026-03-22 19:18:00,6555.5,6555.75,6553.25,6553.5,196
2026-03-22 19:19:00,6553.25,6553.75,6548.5,6549.75,563
2026-03-22 19:20:00,6549.5,6551.0,6548.5,6548.5,251
2026-03-22 19:21:00,6549.0,6550.0,6545.75,6547.5,454
2026-03-22 19:22:00,6547.5,6549.5,6546.0,6549.25,221
2026-03-22 19:23:00,6549.25,6550.0,6547.75,6548.25,174
2026-03-22 19:24:00,6548.25,6548.75,6547.0,6548.5,101
2026-03-22 19:25:00,6548.25,6549.0,6547.5,6548.25,133
2026-03-22 19:26:00,6548.25,6548.25,6546.5,6547.0,93
2026-03-22 19:27:00,6547.0,6549.0,6546.5,6548.0,226
2026-03-22 19:28:00,6548.0,6548.0,6544.25,6544.75,220
2026-03-22 19:29:00,6544.5,6545.75,6544.5,6545.0,112
2026-03-22 19:30:00,6545.0,6546.25,6544.5,6546.0,156
2026-03-22 19:31:00,6546.25,6548.5,6546.25,6546.25,178
2026-03-22 19:32:00,6546.0,6546.75,6544.75,6545.0,140
2026-03-22 19:33:00,6545.5,6545.5,6542.25,6544.0,278
2026-03-22 19:34:00,6544.25,6544.25,6542.25,6542.75,212
2026-03-22 19:35:00,6543.25,6544.0,6542.75,6543.5,150
2026-03-22 19:36:00,6543.5,6545.75,6543.0,6545.0,143
2026-03-22 19:37:00,6544.75,6545.5,6543.75,6544.0,116
2026-03-22 19:38:00,6544.25,6546.25,6543.75,6546.0,149
2026-03-22 19:39:00,6546.0,6546.75,6544.25,6544.5,194
2026-03-22 19:40:00,6544.5,6545.25,6543.0,6545.25,137
2026-03-22 19:41:00,6545.25,6545.25,6543.75,6544.5,166
2026-03-22 19:42:00,6544.5,6546.5,6544.25,6545.75,165
2026-03-22 19:43:00,6545.75,6546.0,6544.75,6544.75,107
2026-03-22 19:44:00,6545.0,6546.0,6544.75,6545.0,194
2026-03-22 19:45:00,6545.0,6545.0,6537.5,6539.5,1119
2026-03-22 19:46:00,6539.5,6544.5,6539.25,6543.25,436
2026-03-22 19:47:00,6543.0,6545.0,6541.25,6541.5,287
2026-03-22 19:48:00,6542.0,6544.75,6542.0,6543.5,226
2026-03-22 19:49:00,6543.25,6543.25,6539.0,6539.25,302
2026-03-22 19:50:00,6539.25,6542.5,6538.75,6540.0,336
2026-03-22 19:51:00,6540.0,6540.75,6539.25,6540.5,155
2026-03-22 19:52:00,6540.5,6542.25,6540.25,6540.5,207
2026-03-22 19:53:00,6540.0,6540.0,6534.75,6535.0,419
2026-03-22 19:54:00,6535.25,6535.75,6533.0,6533.5,523
2026-03-22 19:55:00,6533.75,6537.5,6533.75,6535.5,457
2026-03-22 19:56:00,6535.5,6538.5,6535.0,6538.5,249
2026-03-22 19:57:00,6538.75,6538.75,6534.75,6535.0,261
2026-03-22 19:58:00,6535.25,6536.0,6533.5,6534.5,278
2026-03-22 19:59:00,6534.75,6540.25,6534.5,6539.5,449
2026-03-22 20:00:00,6539.75,6544.0,6539.75,6540.75,704
2026-03-22 20:01:00,6540.75,6542.75,6540.75,6541.0,312
2026-03-22 20:02:00,6541.5,6541.5,6538.5,6539.25,328
2026-03-22 20:03:00,6539.5,6540.0,6538.0,6538.75,250
2026-03-22 20:04:00,6538.5,6542.75,6538.25,6540.5,262
2026-03-22 20:05:00,6540.5,6540.75,6533.75,6533.75,343
2026-03-22 20:06:00,6534.5,6542.5,6534.0,6542.0,566
2026-03-22 20:07:00,6541.75,6543.75,6540.0,6542.75,442
2026-03-22 20:08:00,6543.5,6547.0,6542.75,6543.0,616
2026-03-22 20:09:00,6542.75,6545.25,6542.75,6543.25,357
2026-03-22 20:10:00,6543.25,6546.75,6543.0,6544.75,528
2026-03-22 20:11:00,6545.0,6551.5,6545.0,6550.0,768
2026-03-22 20:12:00,6550.25,6553.25,6548.0,6552.75,589
2026-03-22 20:13:00,6552.5,6553.5,6552.0,6553.25,315
2026-03-22 20:14:00,6552.75,6553.25,6549.5,6550.5,588
2026-03-22 20:15:00,6550.25,6551.5,6545.75,6546.75,606
2026-03-22 20:16:00,6547.0,6550.25,6544.5,6548.5,585
2026-03-22 20:17:00,6548.5,6550.0,6547.75,6548.0,470
2026-03-22 20:18:00,6548.25,6549.25,6547.75,6548.25,325
2026-03-22 20:19:00,6548.5,6550.0,6547.5,6547.5,292
2026-03-22 20:20:00,6547.25,6550.25,6546.75,6549.75,372
2026-03-22 20:21:00,6549.75,6555.0,6549.75,6553.5,833
2026-03-22 20:22:00,6553.75,6555.5,6552.75,6554.5,384
2026-03-22 20:23:00,6554.5,6555.5,6554.0,6554.5,388
2026-03-22 20:24:00,6554.25,6554.25,6550.5,6551.25,587
2026-03-22 20:25:00,6551.5,6553.25,6550.5,6551.0,275
2026-03-22 20:26:00,6551.25,6553.0,6550.0,6550.25,339
2026-03-22 20:27:00,6550.5,6550.75,6547.75,6548.25,349
2026-03-22 20:28:00,6548.25,6550.0,6547.5,6548.25,198
2026-03-22 20:29:00,6548.0,6549.25,6546.25,6547.75,417
2026-03-22 20:30:00,6548.0,6548.0,6547.0,6548.0,240
2026-03-22 20:31:00,6548.0,6550.0,6546.75,6547.25,345
2026-03-22 20:32:00,6547.25,6547.25,6543.0,6543.5,480
2026-03-22 20:33:00,6543.5,6543.5,6541.0,6541.0,579
2026-03-22 20:34:00,6541.0,6542.0,6537.5,6538.0,503
2026-03-22 20:35:00,6538.5,6540.0,6535.25,6535.75,666
2026-03-22 20:36:00,6535.75,6537.25,6532.75,6532.75,697
2026-03-22 20:37:00,6533.0,6534.75,6531.0,6531.75,650
2026-03-22 20:38:00,6532.0,6533.5,6530.5,6532.0,442
2026-03-22 20:39:00,6532.25,6533.25,6530.5,6531.0,465
2026-03-22 20:40:00,6531.25,6531.25,6528.25,6529.75,580
2026-03-22 20:41:00,6530.0,6532.5,6527.75,6530.0,577
2026-03-22 20:42:00,6530.0,6531.25,6528.5,6529.0,355
2026-03-22 20:43:00,6529.0,6533.0,6529.0,6533.0,492
2026-03-22 20:44:00,6533.0,6536.0,6533.0,6535.25,625
2026-03-22 20:45:00,6534.75,6536.0,6533.5,6535.5,545
2026-03-22 20:46:00,6535.5,6536.5,6532.75,6533.75,517
2026-03-22 20:47:00,6534.0,6536.0,6533.0,6535.5,341
2026-03-22 20:48:00,6535.5,6535.75,6531.5,6532.75,281
2026-03-22 20:49:00,6532.25,6535.75,6530.75,6534.5,329
2026-03-22 20:50:00,6534.5,6537.0,6533.5,6534.0,340
2026-03-22 20:51:00,6534.25,6536.25,6532.0,6532.25,299
2026-03-22 20:52:00,6532.5,6532.5,6527.75,6529.5,650
2026-03-22 20:53:00,6529.75,6530.5,6527.75,6529.25,605
2026-03-22 20:54:00,6529.0,6529.25,6525.5,6526.75,558
2026-03-22 20:55:00,6526.75,6529.25,6525.0,6525.25,836
2026-03-22 20:56:00,6525.25,6528.75,6523.75,6527.5,1003
2026-03-22 20:57:00,6527.25,6528.25,6526.5,6527.5,348
2026-03-22 20:58:00,6527.5,6529.0,6527.5,6528.25,589
2026-03-22 20:59:00,6528.25,6528.25,6525.5,6525.75,331
2026-03-22 21:00:00,6525.75,6529.0,6523.0,6524.5,819
2026-03-22 21:01:00,6524.5,6528.25,6522.25,6526.0,1009
2026-03-22 21:02:00,6525.75,6527.75,6524.0,6525.0,584
2026-03-22 21:03:00,6525.25,6527.25,6524.0,6527.25,584
2026-03-22 21:04:00,6527.0,6531.5,6527.0,6530.0,767
2026-03-22 21:05:00,6529.75,6531.0,6526.5,6530.25,367
2026-03-22 21:06:00,6530.25,6535.5,6530.0,6535.5,547
2026-03-22 21:07:00,6535.5,6537.25,6534.75,6537.25,532
2026-03-22 21:08:00,6537.25,6540.0,6536.75,6537.75,534
2026-03-22 21:09:00,6538.0,6538.0,6534.25,6535.5,366
2026-03-22 21:10:00,6535.0,6536.5,6533.25,6534.75,423
2026-03-22 21:11:00,6534.5,6536.25,6532.5,6535.75,700
2026-03-22 21:12:00,6535.75,6537.75,6534.25,6536.75,260
2026-03-22 21:13:00,6536.5,6538.5,6534.0,6537.5,382
2026-03-22 21:14:00,6537.75,6538.5,6536.75,6537.75,159
2026-03-22 21:15:00,6537.75,6541.0,6536.5,6540.5,504
2026-03-22 21:16:00,6541.0,6543.5,6540.75,6542.5,476
2026-03-22 21:17:00,6542.5,6543.0,6541.25,6542.0,292
2026-03-22 21:18:00,6542.25,6542.5,6540.0,6541.5,405
2026-03-22 21:19:00,6541.75,6544.5,6541.25,6544.5,342
2026-03-22 21:20:00,6544.75,6544.75,6541.5,6543.0,623
2026-03-22 21:21:00,6543.25,6544.0,6542.0,6543.0,294
2026-03-22 21:22:00,6542.75,6546.5,6542.75,6546.0,331
2026-03-22 21:23:00,6545.75,6546.5,6544.75,6546.0,415
2026-03-22 21:24:00,6546.0,6546.5,6544.75,6545.5,156
2026-03-22 21:25:00,6545.25,6545.5,6543.25,6545.5,234
2026-03-22 21:26:00,6545.5,6547.25,6545.0,6546.25,306
2026-03-22 21:27:00,6546.25,6546.25,6545.0,6545.5,201
2026-03-22 21:28:00,6545.5,6546.25,6544.5,6546.0,391
2026-03-22 21:29:00,6546.0,6546.25,6544.0,6544.75,312
2026-03-22 21:30:00,6544.75,6545.75,6541.5,6543.0,407
2026-03-22 21:31:00,6542.75,6549.25,6542.0,6547.75,558
2026-03-22 21:32:00,6547.5,6548.5,6546.0,6546.5,260
2026-03-22 21:33:00,6546.5,6547.75,6545.5,6545.75,350
2026-03-22 21:34:00,6545.75,6546.25,6543.5,6545.75,269
2026-03-22 21:35:00,6545.75,6548.0,6545.0,6547.0,453
2026-03-22 21:36:00,6547.0,6548.75,6544.0,6547.5,426
2026-03-22 21:37:00,6547.5,6551.25,6547.5,6550.75,473
2026-03-22 21:38:00,6550.5,6554.0,6550.5,6552.25,533
2026-03-22 21:39:00,6552.0,6553.0,6550.0,6552.0,388
2026-03-22 21:40:00,6552.0,6553.5,6551.25,6551.75,258
2026-03-22 21:41:00,6551.75,6552.5,6550.25,6551.25,351
2026-03-22 21:42:00,6551.25,6551.25,6549.25,6550.5,365
2026-03-22 21:43:00,6550.0,6551.25,6550.0,6550.5,259
2026-03-22 21:44:00,6550.75,6552.5,6550.0,6552.5,276
2026-03-22 21:45:00,6552.5,6552.5,6550.25,6550.75,160
2026-03-22 21:46:00,6550.5,6554.0,6550.0,6553.75,353
2026-03-22 21:47:00,6553.75,6554.0,6549.5,6550.25,315
2026-03-22 21:48:00,6550.25,6550.5,6548.75,6549.0,243
2026-03-22 21:49:00,6549.25,6550.5,6548.0,6549.0,298
2026-03-22 21:50:00,6549.25,6549.5,6547.75,6548.25,307
2026-03-22 21:51:00,6548.5,6551.5,6548.5,6549.25,379
2026-03-22 21:52:00,6549.75,6549.75,6546.75,6547.5,306
2026-03-22 21:53:00,6547.25,6550.5,6546.75,6549.5,388
2026-03-22 21:54:00,6549.75,6550.0,6548.5,6549.25,182
2026-03-22 21:55:00,6549.25,6551.5,6549.25,6551.0,171
2026-03-22 21:56:00,6551.0,6552.5,6550.0,6551.75,251
2026-03-22 21:57:00,6551.75,6551.75,6548.5,6549.0,156
2026-03-22 21:58:00,6549.0,6551.0,6549.0,6549.25,227
2026-03-22 21:59:00,6549.0,6549.75,6548.5,6549.25,157
2026-03-22 22:00:00,6549.5,6550.0,6548.0,6549.75,157
2026-03-22 22:01:00,6549.5,6551.75,6549.0,6551.75,254
2026-03-22 22:02:00,6551.5,6552.25,6549.75,6550.5,173
2026-03-22 22:03:00,6550.25,6550.75,6548.5,6549.5,188
2026-03-22 22:04:00,6549.25,6550.75,6548.5,6550.25,122
2026-03-22 22:05:00,6550.5,6551.25,6549.0,6549.75,124
2026-03-22 22:06:00,6550.0,6552.0,6549.75,6551.75,178
2026-03-22 22:07:00,6551.75,6553.5,6551.25,6553.25,259
2026-03-22 22:08:00,6552.75,6553.75,6552.25,6553.25,269
2026-03-22 22:09:00,6553.25,6554.0,6551.5,6553.0,229
2026-03-22 22:10:00,6553.0,6554.0,6551.25,6552.75,175
2026-03-22 22:11:00,6552.75,6552.75,6550.75,6550.75,119
2026-03-22 22:12:00,6551.25,6551.25,6547.75,6548.0,307
2026-03-22 22:13:00,6547.5,6547.75,6545.0,6545.75,359
2026-03-22 22:14:00,6546.0,6547.0,6545.25,6546.25,232
2026-03-22 22:15:00,6546.5,6546.75,6544.0,6544.75,363
2026-03-22 22:16:00,6544.75,6550.5,6543.75,6549.0,333
2026-03-22 22:17:00,6549.25,6549.5,6546.25,6546.75,369
2026-03-22 22:18:00,6546.75,6549.0,6546.25,6548.75,175
2026-03-22 22:19:00,6548.5,6549.25,6546.5,6547.75,208
2026-03-22 22:20:00,6548.0,6550.25,6547.25,6549.75,266
2026-03-22 22:21:00,6549.5,6552.0,6548.75,6551.25,320
2026-03-22 22:22:00,6551.0,6551.25,6549.0,6549.5,189
2026-03-22 22:23:00,6549.5,6550.25,6549.0,6549.5,164
2026-03-22 22:24:00,6549.25,6550.25,6548.5,6549.5,210
2026-03-22 22:25:00,6549.0,6551.0,6549.0,6551.0,208
2026-03-22 22:26:00,6550.5,6554.25,6550.25,6552.75,363
2026-03-22 22:27:00,6553.0,6553.25,6549.75,6550.25,179
2026-03-22 22:28:00,6550.5,6550.5,6547.5,6547.75,283
2026-03-22 22:29:00,6548.25,6549.5,6547.5,6549.0,215
2026-03-22 22:30:00,6548.5,6549.0,6547.75,6548.5,217
2026-03-22 22:31:00,6548.25,6549.0,6546.5,6547.75,373
2026-03-22 22:32:00,6547.75,6548.75,6546.75,6547.0,199
2026-03-22 22:33:00,6547.25,6547.25,6546.0,6546.5,200
2026-03-22 22:34:00,6546.5,6547.0,6545.5,6545.75,120
2026-03-22 22:35:00,6545.75,6546.5,6545.0,6545.25,209
2026-03-22 22:36:00,6545.25,6546.5,6545.0,6545.0,181
2026-03-22 22:37:00,6544.75,6544.75,6542.5,6543.0,384
2026-03-22 22:38:00,6543.0,6543.25,6542.0,6543.0,155
2026-03-22 22:39:00,6543.25,6543.75,6541.75,6542.0,167
2026-03-22 22:40:00,6542.0,6543.5,6542.0,6543.0,124
2026-03-22 22:41:00,6542.75,6544.25,6540.75,6543.25,442
2026-03-22 22:42:00,6543.5,6545.25,6543.5,6544.5,212
2026-03-22 22:43:00,6544.75,6545.25,6542.75,6543.0,221
2026-03-22 22:44:00,6543.25,6543.5,6541.25,6541.75,142
2026-03-22 22:45:00,6541.5,6542.25,6540.5,6541.5,162
2026-03-22 22:46:00,6541.25,6541.25,6539.5,6539.75,345
2026-03-22 22:47:00,6540.0,6541.25,6539.0,6539.75,221
2026-03-22 22:48:00,6540.0,6540.25,6537.5,6538.0,273
2026-03-22 22:49:00,6538.0,6539.25,6538.0,6538.25,126
2026-03-22 22:50:00,6538.0,6539.5,6538.0,6538.0,220
2026-03-22 22:51:00,6538.0,6538.75,6537.5,6538.0,177
2026-03-22 22:52:00,6537.75,6538.75,6537.5,6538.0,139
2026-03-22 22:53:00,6537.5,6538.0,6535.5,6536.75,250
2026-03-22 22:54:00,6536.5,6538.5,6536.25,6537.75,175
2026-03-22 22:55:00,6538.0,6538.5,6537.5,6538.25,98
2026-03-22 22:56:00,6538.5,6540.0,6538.25,6539.0,211
2026-03-22 22:57:00,6539.0,6539.75,6538.75,6539.0,124
2026-03-22 22:58:00,6539.0,6541.5,6539.0,6540.75,246
2026-03-22 22:59:00,6540.75,6541.25,6540.25,6540.25,160
2026-03-22 23:00:00,6540.25,6543.0,6540.25,6542.75,288
2026-03-22 23:01:00,6542.5,6543.5,6540.5,6543.5,173
2026-03-22 23:02:00,6543.5,6544.5,6543.0,6544.5,145
2026-03-22 23:03:00,6544.25,6544.5,6542.5,6543.25,138
2026-03-22 23:04:00,6543.25,6543.75,6542.5,6543.5,68
2026-03-22 23:05:00,6543.25,6543.5,6540.5,6540.5,108
2026-03-22 23:06:00,6540.75,6542.25,6540.75,6541.25,129
2026-03-22 23:07:00,6541.25,6543.0,6540.75,6542.5,148
2026-03-22 23:08:00,6542.5,6542.5,6539.5,6539.75,152
2026-03-22 23:09:00,6539.75,6540.25,6539.25,6539.25,109
2026-03-22 23:10:00,6539.25,6540.25,6539.25,6539.25,134
2026-03-22 23:11:00,6539.0,6539.5,6537.75,6537.75,194
2026-03-22 23:12:00,6538.0,6538.0,6533.5,6534.5,427
2026-03-22 23:13:00,6534.5,6535.5,6534.0,6535.0,344
2026-03-22 23:14:00,6534.75,6534.75,6532.75,6533.25,436
2026-03-22 23:15:00,6533.25,6533.75,6532.0,6532.5,292
2026-03-22 23:16:00,6532.25,6535.5,6532.25,6534.25,394
2026-03-22 23:17:00,6534.0,6535.0,6533.5,6534.25,268
2026-03-22 23:18:00,6534.0,6534.25,6531.25,6532.0,500
2026-03-22 23:19:00,6532.0,6534.0,6532.0,6533.75,286
2026-03-22 23:20:00,6533.5,6536.25,6533.5,6535.75,235
2026-03-22 23:21:00,6535.25,6536.75,6535.25,6535.5,212
2026-03-22 23:22:00,6535.5,6536.5,6535.5,6536.0,143
2026-03-22 23:23:00,6536.0,6536.0,6534.0,6534.75,161
2026-03-22 23:24:00,6534.75,6535.5,6533.25,6534.25,165
2026-03-22 23:25:00,6534.25,6535.75,6534.0,6534.75,154
2026-03-22 23:26:00,6534.75,6537.5,6534.75,6537.0,270
2026-03-22 23:27:00,6537.0,6537.25,6534.75,6534.75,241
2026-03-22 23:28:00,6534.75,6535.25,6534.25,6534.75,108
2026-03-22 23:29:00,6534.5,6535.25,6534.25,6535.25,67
2026-03-22 23:30:00,6535.0,6535.75,6533.0,6533.5,166
2026-03-22 23:31:00,6533.75,6535.75,6533.75,6535.75,207
2026-03-22 23:32:00,6535.5,6535.5,6534.0,6534.5,125
2026-03-22 23:33:00,6534.25,6534.5,6532.0,6532.75,190
2026-03-22 23:34:00,6532.5,6536.25,6532.5,6536.25,223
2026-03-22 23:35:00,6536.0,6536.25,6533.75,6534.75,191
2026-03-22 23:36:00,6534.75,6534.75,6533.0,6534.0,108
2026-03-22 23:37:00,6533.75,6535.25,6533.5,6534.25,100
2026-03-22 23:38:00,6534.0,6534.75,6533.75,6534.75,93
2026-03-22 23:39:00,6534.75,6535.25,6533.0,6533.25,240
2026-03-22 23:40:00,6533.5,6534.5,6532.5,6532.5,145
2026-03-22 23:41:00,6532.5,6533.0,6531.5,6531.5,107
2026-03-22 23:42:00,6531.5,6531.75,6529.25,6530.75,362
2026-03-22 23:43:00,6530.5,6531.5,6529.75,6530.0,173
2026-03-22 23:44:00,6529.75,6533.0,6529.25,6532.25,258
2026-03-22 23:45:00,6532.5,6532.75,6529.75,6530.5,124
2026-03-22 23:46:00,6530.5,6533.5,6530.5,6531.75,268
2026-03-22 23:47:00,6531.75,6532.25,6530.75,6530.75,74
2026-03-22 23:48:00,6531.0,6531.5,6529.0,6529.75,142
2026-03-22 23:49:00,6530.0,6530.0,6528.5,6529.0,108
2026-03-22 23:50:00,6529.0,6529.25,6526.75,6527.75,311
2026-03-22 23:51:00,6527.75,6530.0,6527.75,6529.5,174
2026-03-22 23:52:00,6529.5,6529.75,6528.5,6528.75,119
2026-03-22 23:53:00,6528.75,6529.0,6526.75,6528.0,138
2026-03-22 23:54:00,6528.0,6528.0,6526.25,6526.75,127
2026-03-22 23:55:00,6526.75,6526.75,6525.0,6525.25,231
2026-03-22 23:56:00,6525.25,6526.75,6525.0,6525.25,246
2026-03-22 23:57:00,6525.5,6525.75,6524.5,6524.75,219
2026-03-22 23:58:00,6524.5,6525.0,6524.0,6524.75,200
2026-03-22 23:59:00,6524.75,6525.5,6524.0,6524.5,215
2026-03-23 00:00:00,6524.75,6528.0,6524.5,6527.5,414
2026-03-23 00:01:00,6527.75,6528.5,6525.5,6525.5,245
2026-03-23 00:02:00,6525.75,6526.25,6523.75,6524.0,135
2026-03-23 00:03:00,6524.25,6524.5,6523.5,6523.75,168
2026-03-23 00:04:00,6523.75,6525.0,6523.25,6524.75,145
2026-03-23 00:05:00,6524.75,6526.0,6524.25,6525.5,120
2026-03-23 00:06:00,6525.25,6528.0,6525.25,6527.5,327
2026-03-23 00:07:00,6527.5,6528.5,6526.0,6526.5,217
2026-03-23 00:08:00,6526.25,6527.0,6525.5,6526.75,115
2026-03-23 00:09:00,6526.5,6527.5,6525.75,6526.25,135
2026-03-23 00:10:00,6526.25,6527.0,6526.0,6526.25,102
2026-03-23 00:11:00,6526.25,6527.75,6525.75,6527.25,109
2026-03-23 00:12:00,6527.0,6527.25,6526.0,6526.75,115
2026-03-23 00:13:00,6527.0,6529.25,6527.0,6527.75,205
2026-03-23 00:14:00,6528.0,6528.25,6526.75,6528.0,93
2026-03-23 00:15:00,6528.0,6528.75,6527.5,6528.75,85
2026-03-23 00:16:00,6528.5,6531.0,6528.5,6531.0,223
2026-03-23 00:17:00,6530.75,6531.75,6530.0,6531.25,202
2026-03-23 00:18:00,6531.5,6531.5,6529.0,6529.5,161
2026-03-23 00:19:00,6529.5,6530.75,6528.5,6530.75,116
2026-03-23 00:20:00,6531.0,6531.0,6528.5,6529.0,130
2026-03-23 00:21:00,6529.0,6531.5,6528.75,6531.5,127
2026-03-23 00:22:00,6531.5,6532.0,6531.0,6531.5,109
2026-03-23 00:23:00,6531.5,6531.5,6530.0,6530.0,90
2026-03-23 00:24:00,6530.25,6531.75,6530.0,6531.5,72
2026-03-23 00:25:00,6531.5,6532.0,6531.25,6531.5,64
2026-03-23 00:26:00,6531.5,6534.0,6531.5,6534.0,222
2026-03-23 00:27:00,6533.75,6534.75,6531.75,6532.0,230
2026-03-23 00:28:00,6532.25,6533.75,6532.0,6532.25,148
2026-03-23 00:29:00,6532.5,6533.0,6531.75,6533.0,120
2026-03-23 00:30:00,6533.0,6533.25,6532.0,6532.75,117
2026-03-23 00:31:00,6532.75,6534.25,6532.75,6533.5,126
2026-03-23 00:32:00,6533.75,6534.0,6533.0,6534.0,51
2026-03-23 00:33:00,6534.0,6534.0,6532.75,6533.25,72
2026-03-23 00:34:00,6533.25,6534.25,6532.75,6534.0,80
2026-03-23 00:35:00,6534.0,6534.5,6533.75,6534.5,56
2026-03-23 00:36:00,6534.5,6535.25,6534.25,6535.25,105
2026-03-23 00:37:00,6535.5,6536.0,6535.25,6535.25,142
2026-03-23 00:38:00,6535.25,6536.25,6535.0,6536.0,99
2026-03-23 00:39:00,6536.25,6536.5,6535.25,6535.75,104
2026-03-23 00:40:00,6536.0,6536.0,6534.5,6534.75,130
2026-03-23 00:41:00,6534.75,6536.0,6534.75,6535.5,62
2026-03-23 00:42:00,6535.5,6535.5,6534.0,6534.5,72
2026-03-23 00:43:00,6534.5,6534.5,6533.25,6534.0,106
2026-03-23 00:44:00,6533.75,6533.75,6532.0,6532.25,171
2026-03-23 00:45:00,6532.25,6533.0,6532.25,6532.5,57
2026-03-23 00:46:00,6532.5,6533.25,6532.0,6532.25,144
2026-03-23 00:47:00,6532.25,6535.25,6532.25,6534.0,142
2026-03-23 00:48:00,6534.25,6534.5,6533.0,6533.25,51
2026-03-23 00:49:00,6533.25,6533.25,6531.0,6531.5,133
2026-03-23 00:50:00,6531.25,6532.5,6531.0,6531.0,103
2026-03-23 00:51:00,6531.25,6532.25,6531.0,6532.25,76
2026-03-23 00:52:00,6532.25,6533.0,6531.5,6532.75,96
2026-03-23 00:53:00,6533.0,6533.0,6531.75,6532.25,65
2026-03-23 00:54:00,6532.0,6533.0,6531.75,6532.5,91
2026-03-23 00:55:00,6532.5,6534.5,6532.25,6532.75,90
2026-03-23 00:56:00,6533.0,6536.75,6533.0,6535.5,232
2026-03-23 00:57:00,6535.5,6536.25,6534.75,6536.0,113
2026-03-23 00:58:00,6536.0,6536.5,6535.5,6535.5,91
2026-03-23 00:59:00,6535.5,6535.5,6534.0,6534.75,104
2026-03-23 01:00:00,6534.75,6536.75,6534.0,6535.5,175
2026-03-23 01:01:00,6535.75,6536.5,6535.5,6536.5,68
2026-03-23 01:02:00,6536.75,6537.25,6536.25,6536.5,103
2026-03-23 01:03:00,6536.75,6539.0,6536.5,6539.0,274
2026-03-23 01:04:00,6538.5,6539.25,6536.25,6536.25,198
2026-03-23 01:05:00,6536.25,6539.75,6536.25,6539.75,119
2026-03-23 01:06:00,6539.75,6542.0,6538.5,6541.75,226
2026-03-23 01:07:00,6541.75,6542.5,6541.25,6541.75,147
2026-03-23 01:08:00,6541.75,6541.75,6538.5,6538.5,206
2026-03-23 01:09:00,6538.5,6539.5,6537.0,6537.0,105
2026-03-23 01:10:00,6537.25,6537.25,6536.0,6536.25,103
2026-03-23 01:11:00,6536.5,6537.5,6536.0,6536.5,137
2026-03-23 01:12:00,6536.5,6538.75,6536.5,6538.0,126
2026-03-23 01:13:00,6538.25,6539.5,6538.0,6539.25,67
2026-03-23 01:14:00,6539.5,6539.5,6538.25,6538.75,71
2026-03-23 01:15:00,6539.0,6540.75,6538.75,6540.25,113
2026-03-23 01:16:00,6540.5,6541.0,6540.25,6541.0,86
2026-03-23 01:17:00,6541.0,6541.0,6539.75,6539.75,73
2026-03-23 01:18:00,6540.0,6540.75,6538.5,6538.5,307
2026-03-23 01:19:00,6538.5,6539.25,6538.0,6538.75,144
2026-03-23 01:20:00,6538.75,6538.75,6534.5,6535.5,459
2026-03-23 01:21:00,6535.75,6536.5,6535.25,6536.0,95
2026-03-23 01:22:00,6536.0,6537.25,6533.75,6534.0,221
2026-03-23 01:23:00,6534.0,6534.75,6532.75,6533.75,124
2026-03-23 01:24:00,6533.75,6534.0,6532.0,6532.25,87
2026-03-23 01:25:00,6532.5,6533.25,6531.75,6532.0,116
2026-03-23 01:26:00,6532.25,6534.0,6531.5,6533.5,263
2026-03-23 01:27:00,6533.75,6534.0,6532.0,6533.0,103
2026-03-23 01:28:00,6532.75,6534.0,6532.5,6534.0,94
2026-03-23 01:29:00,6533.75,6534.25,6533.0,6533.25,97
2026-03-23 01:30:00,6533.5,6533.75,6526.5,6528.25,620
2026-03-23 01:31:00,6528.25,6530.0,6527.0,6527.25,256
2026-03-23 01:32:00,6527.25,6528.0,6524.25,6525.0,443
2026-03-23 01:33:00,6524.75,6524.75,6522.5,6524.25,594
2026-03-23 01:34:00,6524.0,6528.5,6524.0,6527.5,262
2026-03-23 01:35:00,6527.5,6528.25,6526.75,6528.0,152
2026-03-23 01:36:00,6528.0,6532.0,6527.25,6532.0,319
2026-03-23 01:37:00,6531.75,6536.25,6531.5,6535.5,360
2026-03-23 01:38:00,6535.5,6536.0,6532.25,6533.5,253
2026-03-23 01:39:00,6533.25,6533.5,6531.75,6533.25,187
2026-03-23 01:40:00,6533.25,6533.5,6530.25,6531.25,179
2026-03-23 01:41:00,6531.5,6532.75,6530.25,6532.75,135
2026-03-23 01:42:00,6532.5,6532.75,6529.5,6529.75,137
2026-03-23 01:43:00,6529.5,6530.5,6529.25,6530.0,133
2026-03-23 01:44:00,6529.75,6530.0,6527.25,6528.25,112
2026-03-23 01:45:00,6528.0,6528.5,6526.5,6527.0,143
2026-03-23 01:46:00,6527.25,6527.25,6525.0,6526.0,169
2026-03-23 01:47:00,6526.0,6526.75,6525.0,6525.0,113
2026-03-23 01:48:00,6524.75,6524.75,6523.75,6524.25,209
2026-03-23 01:49:00,6524.0,6525.0,6523.5,6523.5,123
2026-03-23 01:50:00,6523.25,6524.75,6523.25,6524.0,172
2026-03-23 01:51:00,6523.75,6526.25,6523.0,6525.5,351
2026-03-23 01:52:00,6525.75,6525.75,6520.5,6521.5,666
2026-03-23 01:53:00,6521.75,6523.5,6520.25,6523.0,239
2026-03-23 01:54:00,6523.25,6524.75,6523.25,6524.0,106
2026-03-23 01:55:00,6524.0,6527.5,6523.75,6527.0,198
2026-03-23 01:56:00,6526.75,6530.5,6526.75,6530.5,389
2026-03-23 01:57:00,6530.5,6531.0,6529.75,6530.5,271
2026-03-23 01:58:00,6530.0,6530.25,6527.75,6528.5,331
2026-03-23 01:59:00,6528.5,6531.0,6528.5,6530.0,141
2026-03-23 02:00:00,6529.75,6530.75,6526.0,6526.5,339
2026-03-23 02:01:00,6526.25,6528.0,6526.25,6527.25,184
2026-03-23 02:02:00,6527.5,6528.75,6525.75,6526.75,201
2026-03-23 02:03:00,6527.25,6527.5,6525.5,6526.75,151
2026-03-23 02:04:00,6526.75,6527.5,6525.0,6526.0,221
2026-03-23 02:05:00,6525.75,6525.75,6522.5,6523.0,314
2026-03-23 02:06:00,6523.25,6525.5,6523.0,6524.25,223
2026-03-23 02:07:00,6524.5,6526.0,6524.5,6525.75,136
2026-03-23 02:08:00,6526.0,6526.0,6524.0,6524.5,159
2026-03-23 02:09:00,6524.5,6526.0,6524.0,6525.25,158
2026-03-23 02:10:00,6525.25,6526.75,6524.25,6524.5,177
2026-03-23 02:11:00,6524.5,6526.5,6524.25,6526.5,105
2026-03-23 02:12:00,6526.75,6526.75,6523.0,6523.75,202
2026-03-23 02:13:00,6523.5,6523.5,6518.5,6518.75,546
2026-03-23 02:14:00,6519.0,6522.75,6518.75,6522.5,322
2026-03-23 02:15:00,6522.5,6525.5,6521.75,6524.0,360
2026-03-23 02:16:00,6524.25,6524.5,6521.25,6522.0,140
2026-03-23 02:17:00,6522.25,6523.0,6520.25,6520.25,121
2026-03-23 02:18:00,6520.5,6523.5,6519.75,6521.0,160
2026-03-23 02:19:00,6521.25,6522.25,6519.75,6521.75,149
2026-03-23 02:20:00,6521.75,6521.75,6519.75,6520.25,172
2026-03-23 02:21:00,6520.25,6524.75,6520.25,6523.25,242
2026-03-23 02:22:00,6523.5,6524.0,6521.75,6522.0,131
2026-03-23 02:23:00,6522.0,6523.0,6521.0,6521.25,239
2026-03-23 02:24:00,6521.25,6523.0,6520.5,6522.25,161
2026-03-23 02:25:00,6522.25,6524.0,6521.75,6522.5,126
2026-03-23 02:26:00,6522.25,6522.25,6519.25,6519.75,255
2026-03-23 02:27:00,6519.75,6520.5,6519.5,6520.5,141
2026-03-23 02:28:00,6520.25,6521.5,6519.25,6521.0,180
2026-03-23 02:29:00,6521.0,6522.5,6518.25,6519.25,284
2026-03-23 02:30:00,6519.5,6519.75,6515.5,6516.0,590
2026-03-23 02:31:00,6515.75,6519.5,6515.5,6519.0,343
2026-03-23 02:32:00,6519.0,6519.5,6517.25,6518.75,288
2026-03-23 02:33:00,6518.75,6520.25,6516.75,6517.0,286
2026-03-23 02:34:00,6517.0,6518.75,6516.0,6516.0,289
2026-03-23 02:35:00,6515.75,6518.25,6515.5,6517.25,307
2026-03-23 02:36:00,6517.0,6517.0,6513.5,6514.0,548
2026-03-23 02:37:00,6514.25,6515.0,6513.0,6513.25,499
2026-03-23 02:38:00,6513.0,6515.0,6512.0,6514.5,624
2026-03-23 02:39:00,6514.75,6515.0,6512.75,6513.75,159
2026-03-23 02:40:00,6513.75,6516.75,6513.0,6515.5,325
2026-03-23 02:41:00,6515.5,6516.25,6515.0,6515.5,149
2026-03-23 02:42:00,6515.75,6515.75,6509.75,6510.0,702
2026-03-23 02:43:00,6509.75,6510.0,6507.5,6508.75,473
2026-03-23 02:44:00,6508.75,6509.25,6507.0,6507.0,400
2026-03-23 02:45:00,6507.0,6508.75,6506.5,6508.25,740
2026-03-23 02:46:00,6508.25,6508.5,6506.5,6508.0,224
2026-03-23 02:47:00,6508.0,6509.0,6507.5,6507.5,277
2026-03-23 02:48:00,6507.75,6507.75,6506.25,6507.25,204
2026-03-23 02:49:00,6507.25,6509.0,6507.0,6508.75,224
2026-03-23 02:50:00,6508.75,6509.5,6508.25,6509.0,165
2026-03-23 02:51:00,6508.5,6510.5,6508.25,6509.5,288
2026-03-23 02:52:00,6509.75,6510.0,6509.0,6509.5,214
2026-03-23 02:53:00,6510.0,6511.25,6506.5,6507.5,359
2026-03-23 02:54:00,6507.5,6508.0,6506.75,6508.0,134
2026-03-23 02:55:00,6507.75,6507.75,6503.0,6504.0,1144
2026-03-23 02:56:00,6504.0,6504.25,6496.75,6498.75,1851
2026-03-23 02:57:00,6498.75,6499.25,6497.25,6497.5,597
2026-03-23 02:58:00,6497.75,6501.5,6497.25,6501.25,568
2026-03-23 02:59:00,6501.5,6504.25,6501.5,6503.75,266
2026-03-23 03:00:00,6504.0,6504.75,6502.0,6503.25,442
2026-03-23 03:01:00,6503.5,6503.75,6500.25,6502.75,273
2026-03-23 03:02:00,6502.75,6502.75,6498.75,6500.0,361
2026-03-23 03:03:00,6499.75,6504.25,6499.75,6502.5,434
2026-03-23 03:04:00,6502.5,6506.5,6502.5,6505.5,371
2026-03-23 03:05:00,6505.5,6508.25,6505.25,6507.75,343
2026-03-23 03:06:00,6508.0,6509.5,6506.0,6508.5,639
2026-03-23 03:07:00,6508.25,6515.0,6508.25,6513.5,614
2026-03-23 03:08:00,6513.75,6514.25,6511.0,6512.5,412
2026-03-23 03:09:00,6512.5,6512.75,6510.0,6511.0,330
2026-03-23 03:10:00,6511.0,6514.5,6510.75,6513.5,284
2026-03-23 03:11:00,6513.75,6517.75,6513.25,6516.75,444
2026-03-23 03:12:00,6516.75,6516.75,6513.5,6513.75,427
2026-03-23 03:13:00,6513.75,6514.0,6510.75,6511.0,307
2026-03-23 03:14:00,6511.25,6513.75,6511.25,6512.75,259
2026-03-23 03:15:00,6512.5,6513.25,6508.25,6509.25,459
2026-03-23 03:16:00,6509.0,6509.75,6507.0,6508.0,285
2026-03-23 03:17:00,6508.25,6511.25,6508.25,6509.75,241
2026-03-23 03:18:00,6509.75,6510.25,6507.5,6508.25,306
2026-03-23 03:19:00,6508.5,6509.25,6507.5,6508.25,457
2026-03-23 03:20:00,6508.25,6508.25,6503.25,6504.5,584
2026-03-23 03:21:00,6504.25,6505.75,6503.25,6504.5,336
2026-03-23 03:22:00,6504.5,6504.75,6496.0,6496.5,943
2026-03-23 03:23:00,6496.5,6496.75,6491.25,6494.0,1208
2026-03-23 03:24:00,6494.0,6495.0,6489.25,6489.25,1022
2026-03-23 03:25:00,6489.5,6491.0,6487.5,6490.75,1011
2026-03-23 03:26:00,6490.75,6493.0,6490.0,6491.25,634
2026-03-23 03:27:00,6491.25,6495.0,6489.75,6491.5,750
2026-03-23 03:28:00,6491.75,6492.0,6483.5,6490.25,2520
2026-03-23 03:29:00,6490.5,6491.25,6488.0,6490.25,825
2026-03-23 03:30:00,6490.25,6494.5,6488.5,6493.0,620
2026-03-23 03:31:00,6493.5,6497.0,6492.25,6496.5,632
2026-03-23 03:32:00,6496.5,6496.75,6491.25,6492.25,299
2026-03-23 03:33:00,6492.5,6492.5,6490.0,6490.75,316
2026-03-23 03:34:00,6491.0,6493.25,6490.25,6490.25,387
2026-03-23 03:35:00,6490.0,6491.0,6487.5,6490.25,472
2026-03-23 03:36:00,6490.0,6493.5,6489.25,6491.5,432
2026-03-23 03:37:00,6491.5,6492.75,6491.0,6492.0,351
2026-03-23 03:38:00,6492.25,6495.5,6492.0,6495.0,399
2026-03-23 03:39:00,6495.75,6496.75,6491.0,6491.25,469
2026-03-23 03:40:00,6491.25,6492.25,6490.0,6490.25,249
2026-03-23 03:41:00,6490.5,6491.25,6489.25,6491.0,242
2026-03-23 03:42:00,6491.0,6491.75,6489.25,6489.5,246
2026-03-23 03:43:00,6489.25,6494.25,6489.25,6491.75,360
2026-03-23 03:44:00,6491.75,6497.25,6491.75,6496.75,388
2026-03-23 03:45:00,6496.75,6502.25,6496.5,6502.0,693
2026-03-23 03:46:00,6501.75,6505.25,6501.5,6504.0,624
2026-03-23 03:47:00,6504.25,6504.75,6501.5,6504.0,363
2026-03-23 03:48:00,6504.0,6506.75,6502.75,6505.25,297
2026-03-23 03:49:00,6505.25,6505.5,6501.75,6502.25,328
2026-03-23 03:50:00,6502.5,6502.5,6499.0,6499.5,363
2026-03-23 03:51:00,6499.5,6501.25,6498.5,6500.75,454
2026-03-23 03:52:00,6500.75,6500.75,6497.75,6498.25,337
2026-03-23 03:53:00,6498.0,6498.0,6495.0,6495.75,383
2026-03-23 03:54:00,6496.0,6497.75,6495.75,6497.0,271
2026-03-23 03:55:00,6496.75,6497.0,6494.25,6496.75,269
2026-03-23 03:56:00,6497.0,6501.0,6496.0,6499.0,843
2026-03-23 03:57:00,6499.25,6500.75,6494.25,6495.25,456
2026-03-23 03:58:00,6495.25,6496.75,6494.0,6495.5,342
2026-03-23 03:59:00,6495.25,6498.5,6495.25,6497.75,549
2026-03-23 04:00:00,6497.5,6507.5,6497.25,6505.0,1329
2026-03-23 04:01:00,6505.25,6505.25,6501.0,6501.75,509
2026-03-23 04:02:00,6502.0,6507.75,6500.25,6507.0,563
2026-03-23 04:03:00,6507.0,6508.0,6502.0,6506.0,675
2026-03-23 04:04:00,6505.5,6507.25,6502.75,6505.5,680
2026-03-23 04:05:00,6505.75,6509.5,6503.75,6505.75,818
2026-03-23 04:06:00,6505.75,6509.5,6503.75,6508.5,713
2026-03-23 04:07:00,6508.75,6511.75,6508.5,6510.0,775
2026-03-23 04:08:00,6509.75,6511.0,6507.75,6508.5,394
2026-03-23 04:09:00,6508.5,6508.5,6506.0,6507.25,615
2026-03-23 04:10:00,6507.5,6508.5,6505.0,6505.75,673
2026-03-23 04:11:00,6505.5,6508.5,6503.5,6508.5,635
2026-03-23 04:12:00,6508.5,6512.5,6508.5,6509.25,661
2026-03-23 04:13:00,6509.0,6512.0,6507.25,6510.5,548
2026-03-23 04:14:00,6510.75,6516.0,6510.75,6514.0,969
2026-03-23 04:15:00,6514.0,6515.25,6511.5,6514.0,756
2026-03-23 04:16:00,6513.75,6514.5,6510.25,6510.75,781
2026-03-23 04:17:00,6510.75,6510.75,6508.5,6509.75,439
2026-03-23 04:18:00,6509.75,6512.5,6508.5,6509.0,456
2026-03-23 04:19:00,6508.75,6512.5,6507.25,6512.0,518
2026-03-23 04:20:00,6512.0,6514.5,6510.75,6513.25,424
2026-03-23 04:21:00,6513.25,6513.5,6509.0,6510.5,306
2026-03-23 04:22:00,6510.75,6515.5,6509.0,6515.5,627
2026-03-23 04:23:00,6515.5,6516.25,6511.25,6512.75,483
2026-03-23 04:24:00,6512.75,6514.5,6510.25,6510.5,414
2026-03-23 04:25:00,6510.25,6512.5,6509.0,6511.25,419
2026-03-23 04:26:00,6511.25,6514.0,6510.25,6512.75,422
2026-03-23 04:27:00,6513.0,6514.25,6511.0,6513.75,379
2026-03-23 04:28:00,6514.0,6514.0,6509.0,6511.5,554
2026-03-23 04:29:00,6511.75,6512.5,6508.5,6509.0,525
2026-03-23 04:30:00,6508.75,6512.75,6508.0,6511.75,472
2026-03-23 04:31:00,6511.75,6518.25,6510.5,6516.75,737
2026-03-23 04:32:00,6516.75,6522.25,6515.75,6519.5,1215
2026-03-23 04:33:00,6519.75,6521.25,6518.0,6519.25,675
2026-03-23 04:34:00,6519.0,6520.25,6517.0,6518.25,450
2026-03-23 04:35:00,6518.25,6518.5,6515.0,6515.5,619
2026-03-23 04:36:00,6515.5,6519.25,6515.0,6518.0,468
2026-03-23 04:37:00,6517.75,6518.5,6514.75,6517.5,466
2026-03-23 04:38:00,6517.5,6517.75,6514.0,6514.5,298
2026-03-23 04:39:00,6514.25,6517.5,6514.25,6516.5,403
2026-03-23 04:40:00,6516.5,6521.25,6516.5,6519.75,598
2026-03-23 04:41:00,6520.0,6520.0,6517.75,6519.0,397
2026-03-23 04:42:00,6519.25,6521.75,6516.0,6516.0,743
2026-03-23 04:43:00,6516.0,6518.25,6514.25,6514.25,631
2026-03-23 04:44:00,6514.25,6517.5,6514.0,6515.25,453
2026-03-23 04:45:00,6515.5,6518.0,6515.0,6517.5,361
2026-03-23 04:46:00,6517.5,6521.5,6516.0,6519.25,546
2026-03-23 04:47:00,6519.0,6524.0,6519.0,6523.25,958
2026-03-23 04:48:00,6523.25,6524.25,6522.25,6523.0,512
2026-03-23 04:49:00,6523.25,6524.0,6519.5,6519.75,1097
2026-03-23 04:50:00,6519.5,6521.0,6518.25,6519.75,441
2026-03-23 04:51:00,6519.75,6522.5,6518.75,6521.75,442
2026-03-23 04:52:00,6521.5,6522.0,6520.0,6520.75,475
2026-03-23 04:53:00,6520.5,6522.75,6519.5,6522.75,391
2026-03-23 04:54:00,6522.75,6524.75,6520.0,6520.25,869
2026-03-23 04:55:00,6520.25,6520.5,6515.0,6515.25,617
2026-03-23 04:56:00,6515.5,6518.0,6514.25,6517.0,460
2026-03-23 04:57:00,6517.0,6521.75,6516.75,6521.0,656
2026-03-23 04:58:00,6520.75,6521.25,6519.75,6521.0,352
2026-03-23 04:59:00,6520.75,6522.0,6518.0,6518.75,347
2026-03-23 05:00:00,6519.0,6520.0,6517.0,6517.0,468
2026-03-23 05:01:00,6516.75,6517.25,6513.25,6513.75,837
2026-03-23 05:02:00,6514.0,6514.0,6510.25,6511.5,841
2026-03-23 05:03:00,6511.75,6512.75,6509.0,6510.75,1319
2026-03-23 05:04:00,6510.75,6516.75,6510.5,6514.25,866
2026-03-23 05:05:00,6514.5,6515.5,6513.5,6514.5,372
2026-03-23 05:06:00,6514.5,6519.0,6514.0,6518.0,447
2026-03-23 05:07:00,6518.5,6522.5,6518.25,6522.0,477
2026-03-23 05:08:00,6522.0,6522.0,6518.0,6518.0,482
2026-03-23 05:09:00,6518.0,6520.5,6516.5,6520.25,382
2026-03-23 05:10:00,6519.75,6522.25,6519.0,6520.0,595
2026-03-23 05:11:00,6520.0,6521.5,6518.0,6521.0,237
2026-03-23 05:12:00,6521.0,6522.25,6518.75,6520.75,435
2026-03-23 05:13:00,6520.5,6520.75,6517.75,6519.5,322
2026-03-23 05:14:00,6519.75,6521.25,6518.75,6519.5,291
2026-03-23 05:15:00,6519.5,6520.5,6517.75,6518.25,215
2026-03-23 05:16:00,6518.25,6521.5,6517.5,6521.25,350
2026-03-23 05:17:00,6521.0,6523.5,6520.0,6520.0,466
2026-03-23 05:18:00,6520.25,6520.25,6516.75,6518.5,252
2026-03-23 05:19:00,6518.5,6520.0,6518.0,6519.0,229
2026-03-23 05:20:00,6519.0,6523.0,6519.0,6522.0,506
2026-03-23 05:21:00,6522.25,6527.0,6520.25,6527.0,791
2026-03-23 05:22:00,6526.75,6527.25,6524.5,6526.25,469
2026-03-23 05:23:00,6526.0,6526.5,6523.5,6524.0,396
2026-03-23 05:24:00,6523.75,6523.75,6517.25,6518.0,520
2026-03-23 05:25:00,6518.0,6518.0,6514.0,6516.25,633
2026-03-23 05:26:00,6516.25,6518.75,6515.0,6518.0,436
2026-03-23 05:27:00,6517.5,6520.0,6516.5,6519.0,369
2026-03-23 05:28:00,6519.0,6520.25,6518.0,6518.75,440
2026-03-23 05:29:00,6518.5,6518.75,6517.0,6518.5,224
2026-03-23 05:30:00,6518.5,6518.75,6515.75,6516.5,461
2026-03-23 05:31:00,6516.25,6516.25,6512.0,6515.0,413
2026-03-23 05:32:00,6515.25,6515.5,6512.25,6513.5,342
2026-03-23 05:33:00,6513.5,6513.5,6508.75,6508.75,377
2026-03-23 05:34:00,6508.5,6508.5,6504.75,6505.0,771
2026-03-23 05:35:00,6504.75,6505.75,6501.25,6501.75,838
2026-03-23 05:36:00,6501.75,6502.5,6500.0,6500.25,1101
2026-03-23 05:37:00,6500.25,6501.0,6498.75,6499.75,787
2026-03-23 05:38:00,6499.75,6503.25,6499.75,6502.0,620
2026-03-23 05:39:00,6502.0,6507.0,6502.0,6503.5,607
2026-03-23 05:40:00,6503.75,6505.75,6502.5,6504.25,382
2026-03-23 05:41:00,6504.0,6507.25,6503.75,6507.0,343
2026-03-23 05:42:00,6507.0,6508.25,6503.75,6503.75,347
2026-03-23 05:43:00,6504.25,6504.75,6502.25,6503.0,406
2026-03-23 05:44:00,6503.25,6505.0,6502.25,6505.0,443
2026-03-23 05:45:00,6504.75,6506.25,6503.5,6504.5,358
2026-03-23 05:46:00,6504.75,6507.5,6504.0,6507.0,290
2026-03-23 05:47:00,6507.0,6508.75,6507.0,6507.75,377
2026-03-23 05:48:00,6507.75,6510.0,6505.75,6505.75,405
2026-03-23 05:49:00,6505.75,6506.5,6503.5,6505.25,582
2026-03-23 05:50:00,6505.25,6507.5,6504.0,6504.75,390
2026-03-23 05:51:00,6504.75,6504.75,6502.75,6503.75,487
2026-03-23 05:52:00,6503.75,6504.25,6501.25,6503.5,437
2026-03-23 05:53:00,6503.5,6506.25,6503.0,6504.0,281
2026-03-23 05:54:00,6503.75,6503.75,6501.75,6502.0,289
2026-03-23 05:55:00,6502.25,6503.5,6501.5,6502.0,240
2026-03-23 05:56:00,6502.0,6504.0,6501.25,6503.0,371
2026-03-23 05:57:00,6503.0,6503.5,6501.5,6502.75,311
2026-03-23 05:58:00,6502.75,6504.5,6502.5,6503.5,311
2026-03-23 05:59:00,6503.25,6508.0,6503.25,6506.25,532
2026-03-23 06:00:00,6506.0,6509.0,6505.25,6505.75,492
2026-03-23 06:01:00,6505.75,6506.5,6504.0,6505.75,456
2026-03-23 06:02:00,6505.75,6511.0,6505.25,6510.5,458
2026-03-23 06:03:00,6510.25,6510.25,6504.75,6506.75,562
2026-03-23 06:04:00,6506.75,6510.75,6506.75,6509.25,395
2026-03-23 06:05:00,6509.5,6510.0,6507.0,6509.5,479
2026-03-23 06:06:00,6509.5,6510.0,6507.75,6508.75,255
2026-03-23 06:07:00,6508.25,6509.5,6505.75,6508.5,369
2026-03-23 06:08:00,6508.75,6510.0,6507.75,6509.75,366
2026-03-23 06:09:00,6509.75,6517.0,6509.75,6513.75,832
2026-03-23 06:10:00,6513.5,6515.5,6513.0,6514.25,268
2026-03-23 06:11:00,6514.5,6516.0,6512.0,6516.0,364
2026-03-23 06:12:00,6515.75,6516.5,6513.0,6513.5,322
2026-03-23 06:13:00,6513.0,6513.5,6509.75,6510.0,266
2026-03-23 06:14:00,6510.25,6511.0,6508.0,6508.75,562
2026-03-23 06:15:00,6509.25,6509.25,6506.5,6506.75,360
2026-03-23 06:16:00,6506.75,6507.5,6503.25,6506.75,553
2026-03-23 06:17:00,6507.0,6508.75,6505.0,6508.5,378
2026-03-23 06:18:00,6508.5,6511.5,6506.75,6509.5,375
2026-03-23 06:19:00,6509.25,6510.75,6506.5,6506.75,465
2026-03-23 06:20:00,6506.5,6507.0,6502.75,6503.0,582
2026-03-23 06:21:00,6502.75,6503.75,6500.25,6500.75,429
2026-03-23 06:22:00,6501.0,6502.0,6499.5,6499.75,472
2026-03-23 06:23:00,6499.75,6501.0,6498.5,6498.75,387
2026-03-23 06:24:00,6498.75,6501.5,6498.75,6499.75,346
2026-03-23 06:25:00,6500.0,6501.0,6498.0,6500.75,312
2026-03-23 06:26:00,6501.0,6502.75,6498.25,6501.75,377
2026-03-23 06:27:00,6502.0,6502.0,6498.0,6499.5,380
2026-03-23 06:28:00,6499.5,6499.5,6497.0,6498.25,583
2026-03-23 06:29:00,6498.25,6500.75,6498.0,6498.75,276
2026-03-23 06:30:00,6498.5,6499.25,6497.75,6498.0,288
2026-03-23 06:31:00,6498.25,6502.5,6497.5,6501.25,422
2026-03-23 06:32:00,6501.5,6504.5,6501.25,6504.0,380
2026-03-23 06:33:00,6504.0,6504.75,6502.75,6502.75,334
2026-03-23 06:34:00,6502.75,6504.0,6501.0,6502.75,432
2026-03-23 06:35:00,6502.75,6505.75,6502.25,6505.75,319
2026-03-23 06:36:00,6505.75,6507.75,6504.75,6507.25,397
2026-03-23 06:37:00,6507.0,6507.5,6503.75,6503.75,407
2026-03-23 06:38:00,6504.0,6505.25,6501.5,6502.0,472
2026-03-23 06:39:00,6502.0,6502.25,6496.0,6496.75,612
2026-03-23 06:40:00,6496.5,6497.25,6495.25,6496.0,629
2026-03-23 06:41:00,6496.0,6496.75,6494.5,6495.0,737
2026-03-23 06:42:00,6495.5,6499.25,6494.5,6499.0,795
2026-03-23 06:43:00,6499.0,6499.0,6497.0,6497.25,488
2026-03-23 06:44:00,6497.0,6500.25,6495.75,6500.0,526
2026-03-23 06:45:00,6499.75,6499.75,6495.5,6497.0,445
2026-03-23 06:46:00,6497.25,6498.5,6495.5,6497.5,417
2026-03-23 06:47:00,6497.25,6498.25,6495.25,6496.25,362
2026-03-23 06:48:00,6496.5,6497.0,6492.75,6494.0,705
2026-03-23 06:49:00,6494.25,6494.75,6490.0,6494.5,1540
2026-03-23 06:50:00,6494.75,6518.0,6493.5,6509.5,4505
2026-03-23 06:51:00,6509.75,6510.0,6502.25,6503.75,1458
2026-03-23 06:52:00,6504.0,6504.25,6501.5,6503.5,912
2026-03-23 06:53:00,6503.25,6505.0,6499.75,6504.25,738
2026-03-23 06:54:00,6504.5,6505.5,6502.75,6503.0,395
2026-03-23 06:55:00,6503.25,6504.0,6500.5,6501.0,354
2026-03-23 06:56:00,6501.25,6504.0,6499.5,6502.25,548
2026-03-23 06:57:00,6502.0,6504.25,6501.5,6504.25,604
2026-03-23 06:58:00,6504.25,6506.25,6503.75,6504.5,544
2026-03-23 06:59:00,6504.25,6507.5,6504.25,6506.75,576
2026-03-23 07:00:00,6506.75,6512.75,6506.75,6512.0,1004
2026-03-23 07:01:00,6511.75,6512.25,6509.25,6511.75,520
2026-03-23 07:02:00,6511.25,6511.5,6508.75,6509.75,466
2026-03-23 07:03:00,6509.75,6510.0,6506.0,6509.0,650
2026-03-23 07:04:00,6509.25,6511.75,6509.0,6510.5,488
2026-03-23 07:05:00,6510.5,6648.5,6509.75,6629.0,13541
2026-03-23 07:06:00,6628.0,6685.25,6628.0,6685.25,8755
2026-03-23 07:07:00,6680.25,6724.75,6674.75,6702.75,7618
2026-03-23 07:08:00,6703.5,6705.5,6666.25,6697.5,5893
2026-03-23 07:09:00,6697.25,6731.0,6695.75,6725.25,5393
2026-03-23 07:10:00,6725.5,6745.0,6720.75,6726.5,6665
2026-03-23 07:11:00,6726.5,6742.25,6715.5,6716.75,5084
2026-03-23 07:12:00,6716.75,6721.5,6687.5,6707.5,4934
2026-03-23 07:13:00,6708.0,6734.25,6705.75,6729.0,6418
2026-03-23 07:14:00,6728.75,6748.0,6728.25,6738.25,6301
2026-03-23 07:15:00,6738.25,6742.25,6719.0,6723.0,4841
2026-03-23 07:16:00,6722.75,6725.25,6702.0,6702.5,3811
2026-03-23 07:17:00,6702.75,6721.0,6702.5,6714.25,5410
2026-03-23 07:18:00,6714.0,6719.0,6701.75,6706.5,5191
2026-03-23 07:19:00,6706.5,6707.5,6698.75,6702.75,4818
2026-03-23 07:20:00,6703.5,6707.0,6681.75,6683.0,5617
2026-03-23 07:21:00,6683.25,6690.0,6670.5,6690.0,6659
2026-03-23 07:22:00,6689.75,6698.75,6679.0,6697.5,7329
2026-03-23 07:23:00,6697.25,6697.5,6678.5,6682.0,4775
2026-03-23 07:24:00,6682.25,6683.25,6660.5,6679.75,4624
2026-03-23 07:25:00,6680.0,6690.5,6678.75,6686.5,3538
2026-03-23 07:26:00,6686.75,6689.5,6679.25,6680.5,1942
2026-03-23 07:27:00,6680.5,6685.75,6669.75,6671.75,3523
2026-03-23 07:28:00,6671.25,6674.5,6655.25,6670.0,4697
2026-03-23 07:29:00,6669.5,6678.5,6662.5,6676.0,3823
2026-03-23 07:30:00,6676.0,6696.25,6674.5,6696.0,3326
2026-03-23 07:31:00,6695.5,6704.75,6695.5,6699.5,3894
2026-03-23 07:32:00,6699.5,6702.5,6695.75,6702.5,2954
2026-03-23 07:33:00,6702.75,6721.75,6701.75,6718.75,4711
2026-03-23 07:34:00,6718.5,6727.25,6715.25,6721.75,3184
2026-03-23 07:35:00,6721.5,6724.0,6716.25,6717.5,2848
2026-03-23 07:36:00,6717.25,6717.5,6697.75,6700.75,3614
2026-03-23 07:37:00,6700.5,6708.0,6695.0,6700.5,2828
2026-03-23 07:38:00,6700.0,6700.5,6691.75,6696.75,1766
2026-03-23 07:39:00,6696.25,6702.75,6693.5,6695.25,2187
2026-03-23 07:40:00,6695.0,6697.25,6685.75,6686.5,1658
2026-03-23 07:41:00,6686.75,6687.75,6682.0,6684.75,1154
2026-03-23 07:42:00,6684.75,6684.75,6671.0,6677.25,2233
2026-03-23 07:43:00,6677.25,6687.0,6673.25,6681.0,2777
2026-03-23 07:44:00,6681.0,6685.5,6666.25,6670.75,2259
2026-03-23 07:45:00,6671.25,6676.75,6663.25,6670.25,1588
2026-03-23 07:46:00,6669.75,6670.75,6642.0,6644.75,4759
2026-03-23 07:47:00,6645.0,6660.5,6640.0,6656.0,5154
2026-03-23 07:48:00,6656.0,6665.25,6652.5,6663.5,2561
2026-03-23 07:49:00,6663.0,6667.0,6654.75,6665.75,2384
2026-03-23 07:50:00,6665.75,6666.5,6647.5,6653.5,2546
2026-03-23 07:51:00,6653.75,6654.0,6640.0,6653.0,2504
2026-03-23 07:52:00,6653.25,6657.5,6647.0,6652.75,2008
2026-03-23 07:53:00,6652.5,6660.5,6651.0,6654.5,1708
2026-03-23 07:54:00,6654.0,6662.25,6653.0,6661.25,2337
2026-03-23 07:55:00,6661.0,6661.5,6640.25,6640.75,3415
2026-03-23 07:56:00,6641.0,6642.0,6634.75,6639.5,3167
2026-03-23 07:57:00,6639.5,6645.0,6633.0,6635.75,2102
2026-03-23 07:58:00,6635.75,6643.5,6634.25,6639.0,2251
2026-03-23 07:59:00,6638.75,6641.5,6634.0,6638.75,2184
2026-03-23 08:00:00,6639.0,6642.0,6630.25,6633.25,2123
2026-03-23 08:01:00,6633.0,6636.5,6625.0,6632.75,2339
2026-03-23 08:02:00,6632.5,6639.25,6630.75,6633.0,1641
2026-03-23 08:03:00,6632.75,6647.5,6632.75,6642.0,2725
2026-03-23 08:04:00,6641.75,6650.25,6641.75,6647.25,1515
2026-03-23 08:05:00,6647.5,6650.5,6638.25,6639.75,1246
2026-03-23 08:06:00,6640.0,6647.5,6638.75,6641.25,1346
2026-03-23 08:07:00,6641.0,6642.75,6635.5,6636.25,1293
2026-03-23 08:08:00,6636.25,6647.75,6635.25,6646.75,2125
2026-03-23 08:09:00,6647.0,6659.5,6645.5,6659.0,2701
2026-03-23 08:10:00,6659.25,6661.5,6654.5,6660.5,3136
2026-03-23 08:11:00,6660.5,6661.5,6648.0,6652.25,2217
2026-03-23 08:12:00,6652.25,6655.25,6650.75,6652.5,1746
2026-03-23 08:13:00,6652.25,6655.0,6647.5,6648.75,1567
2026-03-23 08:14:00,6648.0,6651.25,6642.0,6642.0,1173
2026-03-23 08:15:00,6641.5,6649.75,6640.5,6647.5,1659
2026-03-23 08:16:00,6647.75,6657.75,6646.5,6657.0,1460
2026-03-23 08:17:00,6656.75,6664.5,6655.0,6662.75,1610
2026-03-23 08:18:00,6662.75,6663.5,6658.75,6662.5,1006
2026-03-23 08:19:00,6662.5,6673.0,6662.5,6673.0,1843
2026-03-23 08:20:00,6672.5,6674.5,6666.25,6672.25,1525
2026-03-23 08:21:00,6672.5,6674.75,6670.5,6670.75,1371
2026-03-23 08:22:00,6670.75,6672.75,6667.5,6667.75,1180
2026-03-23 08:23:00,6668.0,6672.0,6665.5,6666.75,1083
2026-03-23 08:24:00,6667.5,6670.5,6664.5,6666.25,1153
2026-03-23 08:25:00,6666.0,6670.5,6665.5,6665.5,1098
2026-03-23 08:26:00,6665.25,6668.75,6664.25,6668.0,753
2026-03-23 08:27:00,6668.0,6669.75,6665.75,6668.25,672
2026-03-23 08:28:00,6668.5,6673.0,6668.0,6672.25,2054
2026-03-23 08:29:00,6671.75,6672.5,6665.5,6666.25,1134
2026-03-23 08:30:00,6666.25,6666.25,6655.5,6662.0,2746
2026-03-23 08:31:00,6661.75,6664.25,6656.25,6659.0,1672
2026-03-23 08:32:00,6659.5,6659.75,6652.5,6655.5,1717
2026-03-23 08:33:00,6655.5,6662.25,6653.25,6655.25,1363
2026-03-23 08:34:00,6655.5,6659.0,6654.25,6656.5,835
2026-03-23 08:35:00,6656.0,6658.75,6653.0,6658.25,1100
2026-03-23 08:36:00,6658.0,6663.5,6657.25,6663.25,871
2026-03-23 08:37:00,6663.0,6669.0,6660.75,6660.75,2243
2026-03-23 08:38:00,6660.75,6660.75,6653.5,6656.75,1643
2026-03-23 08:39:00,6656.25,6658.25,6654.25,6656.5,1321
2026-03-23 08:40:00,6657.0,6661.25,6650.5,6654.75,1776
2026-03-23 08:41:00,6655.0,6682.5,6652.75,6665.0,5779
2026-03-23 08:42:00,6665.25,6685.0,6664.5,6683.0,4319
2026-03-23 08:43:00,6682.75,6688.0,6679.5,6686.75,3391
2026-03-23 08:44:00,6686.5,6689.0,6679.0,6687.25,3222
2026-03-23 08:45:00,6687.25,6688.0,6679.0,6681.5,2548
2026-03-23 08:46:00,6681.25,6687.5,6675.75,6687.5,2321
2026-03-23 08:47:00,6687.0,6690.5,6685.0,6688.5,2580
2026-03-23 08:48:00,6688.25,6692.75,6686.75,6690.0,1963
2026-03-23 08:49:00,6690.0,6691.0,6687.75,6689.75,1723
2026-03-23 08:50:00,6689.75,6693.5,6686.25,6689.0,1982
2026-03-23 08:51:00,6689.0,6694.5,6688.25,6692.75,1246
2026-03-23 08:52:00,6692.5,6696.5,6691.5,6696.0,1806
2026-03-23 08:53:00,6695.75,6696.5,6689.0,6692.25,1549
2026-03-23 08:54:00,6692.0,6693.75,6682.5,6686.0,1857
2026-03-23 08:55:00,6686.25,6688.5,6682.25,6684.75,1614
2026-03-23 08:56:00,6684.5,6688.75,6681.0,6684.0,1410
2026-03-23 08:57:00,6684.0,6687.0,6682.5,6684.5,970
2026-03-23 08:58:00,6684.5,6690.5,6682.75,6689.5,967
2026-03-23 08:59:00,6689.75,6691.75,6688.25,6690.75,1345
2026-03-23 09:00:00,6691.0,6697.5,6690.25,6695.5,2700
2026-03-23 09:01:00,6696.0,6698.0,6687.25,6687.5,1600
2026-03-23 09:02:00,6687.75,6688.0,6682.0,6684.75,1923
2026-03-23 09:03:00,6685.0,6687.5,6681.75,6686.75,1208
2026-03-23 09:04:00,6686.75,6688.25,6683.25,6684.0,1022
2026-03-23 09:05:00,6684.0,6684.0,6672.75,6676.5,1816
2026-03-23 09:06:00,6676.5,6679.25,6674.5,6675.5,1024
2026-03-23 09:07:00,6675.5,6678.75,6674.75,6677.25,1091
2026-03-23 09:08:00,6677.0,6682.75,6674.5,6681.5,1317
2026-03-23 09:09:00,6681.75,6685.0,6680.75,6683.75,873
2026-03-23 09:10:00,6683.5,6685.25,6677.5,6679.75,1145
2026-03-23 09:11:00,6679.5,6680.75,6676.5,6678.5,860
2026-03-23 09:12:00,6678.75,6679.0,6674.25,6675.5,1261
2026-03-23 09:13:00,6675.5,6677.75,6672.75,6675.25,1665
2026-03-23 09:14:00,6675.5,6682.5,6674.25,6674.5,1628
2026-03-23 09:15:00,6674.5,6678.5,6674.25,6676.5,899
2026-03-23 09:16:00,6676.75,6680.5,6676.5,6678.0,722
2026-03-23 09:17:00,6678.0,6678.25,6672.75,6676.25,1178
2026-03-23 09:18:00,6676.5,6677.0,6673.75,6676.75,731
2026-03-23 09:19:00,6677.0,6677.5,6671.75,6672.25,844
2026-03-23 09:20:00,6672.25,6676.0,6671.0,6676.0,1291
2026-03-23 09:21:00,6676.0,6677.25,6672.0,6672.5,1155
2026-03-23 09:22:00,6672.75,6672.75,6668.75,6670.25,2028
2026-03-23 09:23:00,6670.0,6672.75,6666.0,6666.0,1892
2026-03-23 09:24:00,6666.25,6671.25,6665.75,6670.5,1503
2026-03-23 09:25:00,6670.5,6670.5,6663.25,6664.5,1905
2026-03-23 09:26:00,6664.25,6667.5,6660.25,6664.0,1645
2026-03-23 09:27:00,6664.25,6667.0,6661.25,6662.75,1452
2026-03-23 09:28:00,6663.0,6666.75,6660.75,6664.5,2403
2026-03-23 09:29:00,6664.5,6665.0,6657.0,6658.25,3913
2026-03-23 09:30:00,6658.0,6662.0,6647.5,6653.25,14465
2026-03-23 09:31:00,6653.0,6657.0,6650.0,6654.5,6386
2026-03-23 09:32:00,6654.5,6657.0,6644.25,6645.25,6209
2026-03-23 09:33:00,6645.5,6651.0,6644.25,6649.75,4329
2026-03-23 09:34:00,6649.5,6649.75,6643.75,6645.5,4302
2026-03-23 09:35:00,6645.5,6648.0,6638.0,6641.0,6368
2026-03-23 09:36:00,6640.75,6651.25,6640.0,6650.0,6708
2026-03-23 09:37:00,6650.0,6659.25,6648.25,6649.75,8082
2026-03-23 09:38:00,6649.75,6658.75,6649.0,6655.75,4820
2026-03-23 09:39:00,6655.75,6661.25,6653.25,6661.0,4239
2026-03-23 09:40:00,6661.0,6662.0,6655.25,6657.25,4404
2026-03-23 09:41:00,6657.25,6664.25,6647.25,6662.0,7075
2026-03-23 09:42:00,6662.0,6674.0,6660.5,6670.5,8388
2026-03-23 09:43:00,6670.75,6672.0,6662.75,6667.25,5560
2026-03-23 09:44:00,6667.25,6671.5,6657.75,6658.0,5205
2026-03-23 09:45:00,6658.25,6663.0,6654.0,6662.5,5712
2026-03-23 09:46:00,6662.5,6663.25,6656.75,6660.25,3669
2026-03-23 09:47:00,6660.5,6662.0,6651.75,6653.5,4122
2026-03-23 09:48:00,6653.5,6662.25,6653.5,6662.25,3738
2026-03-23 09:49:00,6662.5,6668.25,6658.0,6668.0,4366
2026-03-23 09:50:00,6668.25,6673.75,6666.5,6669.75,5312
2026-03-23 09:51:00,6669.75,6672.75,6664.5,6670.75,4808
2026-03-23 09:52:00,6670.5,6677.5,6668.25,6676.75,3970
2026-03-23 09:53:00,6676.5,6679.25,6675.25,6677.75,3417
2026-03-23 09:54:00,6677.75,6678.25,6673.25,6673.25,3924
2026-03-23 09:55:00,6673.25,6674.75,6665.0,6667.25,5783
2026-03-23 09:56:00,6667.25,6671.5,6666.0,6670.75,3534
2026-03-23 09:57:00,6670.75,6676.5,6666.5,6675.25,3299
2026-03-23 09:58:00,6675.25,6679.0,6673.5,6678.5,3522
2026-03-23 09:59:00,6678.5,6680.75,6675.75,6680.25,3085
2026-03-23 10:00:00,6680.0,6682.25,6675.75,6679.0,4988
2026-03-23 10:01:00,6679.25,6682.75,6674.5,6681.75,4947
2026-03-23 10:02:00,6682.0,6685.75,6679.25,6685.0,4573
2026-03-23 10:03:00,6685.0,6685.75,6676.0,6677.25,5069
2026-03-23 10:04:00,6677.0,6678.5,6669.0,6670.5,5392
2026-03-23 10:05:00,6670.5,6673.5,6663.5,6671.75,6054
2026-03-23 10:06:00,6671.75,6674.5,6666.75,6666.75,3732
2026-03-23 10:07:00,6667.0,6676.5,6667.0,6676.25,3465
2026-03-23 10:08:00,6676.25,6677.25,6670.25,6671.5,3783
2026-03-23 10:09:00,6671.75,6676.0,6669.0,6674.5,4400
2026-03-23 10:10:00,6674.5,6676.0,6672.25,6672.25,3743
2026-03-23 10:11:00,6672.25,6680.5,6670.5,6675.5,4822
2026-03-23 10:12:00,6675.5,6679.0,6673.5,6677.25,2996
2026-03-23 10:13:00,6677.0,6682.0,6675.0,6681.5,3542
2026-03-23 10:14:00,6681.5,6683.25,6674.0,6679.5,3405
2026-03-23 10:15:00,6679.25,6685.5,6678.75,6684.75,3555
2026-03-23 10:16:00,6684.75,6685.0,6682.5,6684.25,2597
2026-03-23 10:17:00,6684.25,6687.5,6681.5,6685.75,3661
2026-03-23 10:18:00,6685.75,6690.25,6685.75,6687.75,4290
2026-03-23 10:19:00,6688.0,6690.25,6687.0,6690.0,2206
2026-03-23 10:20:00,6690.0,6690.5,6686.0,6689.75,3090
2026-03-23 10:21:00,6689.75,6694.5,6688.5,6694.0,4210
2026-03-23 10:22:00,6694.25,6697.25,6693.5,6697.0,4039
2026-03-23 10:23:00,6696.75,6700.75,6695.0,6700.5,6242
2026-03-23 10:24:00,6700.5,6701.5,6696.0,6696.5,5032
2026-03-23 10:25:00,6696.5,6697.5,6692.25,6693.75,4239
2026-03-23 10:26:00,6693.75,6695.75,6690.25,6692.0,3861
2026-03-23 10:27:00,6692.0,6692.5,6687.25,6688.5,3951
2026-03-23 10:28:00,6688.5,6689.0,6683.75,6685.25,3895
2026-03-23 10:29:00,6685.5,6689.75,6684.25,6688.0,2973
2026-03-23 10:30:00,6688.25,6688.25,6681.25,6682.0,4255
2026-03-23 10:31:00,6682.0,6685.0,6682.0,6684.0,3117
2026-03-23 10:32:00,6683.75,6687.25,6683.0,6686.75,3259
2026-03-23 10:33:00,6686.5,6691.25,6686.0,6691.25,3458
2026-03-23 10:34:00,6691.25,6691.25,6685.5,6688.0,3828
2026-03-23 10:35:00,6688.0,6692.25,6686.25,6691.5,2781
2026-03-23 10:36:00,6691.25,6692.0,6680.75,6681.5,3767
2026-03-23 10:37:00,6681.5,6684.75,6679.5,6681.25,2692
2026-03-23 10:38:00,6681.25,6685.75,6679.5,6685.0,2563
2026-03-23 10:39:00,6684.75,6685.0,6680.0,6683.25,2690
2026-03-23 10:40:00,6683.0,6684.75,6681.25,6682.25,2229
2026-03-23 10:41:00,6682.25,6682.5,6679.0,6681.25,1958
2026-03-23 10:42:00,6681.5,6686.25,6681.25,6685.25,2379
2026-03-23 10:43:00,6685.5,6686.25,6679.5,6685.5,2831
2026-03-23 10:44:00,6685.75,6686.0,6680.75,6682.0,2581
2026-03-23 10:45:00,6681.75,6684.5,6677.5,6682.5,3343
2026-03-23 10:46:00,6682.75,6689.25,6680.75,6686.0,4080
2026-03-23 10:47:00,6686.25,6696.25,6685.75,6694.25,5928
2026-03-23 10:48:00,6694.5,6694.5,6690.0,6691.5,2989
2026-03-23 10:49:00,6691.5,6692.25,6689.5,6691.5,2339
2026-03-23 10:50:00,6691.5,6691.75,6682.25,6686.0,3226
2026-03-23 10:51:00,6686.0,6688.5,6684.5,6687.5,1984
2026-03-23 10:52:00,6687.25,6692.0,6686.5,6690.5,2766
2026-03-23 10:53:00,6690.25,6691.75,6687.0,6689.25,2569
2026-03-23 10:54:00,6689.25,6691.75,6685.5,6687.25,3039
2026-03-23 10:55:00,6687.25,6689.5,6684.5,6685.0,2787
2026-03-23 10:56:00,6685.25,6690.0,6683.75,6689.5,2492
2026-03-23 10:57:00,6689.25,6690.5,6685.0,6688.0,2097
2026-03-23 10:58:00,6688.25,6690.75,6686.75,6689.25,3339
2026-03-23 10:59:00,6689.25,6692.5,6688.5,6689.0,2658
2026-03-23 11:00:00,6689.0,6693.0,6686.75,6691.75,3967
2026-03-23 11:01:00,6691.75,6696.75,6691.0,6696.5,3666
2026-03-23 11:02:00,6696.5,6703.75,6695.0,6703.0,7424
2026-03-23 11:03:00,6703.25,6704.75,6701.25,6701.5,6311
2026-03-23 11:04:00,6701.75,6703.5,6699.0,6702.5,4566
2026-03-23 11:05:00,6702.5,6703.75,6698.75,6700.25,3873
2026-03-23 11:06:00,6700.25,6702.25,6697.5,6700.25,3235
2026-03-23 11:07:00,6700.25,6702.75,6697.5,6702.5,3306
2026-03-23 11:08:00,6702.5,6704.25,6699.25,6700.5,3028
2026-03-23 11:09:00,6700.75,6703.5,6700.25,6701.0,3019
2026-03-23 11:10:00,6701.0,6704.0,6699.0,6702.5,3777
2026-03-23 11:11:00,6702.5,6704.75,6701.5,6702.75,3044
2026-03-23 11:12:00,6703.0,6703.0,6699.5,6700.5,3016
2026-03-23 11:13:00,6700.5,6702.0,6698.25,6699.5,4122
2026-03-23 11:14:00,6699.5,6700.0,6696.0,6699.0,3061
2026-03-23 11:15:00,6699.0,6700.5,6697.25,6699.0,2600
2026-03-23 11:16:00,6699.25,6699.5,6695.25,6696.75,3065
2026-03-23 11:17:00,6696.75,6697.75,6695.5,6695.75,2810
2026-03-23 11:18:00,6695.75,6697.0,6692.5,6695.25,5435
2026-03-23 11:19:00,6695.5,6695.75,6692.0,6692.75,3395
2026-03-23 11:20:00,6692.75,6693.5,6687.25,6688.25,4077
2026-03-23 11:21:00,6688.25,6692.0,6686.0,6691.75,4533
2026-03-23 11:22:00,6692.0,6697.75,6691.75,6697.0,4935
2026-03-23 11:23:00,6697.0,6699.25,6694.0,6697.75,5228
2026-03-23 11:24:00,6697.75,6699.5,6695.25,6698.0,3008
2026-03-23 11:25:00,6697.75,6698.25,6695.0,6696.75,2909
2026-03-23 11:26:00,6697.0,6697.25,6690.0,6690.5,2512
2026-03-23 11:27:00,6690.5,6691.0,6686.5,6688.0,2841
2026-03-23 11:28:00,6688.0,6688.75,6685.25,6686.75,3801
2026-03-23 11:29:00,6686.75,6688.0,6685.75,6687.25,3545
2026-03-23 11:30:00,6687.0,6691.75,6686.75,6687.0,4480
2026-03-23 11:31:00,6687.0,6689.75,6685.75,6689.0,2814
2026-03-23 11:32:00,6688.75,6690.25,6686.5,6688.5,2052
2026-03-23 11:33:00,6688.5,6688.5,6684.25,6685.75,2742
2026-03-23 11:34:00,6685.75,6687.5,6682.75,6684.5,2223
2026-03-23 11:35:00,6684.5,6684.75,6679.5,6680.75,3656
2026-03-23 11:36:00,6680.75,6683.5,6675.0,6675.25,6500
2026-03-23 11:37:00,6675.5,6677.75,6672.75,6674.0,5876
2026-03-23 11:38:00,6674.25,6677.5,6670.5,6671.75,4560
2026-03-23 11:39:00,6672.0,6673.75,6670.0,6670.75,4312
2026-03-23 11:40:00,6670.25,6673.0,6668.5,6669.25,4087
2026-03-23 11:41:00,6669.5,6675.5,6667.5,6671.0,5129
2026-03-23 11:42:00,6671.0,6671.25,6667.25,6667.5,2942
2026-03-23 11:43:00,6667.5,6669.25,6665.75,6667.5,4177
2026-03-23 11:44:00,6667.75,6672.0,6667.5,6669.75,3458
2026-03-23 11:45:00,6669.75,6670.25,6665.25,6665.5,4263
2026-03-23 11:46:00,6665.75,6665.75,6660.0,6663.0,5564
2026-03-23 11:47:00,6663.0,6665.5,6658.5,6663.25,6086
2026-03-23 11:48:00,6663.25,6666.0,6662.5,6662.75,3386
2026-03-23 11:49:00,6663.0,6668.0,6662.75,6664.75,3597
2026-03-23 11:50:00,6664.75,6667.25,6663.75,6664.75,2738
2026-03-23 11:51:00,6664.75,6667.5,6661.75,6664.75,3230
2026-03-23 11:52:00,6664.5,6666.0,6648.25,6655.5,12615
2026-03-23 11:53:00,6655.75,6658.0,6651.25,6657.25,5708
2026-03-23 11:54:00,6657.25,6657.75,6650.5,6650.5,4779
2026-03-23 11:55:00,6650.5,6651.5,6643.25,6649.5,9558
2026-03-23 11:56:00,6649.5,6650.0,6642.5,6643.5,4909
2026-03-23 11:57:00,6643.75,6646.5,6641.25,6643.75,6142
2026-03-23 11:58:00,6643.5,6645.5,6636.0,6636.5,5605
2026-03-23 11:59:00,6636.5,6639.0,6635.5,6637.25,4896
2026-03-23 12:00:00,6637.25,6643.25,6636.5,6638.75,5508
2026-03-23 12:01:00,6638.75,6644.25,6638.0,6643.25,5484
2026-03-23 12:02:00,6643.0,6648.0,6643.0,6647.5,6377
2026-03-23 12:03:00,6647.5,6649.25,6640.25,6642.5,5184
2026-03-23 12:04:00,6642.5,6645.75,6641.0,6642.25,3390
2026-03-23 12:05:00,6642.25,6645.5,6640.0,6642.75,2830
2026-03-23 12:06:00,6642.5,6644.75,6638.5,6643.5,4028
2026-03-23 12:07:00,6643.5,6648.75,6643.5,6646.75,3502
2026-03-23 12:08:00,6646.75,6651.5,6646.25,6651.25,4310
2026-03-23 12:09:00,6651.25,6651.25,6646.25,6646.5,3562
2026-03-23 12:10:00,6646.5,6647.25,6642.75,6646.0,3353
2026-03-23 12:11:00,6646.25,6649.5,6646.0,6647.75,2520
2026-03-23 12:12:00,6648.0,6653.75,6647.25,6649.0,4205
2026-03-23 12:13:00,6649.0,6650.25,6645.75,6647.5,3005
2026-03-23 12:14:00,6647.25,6649.0,6645.25,6648.25,2302
2026-03-23 12:15:00,6648.0,6649.75,6644.25,6644.25,1902
2026-03-23 12:16:00,6644.25,6645.75,6641.25,6643.75,3039
2026-03-23 12:17:00,6643.75,6644.25,6637.5,6638.25,3112
2026-03-23 12:18:00,6638.5,6640.25,6635.75,6638.5,3417
2026-03-23 12:19:00,6638.5,6639.5,6636.75,6637.5,1907
2026-03-23 12:20:00,6637.75,6640.25,6632.5,6633.5,3198
2026-03-23 12:21:00,6633.5,6639.0,6633.25,6636.5,2958
2026-03-23 12:22:00,6636.5,6639.5,6633.0,6633.5,2945
2026-03-23 12:23:00,6633.5,6638.0,6630.75,6632.5,5225
2026-03-23 12:24:00,6632.75,6635.75,6632.25,6633.75,2192
2026-03-23 12:25:00,6633.5,6633.75,6625.5,6629.75,6074
2026-03-23 12:26:00,6629.75,6633.5,6627.25,6628.25,4068
2026-03-23 12:27:00,6628.25,6629.0,6626.25,6627.5,2976
2026-03-23 12:28:00,6627.75,6631.0,6626.25,6629.75,3425
2026-03-23 12:29:00,6629.5,6629.5,6616.0,6618.0,11408
2026-03-23 12:30:00,6617.75,6622.5,6616.75,6619.5,6251
2026-03-23 12:31:00,6619.5,6627.25,6618.25,6626.75,4325
2026-03-23 12:32:00,6626.75,6631.5,6625.25,6626.25,5384
2026-03-23 12:33:00,6626.25,6629.0,6625.5,6627.0,2758
2026-03-23 12:34:00,6627.25,6633.5,6626.75,6633.0,5520
2026-03-23 12:35:00,6633.0,6639.0,6632.25,6635.5,5590
2026-03-23 12:36:00,6635.75,6636.25,6634.25,6635.25,2560
2026-03-23 12:37:00,6635.25,6639.25,6635.0,6636.25,4245
2026-03-23 12:38:00,6636.25,6637.5,6633.5,6633.5,2705
2026-03-23 12:39:00,6633.75,6634.0,6630.0,6631.75,3067
2026-03-23 12:40:00,6631.5,6636.75,6631.25,6635.0,2374
2026-03-23 12:41:00,6635.0,6636.75,6633.25,6636.25,1571
2026-03-23 12:42:00,6636.25,6636.75,6632.75,6636.25,1665
2026-03-23 12:43:00,6636.0,6637.25,6633.5,6635.0,2157
2026-03-23 12:44:00,6635.0,6639.25,6631.5,6637.75,4840
2026-03-23 12:45:00,6637.75,6644.5,6634.25,6643.0,4211
2026-03-23 12:46:00,6642.75,6643.0,6635.0,6638.0,3451
2026-03-23 12:47:00,6638.25,6640.5,6635.5,6638.5,3289
2026-03-23 12:48:00,6638.5,6639.75,6635.75,6639.0,2014
2026-03-23 12:49:00,6639.0,6642.25,6638.0,6640.25,2092
2026-03-23 12:50:00,6640.25,6644.75,6639.25,6639.25,2910
2026-03-23 12:51:00,6639.5,6639.75,6633.25,6634.25,3613
2026-03-23 12:52:00,6634.25,6638.25,6632.5,6635.0,2262
2026-03-23 12:53:00,6635.0,6638.75,6633.75,6637.75,2117
2026-03-23 12:54:00,6637.5,6638.75,6633.25,6636.0,1937
2026-03-23 12:55:00,6636.0,6638.25,6634.5,6635.5,2185
2026-03-23 12:56:00,6635.75,6637.25,6633.25,6635.0,1334
2026-03-23 12:57:00,6635.0,6636.75,6627.75,6631.0,3075
2026-03-23 12:58:00,6631.0,6633.75,6627.5,6633.5,2077
2026-03-23 12:59:00,6633.25,6634.0,6631.5,6632.75,1705
2026-03-23 13:00:00,6632.75,6638.5,6632.75,6635.5,3309
2026-03-23 13:01:00,6635.25,6637.25,6632.0,6635.0,1915
2026-03-23 13:02:00,6635.0,6636.5,6628.25,6629.75,1785
2026-03-23 13:03:00,6629.75,6631.5,6628.5,6630.75,2299
2026-03-23 13:04:00,6630.75,6632.75,6626.75,6627.5,1881
2026-03-23 13:05:00,6627.75,6630.25,6625.75,6628.0,2390
2026-03-23 13:06:00,6628.25,6629.25,6625.5,6628.0,1859
2026-03-23 13:07:00,6628.0,6633.75,6628.0,6632.75,2145
2026-03-23 13:08:00,6633.0,6635.5,6629.75,6634.5,1974
2026-03-23 13:09:00,6634.5,6639.5,6634.25,6638.0,2496
2026-03-23 13:10:00,6638.25,6639.0,6634.5,6635.75,1943
2026-03-23 13:11:00,6635.75,6639.25,6634.75,6637.25,1790
2026-03-23 13:12:00,6637.25,6639.0,6636.0,6637.0,1534
2026-03-23 13:13:00,6637.0,6638.5,6635.75,6637.5,1314
2026-03-23 13:14:00,6637.75,6637.75,6629.75,6630.25,2471
2026-03-23 13:15:00,6630.25,6631.75,6628.75,6630.0,1844
2026-03-23 13:16:00,6629.75,6629.75,6623.25,6627.5,2889
2026-03-23 13:17:00,6627.75,6632.75,6626.0,6630.25,1980
2026-03-23 13:18:00,6630.5,6632.25,6628.25,6629.25,1537
2026-03-23 13:19:00,6629.25,6630.25,6628.0,6628.5,1016
2026-03-23 13:20:00,6628.5,6629.0,6620.0,6620.75,2372
2026-03-23 13:21:00,6621.0,6624.25,6620.0,6622.75,3129
2026-03-23 13:22:00,6623.0,6627.5,6622.25,6624.75,2136
2026-03-23 13:23:00,6624.75,6626.75,6622.75,6626.5,1724
2026-03-23 13:24:00,6626.25,6626.75,6624.0,6624.5,1077
2026-03-23 13:25:00,6624.5,6633.25,6623.5,6629.5,2748
2026-03-23 13:26:00,6629.75,6632.25,6628.5,6631.75,1507
2026-03-23 13:27:00,6631.5,6633.0,6628.75,6630.75,1822
2026-03-23 13:28:00,6630.5,6632.75,6628.75,6629.25,1944
2026-03-23 13:29:00,6629.5,6632.5,6629.5,6629.75,1279
2026-03-23 13:30:00,6629.75,6636.5,6629.25,6632.5,2170
2026-03-23 13:31:00,6632.75,6635.75,6632.75,6635.5,1385
2026-03-23 13:32:00,6635.5,6636.0,6632.0,6633.25,1585
2026-03-23 13:33:00,6633.25,6648.75,6632.5,6645.75,6456
2026-03-23 13:34:00,6646.0,6648.75,6642.5,6647.75,3171
2026-03-23 13:35:00,6648.0,6656.75,6647.75,6655.25,5992
2026-03-23 13:36:00,6655.5,6658.5,6653.75,6657.25,4255
2026-03-23 13:37:00,6657.25,6659.75,6656.0,6656.0,4051
2026-03-23 13:38:00,6656.0,6657.0,6652.75,6653.25,3264
2026-03-23 13:39:00,6653.25,6656.0,6651.75,6655.5,3575
2026-03-23 13:40:00,6655.25,6655.75,6651.5,6654.0,2589
2026-03-23 13:41:00,6654.0,6654.25,6649.0,6649.5,2846
2026-03-23 13:42:00,6649.75,6653.0,6648.75,6649.0,2729
2026-03-23 13:43:00,6649.0,6650.75,6641.25,6644.0,6483
2026-03-23 13:44:00,6644.25,6646.5,6643.0,6644.75,1933
2026-03-23 13:45:00,6645.0,6646.75,6642.0,6643.5,1813
2026-03-23 13:46:00,6643.5,6644.75,6641.5,6643.5,1482
2026-03-23 13:47:00,6643.75,6643.75,6640.0,6643.0,1959
2026-03-23 13:48:00,6643.0,6645.5,6642.25,6645.0,1605
2026-03-23 13:49:00,6645.25,6645.25,6642.75,6644.5,839
2026-03-23 13:50:00,6644.25,6648.0,6642.75,6647.0,2053
2026-03-23 13:51:00,6647.25,6649.25,6646.0,6648.0,1188
2026-03-23 13:52:00,6648.0,6650.0,6646.75,6648.0,1975
2026-03-23 13:53:00,6648.0,6651.5,6647.5,6649.5,2056
2026-03-23 13:54:00,6649.5,6652.0,6649.25,6651.25,1964
2026-03-23 13:55:00,6651.25,6653.75,6648.75,6653.5,1890
2026-03-23 13:56:00,6653.5,6655.75,6653.0,6655.0,1822
2026-03-23 13:57:00,6655.0,6656.25,6653.0,6655.5,1187
2026-03-23 13:58:00,6655.75,6658.0,6655.25,6657.25,1613
2026-03-23 13:59:00,6657.5,6660.25,6655.0,6658.0,3382
2026-03-23 14:00:00,6658.0,6658.75,6656.0,6656.75,2350
2026-03-23 14:01:00,6656.75,6657.75,6655.0,6656.0,1782
2026-03-23 14:02:00,6656.0,6658.0,6654.5,6656.25,1590
2026-03-23 14:03:00,6656.25,6658.75,6655.75,6658.5,1338
2026-03-23 14:04:00,6658.5,6660.75,6657.0,6659.0,2793
2026-03-23 14:05:00,6659.0,6660.0,6656.5,6657.75,1609
2026-03-23 14:06:00,6658.0,6658.5,6654.25,6655.0,1738
2026-03-23 14:07:00,6655.25,6656.75,6642.5,6644.5,8676
2026-03-23 14:08:00,6644.5,6653.0,6643.75,6651.75,2952
2026-03-23 14:09:00,6651.75,6654.0,6649.75,6651.75,1277
2026-03-23 14:10:00,6651.5,6657.75,6651.5,6654.75,2219
2026-03-23 14:11:00,6654.75,6658.0,6653.0,6657.25,1605
2026-03-23 14:12:00,6657.5,6657.5,6653.0,6653.5,1301
2026-03-23 14:13:00,6653.5,6657.25,6652.5,6655.5,1945
2026-03-23 14:14:00,6655.25,6657.0,6653.0,6653.5,1712
2026-03-23 14:15:00,6653.75,6655.25,6652.0,6655.0,1438
2026-03-23 14:16:00,6655.25,6655.25,6648.75,6649.0,2288
2026-03-23 14:17:00,6649.0,6651.0,6647.5,6650.5,1299
2026-03-23 14:18:00,6650.25,6653.75,6649.5,6652.75,1313
2026-03-23 14:19:00,6653.0,6653.75,6650.25,6651.25,1402
2026-03-23 14:20:00,6651.25,6652.5,6650.25,6651.0,1265
2026-03-23 14:21:00,6651.25,6652.5,6650.0,6652.25,1666
2026-03-23 14:22:00,6652.5,6652.5,6648.5,6649.25,1943
2026-03-23 14:23:00,6649.0,6652.25,6649.0,6651.5,1928
2026-03-23 14:24:00,6651.25,6652.75,6651.0,6652.5,1543
2026-03-23 14:25:00,6652.5,6656.25,6651.75,6653.5,2193
2026-03-23 14:26:00,6653.5,6653.75,6651.0,6653.5,1443
2026-03-23 14:27:00,6653.25,6655.25,6651.75,6652.25,1848
2026-03-23 14:28:00,6652.25,6654.25,6650.25,6652.25,1431
2026-03-23 14:29:00,6652.0,6652.0,6649.5,6651.0,1366
2026-03-23 14:30:00,6651.25,6657.75,6651.25,6656.0,2971
2026-03-23 14:31:00,6655.75,6657.75,6654.25,6656.0,1932
2026-03-23 14:32:00,6655.75,6656.5,6653.5,6656.5,1137
2026-03-23 14:33:00,6656.25,6664.25,6656.0,6662.75,4230
2026-03-23 14:34:00,6663.0,6666.5,6661.0,6666.25,3439
2026-03-23 14:35:00,6665.75,6671.75,6665.75,6667.25,6314
2026-03-23 14:36:00,6667.25,6671.75,6667.0,6670.5,4081
2026-03-23 14:37:00,6670.75,6674.25,6670.5,6672.25,3387
2026-03-23 14:38:00,6672.0,6672.75,6670.25,6672.0,3312
2026-03-23 14:39:00,6672.0,6672.0,6661.5,6667.5,7795
2026-03-23 14:40:00,6667.5,6669.25,6665.5,6666.25,2390
2026-03-23 14:41:00,6666.25,6666.25,6662.25,6664.0,3152
2026-03-23 14:42:00,6663.75,6666.75,6663.25,6665.75,2869
2026-03-23 14:43:00,6666.0,6668.25,6665.0,6666.25,1454
2026-03-23 14:44:00,6666.5,6667.0,6663.75,6665.25,2184
2026-03-23 14:45:00,6665.25,6667.5,6662.75,6666.75,2385
2026-03-23 14:46:00,6667.0,6668.25,6666.5,6667.5,1249
2026-03-23 14:47:00,6667.75,6668.25,6665.5,6668.0,1076
2026-03-23 14:48:00,6668.0,6669.0,6666.5,6667.5,1403
2026-03-23 14:49:00,6667.5,6670.5,6666.5,6669.25,3206
2026-03-23 14:50:00,6669.25,6670.25,6664.75,6665.25,1600
2026-03-23 14:51:00,6665.25,6667.75,6663.5,6667.25,1506
2026-03-23 14:52:00,6667.25,6667.25,6665.0,6665.25,1028
2026-03-23 14:53:00,6665.5,6666.75,6663.75,6666.0,1251
2026-03-23 14:54:00,6666.0,6667.0,6664.25,6666.25,1547
2026-03-23 14:55:00,6666.5,6667.75,6665.25,6666.0,1320
2026-03-23 14:56:00,6666.25,6667.75,6665.5,6665.5,1250
2026-03-23 14:57:00,6665.5,6666.25,6664.0,6666.25,1068
2026-03-23 14:58:00,6666.0,6668.75,6665.5,6668.25,1576
2026-03-23 14:59:00,6668.5,6669.25,6666.75,6667.0,1785
2026-03-23 15:00:00,6667.25,6667.75,6662.75,6663.75,1731
2026-03-23 15:01:00,6663.75,6664.0,6662.0,6663.75,1586
2026-03-23 15:02:00,6664.0,6665.25,6663.25,6665.0,1085
2026-03-23 15:03:00,6665.0,6665.75,6661.5,6662.5,1250
2026-03-23 15:04:00,6662.75,6664.75,6662.0,6663.5,1258
2026-03-23 15:05:00,6663.5,6664.25,6662.5,6663.25,1202
2026-03-23 15:06:00,6663.25,6665.25,6662.75,6663.0,1198
2026-03-23 15:07:00,6663.25,6664.25,6661.75,6662.5,1378
2026-03-23 15:08:00,6662.75,6663.75,6661.0,6663.5,1456
2026-03-23 15:09:00,6663.5,6665.75,6662.5,6664.25,1426
2026-03-23 15:10:00,6664.5,6665.25,6660.5,6661.5,1267
2026-03-23 15:11:00,6661.5,6662.5,6660.75,6661.25,996
2026-03-23 15:12:00,6661.25,6662.0,6659.0,6660.0,1711
2026-03-23 15:13:00,6660.25,6661.0,6659.0,6659.5,1675
2026-03-23 15:14:00,6659.75,6661.0,6658.25,6658.75,1590
2026-03-23 15:15:00,6659.0,6661.0,6656.75,6657.25,2463
2026-03-23 15:16:00,6657.5,6657.75,6653.0,6654.0,2392
2026-03-23 15:17:00,6654.0,6657.5,6653.75,6655.0,1722
2026-03-23 15:18:00,6655.25,6655.5,6654.0,6654.25,1180
2026-03-23 15:19:00,6654.5,6656.25,6653.5,6656.0,1727
2026-03-23 15:20:00,6656.0,6657.0,6652.5,6654.25,1771
2026-03-23 15:21:00,6654.25,6655.5,6652.0,6653.5,2081
2026-03-23 15:22:00,6653.5,6653.75,6652.0,6652.75,1704
2026-03-23 15:23:00,6653.0,6654.5,6651.5,6652.75,1822
2026-03-23 15:24:00,6652.5,6654.0,6651.5,6652.75,1404
2026-03-23 15:25:00,6653.0,6655.0,6652.0,6652.5,2842
2026-03-23 15:26:00,6652.5,6653.75,6647.75,6650.5,3244
2026-03-23 15:27:00,6650.5,6652.5,6649.75,6650.0,1816
2026-03-23 15:28:00,6650.25,6653.5,6649.75,6652.5,2014
2026-03-23 15:29:00,6652.5,6652.75,6650.0,6650.75,1811
2026-03-23 15:30:00,6650.5,6653.5,6650.25,6651.5,2249
2026-03-23 15:31:00,6651.75,6652.5,6649.75,6650.0,1805
2026-03-23 15:32:00,6650.0,6652.0,6649.5,6650.75,1621
2026-03-23 15:33:00,6650.75,6653.25,6650.75,6652.0,1509
2026-03-23 15:34:00,6652.0,6652.0,6649.5,6651.0,1631
2026-03-23 15:35:00,6651.0,6653.0,6649.0,6649.5,1586
2026-03-23 15:36:00,6649.75,6651.25,6649.25,6650.75,1217
2026-03-23 15:37:00,6650.75,6651.5,6649.5,6651.0,1493
2026-03-23 15:38:00,6650.75,6655.25,6650.25,6654.75,2714
2026-03-23 15:39:00,6654.5,6655.0,6652.75,6653.5,1484
2026-03-23 15:40:00,6653.5,6654.5,6652.75,6654.25,1465
2026-03-23 15:41:00,6654.25,6656.25,6652.0,6652.75,2928
2026-03-23 15:42:00,6652.5,6653.75,6651.5,6652.5,1946
2026-03-23 15:43:00,6652.25,6653.0,6651.5,6652.25,1591
2026-03-23 15:44:00,6652.5,6657.0,6652.25,6656.75,2572
2026-03-23 15:45:00,6656.75,6658.5,6656.0,6658.25,3274
2026-03-23 15:46:00,6658.5,6661.25,6658.25,6660.25,3508
2026-03-23 15:47:00,6660.5,6660.5,6656.0,6656.5,2540
2026-03-23 15:48:00,6656.5,6656.5,6652.5,6655.0,2758
2026-03-23 15:49:00,6655.0,6657.0,6655.0,6655.75,1655
2026-03-23 15:50:00,6655.75,6656.75,6649.0,6651.0,6055
2026-03-23 15:51:00,6651.25,6652.25,6646.75,6647.5,3999
2026-03-23 15:52:00,6647.5,6649.5,6647.5,6649.0,3320
2026-03-23 15:53:00,6648.75,6649.0,6645.5,6648.0,4607
2026-03-23 15:54:00,6648.0,6648.25,6645.25,6645.25,5751
2026-03-23 15:55:00,6645.25,6646.5,6640.25,6641.0,7972
2026-03-23 15:56:00,6641.0,6641.25,6637.0,6637.25,7056
2026-03-23 15:57:00,6637.0,6637.75,6632.5,6635.75,7258
2026-03-23 15:58:00,6635.5,6637.0,6633.0,6633.75,6867
2026-03-23 15:59:00,6633.75,6639.5,6631.25,6631.5,66091
2026-03-23 16:00:00,6631.5,6633.5,6625.0,6625.25,20128
2026-03-23 16:01:00,6625.25,6627.75,6621.0,6623.75,5826
2026-03-23 16:02:00,6623.75,6626.0,6623.5,6624.25,3040
2026-03-23 16:03:00,6624.25,6626.75,6623.25,6625.5,2567
2026-03-23 16:04:00,6625.75,6626.0,6622.0,6622.5,2131
2026-03-23 16:05:00,6622.75,6624.25,6621.75,6624.25,1528
2026-03-23 16:06:00,6624.0,6626.25,6624.0,6626.0,1584
2026-03-23 16:07:00,6626.25,6627.75,6625.5,6627.0,1236
2026-03-23 16:08:00,6627.0,6628.75,6626.25,6628.25,925
2026-03-23 16:09:00,6628.5,6630.0,6628.0,6630.0,1540
2026-03-23 16:10:00,6630.0,6631.0,6629.5,6630.75,1224
2026-03-23 16:11:00,6630.5,6632.25,6629.25,6629.5,1562
2026-03-23 16:12:00,6629.75,6631.25,6629.5,6630.75,757
2026-03-23 16:13:00,6630.75,6632.25,6630.25,6632.0,1053
2026-03-23 16:14:00,6632.0,6634.0,6631.5,6632.25,1297
2026-03-23 16:15:00,6632.25,6635.0,6632.25,6634.75,768
2026-03-23 16:16:00,6634.75,6635.5,6634.0,6634.5,656
2026-03-23 16:17:00,6634.5,6634.75,6632.5,6633.25,559
2026-03-23 16:18:00,6632.5,6633.25,6630.75,6632.25,478
2026-03-23 16:19:00,6632.0,6632.75,6629.75,6630.25,569
2026-03-23 16:20:00,6630.5,6632.25,6630.5,6632.0,590
2026-03-23 16:21:00,6632.0,6634.25,6631.75,6634.0,305
2026-03-23 16:22:00,6634.0,6634.0,6632.25,6633.25,246
2026-03-23 16:23:00,6633.25,6634.75,6633.25,6634.0,202
2026-03-23 16:24:00,6634.0,6634.25,6633.5,6634.0,161
2026-03-23 16:25:00,6633.75,6635.0,6633.5,6635.0,220
2026-03-23 16:26:00,6635.0,6635.5,6633.25,6633.25,482
2026-03-23 16:27:00,6633.5,6634.25,6633.0,6633.75,216
2026-03-23 16:28:00,6634.0,6635.0,6633.5,6633.75,271
2026-03-23 16:29:00,6633.75,6634.5,6633.5,6634.25,423
2026-03-23 16:30:00,6634.25,6634.5,6633.25,6633.25,500
2026-03-23 16:31:00,6633.0,6633.25,6631.75,6632.5,274
2026-03-23 16:32:00,6632.5,6632.5,6631.75,6632.0,245
2026-03-23 16:33:00,6631.75,6633.0,6631.5,6632.5,224
2026-03-23 16:34:00,6632.5,6634.25,6632.5,6634.0,273
2026-03-23 16:35:00,6634.25,6635.25,6634.0,6635.25,236
2026-03-23 16:36:00,6635.5,6637.25,6635.5,6637.0,589
2026-03-23 16:37:00,6637.0,6638.75,6637.0,6638.25,542
2026-03-23 16:38:00,6638.25,6638.25,6637.5,6637.75,295
2026-03-23 16:39:00,6637.75,6638.5,6637.5,6638.0,390
2026-03-23 16:40:00,6638.25,6639.0,6638.0,6639.0,387
2026-03-23 16:41:00,6639.0,6639.25,6638.0,6639.0,459
2026-03-23 16:42:00,6639.0,6639.0,6637.5,6638.25,313
2026-03-23 16:43:00,6638.5,6638.5,6638.0,6638.5,174
2026-03-23 16:44:00,6638.75,6638.75,6637.75,6637.75,254
2026-03-23 16:45:00,6637.5,6638.0,6637.25,6637.5,153
2026-03-23 16:46:00,6637.5,6637.75,6636.75,6637.25,163
2026-03-23 16:47:00,6637.25,6637.75,6636.25,6637.0,355
2026-03-23 16:48:00,6637.0,6638.0,6637.0,6637.25,226
2026-03-23 16:49:00,6637.0,6637.0,6635.5,6636.5,327
2026-03-23 16:50:00,6636.5,6637.0,6635.0,6635.5,351
2026-03-23 16:51:00,6635.5,6637.0,6635.25,6635.75,223
2026-03-23 16:52:00,6635.75,6635.75,6633.25,6633.5,322
2026-03-23 16:53:00,6633.5,6634.75,6633.25,6633.25,331
2026-03-23 16:54:00,6633.0,6634.0,6632.75,6633.5,367
2026-03-23 16:55:00,6633.5,6634.25,6633.0,6633.25,321
2026-03-23 16:56:00,6633.5,6634.25,6632.75,6633.5,269
2026-03-23 16:57:00,6633.5,6633.5,6632.25,6632.5,253
2026-03-23 16:58:00,6632.75,6633.0,6631.5,6632.0,346
2026-03-23 16:59:00,6632.25,6633.0,6630.0,6632.75,583
2026-03-23 18:00:00,6635.0,6635.0,6629.5,6630.75,699
2026-03-23 18:01:00,6630.5,6634.0,6630.5,6631.25,525
2026-03-23 18:02:00,6631.25,6631.25,6629.0,6629.25,296
2026-03-23 18:03:00,6629.25,6629.25,6626.0,6626.25,303
2026-03-23 18:04:00,6626.25,6628.5,6626.0,6626.75,315
2026-03-23 18:05:00,6627.0,6627.75,6625.25,6627.5,329
2026-03-23 18:06:00,6627.25,6629.25,6624.5,6626.75,350
2026-03-23 18:07:00,6626.75,6628.25,6626.25,6628.25,100
2026-03-23 18:08:00,6628.0,6636.25,6627.5,6633.5,450
2026-03-23 18:09:00,6633.5,6635.75,6633.0,6633.0,229
2026-03-23 18:10:00,6632.75,6636.0,6631.25,6634.0,187
2026-03-23 18:11:00,6634.25,6634.25,6633.0,6633.25,42
2026-03-23 18:12:00,6633.5,6635.0,6633.5,6634.5,46
2026-03-23 18:13:00,6634.5,6635.5,6633.5,6635.25,100
2026-03-23 18:14:00,6635.25,6637.0,6635.25,6635.5,124
2026-03-23 18:15:00,6635.75,6635.75,6633.5,6634.5,90
2026-03-23 18:16:00,6634.5,6635.75,6633.75,6635.25,84
2026-03-23 18:17:00,6635.25,6635.75,6634.75,6635.25,33
2026-03-23 18:18:00,6635.0,6635.0,6634.5,6634.75,23
2026-03-23 18:19:00,6634.75,6636.5,6634.75,6636.0,78
2026-03-23 18:20:00,6635.75,6636.25,6635.5,6635.75,46
2026-03-23 18:21:00,6635.5,6635.5,6634.25,6634.5,78
2026-03-23 18:22:00,6634.5,6635.75,6634.5,6635.25,84
2026-03-23 18:23:00,6635.25,6637.5,6635.0,6637.25,121
2026-03-23 18:24:00,6637.0,6637.5,6636.5,6637.25,136
2026-03-23 18:25:00,6637.0,6638.75,6636.5,6637.75,158
2026-03-23 18:26:00,6637.75,6638.25,6637.5,6637.5,67
2026-03-23 18:27:00,6637.5,6638.75,6637.5,6638.5,67
2026-03-23 18:28:00,6638.5,6639.0,6636.0,6637.25,201
2026-03-23 18:29:00,6637.0,6638.75,6637.0,6638.5,91
2026-03-23 18:30:00,6638.25,6638.5,6637.25,6637.25,104
2026-03-23 18:31:00,6637.5,6637.75,6636.75,6636.75,90
2026-03-23 18:32:00,6636.75,6637.0,6635.25,6635.25,94
2026-03-23 18:33:00,6635.0,6635.75,6634.5,6635.25,175
2026-03-23 18:34:00,6635.5,6637.25,6635.25,6636.75,95
2026-03-23 18:35:00,6637.0,6638.75,6636.75,6638.5,165
2026-03-23 18:36:00,6638.5,6641.5,6638.0,6638.5,462
2026-03-23 18:37:00,6638.5,6640.75,6638.5,6640.25,93
2026-03-23 18:38:00,6640.0,6640.75,6639.5,6640.0,84
2026-03-23 18:39:00,6639.75,6640.0,6638.75,6638.75,47
2026-03-23 18:40:00,6638.75,6640.25,6638.5,6639.25,54
2026-03-23 18:41:00,6639.25,6639.5,6638.0,6638.75,66
2026-03-23 18:42:00,6638.75,6639.75,6638.5,6638.5,50
2026-03-23 18:43:00,6638.75,6639.75,6638.75,6639.5,41
2026-03-23 18:44:00,6639.75,6640.25,6639.75,6640.25,41
2026-03-23 18:45:00,6640.25,6641.5,6640.0,6640.5,110
2026-03-23 18:46:00,6640.75,6641.0,6640.0,6640.5,87
2026-03-23 18:47:00,6640.5,6642.25,6640.0,6642.25,103
2026-03-23 18:48:00,6642.0,6644.0,6642.0,6643.25,334
2026-03-23 18:49:00,6643.25,6644.0,6642.5,6642.5,118
2026-03-23 18:50:00,6642.75,6643.5,6642.75,6643.5,165
2026-03-23 18:51:00,6643.5,6645.25,6643.5,6645.0,296
2026-03-23 18:52:00,6645.25,6647.5,6645.25,6646.5,333
2026-03-23 18:53:00,6646.5,6648.75,6646.0,6648.5,341
2026-03-23 18:54:00,6648.25,6650.75,6648.25,6649.75,462
2026-03-23 18:55:00,6649.75,6652.0,6649.75,6650.25,223
2026-03-23 18:56:00,6650.5,6650.75,6649.5,6650.0,109
2026-03-23 18:57:00,6650.25,6651.5,6649.5,6651.5,158
2026-03-23 18:58:00,6651.25,6652.5,6650.25,6652.0,198
2026-03-23 18:59:00,6652.0,6652.0,6650.5,6650.75,75
2026-03-23 19:00:00,6651.0,6651.0,6647.5,6647.75,298
2026-03-23 19:01:00,6648.0,6650.0,6648.0,6649.25,126
2026-03-23 19:02:00,6649.25,6649.75,6648.5,6649.0,148
2026-03-23 19:03:00,6649.0,6650.25,6649.0,6649.0,77
2026-03-23 19:04:00,6648.5,6649.25,6647.0,6648.0,98
2026-03-23 19:05:00,6647.75,6648.5,6647.0,6647.0,61
2026-03-23 19:06:00,6647.0,6647.25,6646.25,6646.25,112
2026-03-23 19:07:00,6646.5,6647.25,6645.75,6646.75,97
2026-03-23 19:08:00,6646.5,6647.0,6646.5,6646.5,26
2026-03-23 19:09:00,6646.75,6647.0,6646.25,6647.0,41
2026-03-23 19:10:00,6646.5,6648.75,6646.5,6648.0,131
2026-03-23 19:11:00,6647.75,6648.0,6645.25,6645.75,130
2026-03-23 19:12:00,6645.75,6646.75,6645.5,6646.25,112
2026-03-23 19:13:00,6646.0,6649.25,6645.75,6648.25,115
2026-03-23 19:14:00,6648.5,6648.5,6647.0,6647.25,51
2026-03-23 19:15:00,6647.25,6648.0,6647.25,6647.25,44
2026-03-23 19:16:00,6647.0,6648.5,6647.0,6647.5,63
2026-03-23 19:17:00,6647.5,6648.5,6647.25,6648.25,35
2026-03-23 19:18:00,6648.0,6648.75,6647.75,6648.5,73
2026-03-23 19:19:00,6648.5,6649.25,6648.25,6648.5,67
2026-03-23 19:20:00,6648.25,6648.25,6646.25,6647.0,85
2026-03-23 19:21:00,6646.75,6648.5,6646.25,6648.5,48
2026-03-23 19:22:00,6648.75,6648.75,6647.5,6648.5,40
2026-03-23 19:23:00,6648.5,6648.5,6647.25,6647.5,51
2026-03-23 19:24:00,6647.5,6649.0,6647.5,6648.75,53
2026-03-23 19:25:00,6648.75,6649.0,6647.75,6648.0,78
2026-03-23 19:26:00,6648.0,6648.75,6648.0,6648.5,27
2026-03-23 19:27:00,6648.25,6648.75,6648.0,6648.5,52
2026-03-23 19:28:00,6648.25,6648.75,6646.25,6646.25,98
2026-03-23 19:29:00,6646.25,6647.25,6645.5,6646.25,194
2026-03-23 19:30:00,6646.0,6646.0,6642.25,6644.25,282
2026-03-23 19:31:00,6644.25,6645.5,6644.0,6645.25,94
2026-03-23 19:32:00,6645.25,6645.25,6643.75,6644.25,50
2026-03-23 19:33:00,6644.25,6645.25,6644.25,6644.75,43
2026-03-23 19:34:00,6645.0,6645.0,6644.0,6644.25,29
2026-03-23 19:35:00,6644.5,6644.75,6643.0,6643.25,52
2026-03-23 19:36:00,6643.25,6643.75,6643.0,6643.75,53
2026-03-23 19:37:00,6643.5,6644.0,6643.0,6643.25,31
2026-03-23 19:38:00,6643.25,6643.5,6642.75,6643.5,75
2026-03-23 19:39:00,6643.25,6645.5,6643.25,6645.25,87
2026-03-23 19:40:00,6645.0,6646.75,6644.75,6645.75,215
2026-03-23 19:41:00,6645.5,6646.5,6645.25,6645.5,78
2026-03-23 19:42:00,6645.25,6647.0,6645.25,6646.5,57
2026-03-23 19:43:00,6646.25,6646.75,6646.25,6646.5,39
2026-03-23 19:44:00,6646.25,6648.0,6646.25,6647.5,66
2026-03-23 19:45:00,6647.0,6648.25,6640.25,6642.25,486
2026-03-23 19:46:00,6642.5,6643.0,6640.75,6642.5,154
2026-03-23 19:47:00,6642.75,6643.0,6640.5,6640.5,214
2026-03-23 19:48:00,6640.5,6641.75,6640.25,6640.75,213
2026-03-23 19:49:00,6640.75,6641.0,6637.75,6640.25,423
2026-03-23 19:50:00,6640.25,6641.0,6638.75,6640.75,209
2026-03-23 19:51:00,6640.5,6641.75,6639.75,6639.75,152
2026-03-23 19:52:00,6639.5,6641.25,6638.75,6640.0,126
2026-03-23 19:53:00,6640.0,6642.75,6639.75,6642.5,126
2026-03-23 19:54:00,6642.0,6642.0,6638.25,6639.0,286
2026-03-23 19:55:00,6639.0,6641.0,6639.0,6640.75,115
2026-03-23 19:56:00,6640.75,6641.0,6639.5,6639.5,242
2026-03-23 19:57:00,6639.75,6641.75,6639.5,6640.0,206
2026-03-23 19:58:00,6640.0,6644.75,6640.0,6644.5,331
2026-03-23 19:59:00,6644.5,6646.0,6643.0,6645.0,264
2026-03-23 20:00:00,6645.0,6645.25,6642.25,6642.75,272
2026-03-23 20:01:00,6642.75,6642.75,6633.75,6634.5,885
2026-03-23 20:02:00,6634.75,6637.75,6633.25,6634.0,616
2026-03-23 20:03:00,6634.0,6636.5,6630.5,6632.5,798
2026-03-23 20:04:00,6632.5,6634.75,6630.5,6630.5,387
2026-03-23 20:05:00,6630.75,6633.0,6630.0,6630.75,438
2026-03-23 20:06:00,6630.75,6632.25,6630.0,6630.75,412
2026-03-23 20:07:00,6630.25,6634.0,6629.5,6633.25,329
2026-03-23 20:08:00,6633.5,6634.0,6630.0,6630.0,173
2026-03-23 20:09:00,6630.0,6632.5,6629.5,6630.25,166
2026-03-23 20:10:00,6630.5,6632.75,6629.0,6632.75,302
2026-03-23 20:11:00,6632.5,6632.75,6629.5,6629.5,171
2026-03-23 20:12:00,6629.5,6630.25,6625.75,6627.75,510
2026-03-23 20:13:00,6627.75,6629.25,6626.5,6627.5,277
2026-03-23 20:14:00,6627.5,6627.5,6625.0,6625.25,229
2026-03-23 20:15:00,6625.25,6625.5,6617.0,6620.0,1042
2026-03-23 20:16:00,6619.5,6621.0,6618.5,6618.75,280
2026-03-23 20:17:00,6618.5,6618.5,6613.25,6613.75,770
2026-03-23 20:18:00,6613.5,6614.25,6611.0,6613.5,558
2026-03-23 20:19:00,6613.0,6616.0,6612.5,6615.25,390
2026-03-23 20:20:00,6615.5,6615.75,6607.75,6612.25,1000
2026-03-23 20:21:00,6611.75,6620.0,6611.75,6620.0,609
2026-03-23 20:22:00,6619.5,6623.5,6619.25,6622.75,581
2026-03-23 20:23:00,6623.0,6624.0,6622.5,6623.5,359
2026-03-23 20:24:00,6623.5,6627.25,6623.5,6626.5,472
2026-03-23 20:25:00,6626.5,6631.0,6625.25,6630.0,522
2026-03-23 20:26:00,6630.25,6631.75,6627.5,6628.0,517
2026-03-23 20:27:00,6628.0,6630.0,6626.75,6627.75,357
2026-03-23 20:28:00,6627.75,6629.75,6625.75,6629.5,300
2026-03-23 20:29:00,6629.75,6630.0,6626.75,6629.5,207
2026-03-23 20:30:00,6629.25,6632.0,6629.25,6630.5,352
2026-03-23 20:31:00,6630.5,6631.5,6626.5,6626.75,261
2026-03-23 20:32:00,6627.0,6627.0,6623.5,6623.75,316
2026-03-23 20:33:00,6623.5,6624.5,6622.5,6623.0,224
2026-03-23 20:34:00,6623.25,6628.75,6623.0,6627.75,343
2026-03-23 20:35:00,6628.0,6628.0,6623.25,6623.5,264
2026-03-23 20:36:00,6623.75,6626.0,6623.75,6624.5,136
2026-03-23 20:37:00,6624.5,6624.75,6622.5,6623.75,185
2026-03-23 20:38:00,6624.25,6624.25,6611.0,6613.0,1643
2026-03-23 20:39:00,6612.75,6615.75,6598.25,6610.0,3893
2026-03-23 20:40:00,6610.0,6613.75,6608.0,6613.5,689
2026-03-23 20:41:00,6613.5,6617.75,6613.5,6617.0,499
2026-03-23 20:42:00,6616.75,6616.75,6611.25,6615.0,605
2026-03-23 20:43:00,6615.0,6615.75,6612.75,6615.0,247
2026-03-23 20:44:00,6615.0,6616.0,6612.75,6614.25,150
2026-03-23 20:45:00,6614.0,6618.75,6613.75,6616.75,272
2026-03-23 20:46:00,6617.0,6618.25,6615.0,6616.75,221
2026-03-23 20:47:00,6616.75,6618.0,6616.0,6616.0,144
2026-03-23 20:48:00,6615.75,6618.0,6615.0,6615.5,314
2026-03-23 20:49:00,6615.75,6616.0,6611.75,6614.0,428
2026-03-23 20:50:00,6613.75,6616.75,6612.0,6612.75,252
2026-03-23 20:51:00,6612.5,6615.5,6612.25,6614.0,290
2026-03-23 20:52:00,6613.75,6615.25,6613.0,6615.0,154
2026-03-23 20:53:00,6614.5,6618.75,6614.25,6617.0,331
2026-03-23 20:54:00,6617.0,6617.0,6612.25,6613.75,387
2026-03-23 20:55:00,6613.75,6616.5,6613.75,6616.25,200
2026-03-23 20:56:00,6615.25,6615.25,6611.0,6612.25,325
2026-03-23 20:57:00,6612.5,6613.5,6611.25,6612.25,215
2026-03-23 20:58:00,6611.75,6616.25,6611.75,6614.5,825
2026-03-23 20:59:00,6614.75,6614.75,6612.5,6612.5,160
2026-03-23 21:00:00,6613.25,6613.75,6609.0,6609.75,620
2026-03-23 21:01:00,6610.0,6611.75,6609.25,6611.5,254
2026-03-23 21:02:00,6611.25,6611.25,6606.75,6606.75,551
2026-03-23 21:03:00,6607.0,6607.75,6603.75,6603.75,469
2026-03-23 21:04:00,6604.25,6607.0,6604.0,6605.75,220
2026-03-23 21:05:00,6605.5,6607.5,6603.0,6605.25,457
2026-03-23 21:06:00,6605.5,6606.0,6597.25,6599.75,1142
2026-03-23 21:07:00,6600.25,6602.25,6599.75,6600.5,377
2026-03-23 21:08:00,6600.25,6603.0,6600.25,6601.5,252
2026-03-23 21:09:00,6601.25,6603.5,6600.0,6602.0,176
2026-03-23 21:10:00,6602.0,6607.0,6600.75,6605.75,541
2026-03-23 21:11:00,6605.75,6607.25,6604.5,6604.75,296
2026-03-23 21:12:00,6604.25,6605.0,6602.75,6604.0,236
2026-03-23 21:13:00,6603.75,6605.75,6602.25,6602.75,179
2026-03-23 21:14:00,6602.75,6604.0,6601.0,6602.25,217
2026-03-23 21:15:00,6602.25,6603.75,6599.5,6600.75,379
2026-03-23 21:16:00,6600.75,6601.5,6597.75,6599.0,356
2026-03-23 21:17:00,6599.5,6600.25,6596.75,6598.0,299
2026-03-23 21:18:00,6597.75,6600.0,6597.5,6598.75,218
2026-03-23 21:19:00,6598.25,6600.5,6597.75,6599.75,201
2026-03-23 21:20:00,6600.0,6603.25,6599.75,6602.5,236
2026-03-23 21:21:00,6603.0,6603.75,6600.5,6600.75,168
2026-03-23 21:22:00,6601.0,6607.5,6600.0,6606.0,499
2026-03-23 21:23:00,6606.0,6607.75,6603.75,6605.0,302
2026-03-23 21:24:00,6605.25,6607.25,6605.0,6606.75,205
2026-03-23 21:25:00,6606.5,6608.5,6606.25,6608.25,275
2026-03-23 21:26:00,6608.0,6608.25,6605.0,6606.25,169
2026-03-23 21:27:00,6606.75,6609.25,6606.0,6608.75,259
2026-03-23 21:28:00,6608.75,6610.25,6607.75,6608.0,171
2026-03-23 21:29:00,6608.0,6609.5,6606.25,6607.5,252
2026-03-23 21:30:00,6607.25,6607.25,6603.5,6605.0,303
2026-03-23 21:31:00,6605.25,6605.25,6602.75,6603.5,153
2026-03-23 21:32:00,6603.75,6604.75,6601.0,6601.5,220
2026-03-23 21:33:00,6602.0,6603.0,6601.25,6602.25,128
2026-03-23 21:34:00,6602.75,6604.75,6602.0,6604.0,137
2026-03-23 21:35:00,6603.75,6604.5,6602.5,6603.5,113
2026-03-23 21:36:00,6603.25,6604.5,6602.25,6603.0,131
2026-03-23 21:37:00,6603.25,6604.25,6599.25,6600.0,161
2026-03-23 21:38:00,6600.25,6600.75,6598.75,6599.25,137
2026-03-23 21:39:00,6599.25,6600.5,6598.75,6599.75,117
2026-03-23 21:40:00,6600.0,6601.75,6599.75,6599.75,95
2026-03-23 21:41:00,6599.75,6599.75,6594.25,6595.5,599
2026-03-23 21:42:00,6595.5,6597.5,6595.25,6596.75,374
2026-03-23 21:43:00,6597.0,6597.5,6595.5,6595.75,183
2026-03-23 21:44:00,6596.0,6596.0,6591.25,6593.5,596
2026-03-23 21:45:00,6593.0,6595.0,6592.75,6593.0,150
2026-03-23 21:46:00,6592.75,6593.75,6592.0,6592.25,133
2026-03-23 21:47:00,6592.0,6593.25,6591.0,6592.0,414
2026-03-23 21:48:00,6591.75,6594.5,6591.5,6592.75,250
2026-03-23 21:49:00,6593.0,6594.75,6591.25,6593.75,243
2026-03-23 21:50:00,6593.5,6598.0,6593.5,6597.0,415
2026-03-23 21:51:00,6597.0,6598.5,6596.0,6596.75,146
2026-03-23 21:52:00,6597.25,6598.75,6596.25,6598.0,176
2026-03-23 21:53:00,6597.75,6599.25,6596.25,6597.25,152
2026-03-23 21:54:00,6597.75,6598.0,6594.5,6595.75,147
2026-03-23 21:55:00,6595.5,6598.25,6595.5,6596.5,273
2026-03-23 21:56:00,6596.5,6598.75,6596.5,6597.25,126
2026-03-23 21:57:00,6597.5,6597.5,6595.75,6597.0,71
2026-03-23 21:58:00,6596.75,6599.0,6596.75,6598.25,158
2026-03-23 21:59:00,6598.5,6599.75,6596.75,6599.0,196
2026-03-23 22:00:00,6598.75,6599.5,6595.0,6596.5,272
2026-03-23 22:01:00,6596.0,6599.5,6595.75,6599.25,177
2026-03-23 22:02:00,6598.5,6599.25,6597.0,6599.25,138
2026-03-23 22:03:00,6599.0,6599.75,6596.75,6599.25,140
2026-03-23 22:04:00,6598.5,6599.5,6597.75,6598.75,158
2026-03-23 22:05:00,6598.5,6599.25,6595.0,6595.75,277
2026-03-23 22:06:00,6595.5,6597.75,6595.5,6597.25,110
2026-03-23 22:07:00,6597.25,6598.25,6596.0,6597.75,212
2026-03-23 22:08:00,6598.0,6598.5,6594.5,6595.5,216
2026-03-23 22:09:00,6595.5,6597.25,6595.25,6596.75,156
2026-03-23 22:10:00,6596.5,6596.75,6592.5,6592.75,284
2026-03-23 22:11:00,6592.75,6593.5,6590.0,6590.25,633
2026-03-23 22:12:00,6590.0,6595.5,6590.0,6594.25,508
2026-03-23 22:13:00,6594.0,6597.25,6593.75,6596.25,190
2026-03-23 22:14:00,6596.25,6596.75,6593.5,6594.75,74
2026-03-23 22:15:00,6594.5,6596.5,6594.5,6594.5,85
2026-03-23 22:16:00,6595.25,6597.5,6594.5,6597.5,200
2026-03-23 22:17:00,6597.0,6598.0,6594.0,6595.25,172
2026-03-23 22:18:00,6595.0,6597.0,6594.75,6594.75,147
2026-03-23 22:19:00,6594.75,6599.5,6594.75,6598.25,295
2026-03-23 22:20:00,6598.5,6601.25,6598.25,6599.25,268
2026-03-23 22:21:00,6599.25,6602.0,6598.0,6601.75,495
2026-03-23 22:22:00,6601.75,6604.5,6601.5,6603.5,330
2026-03-23 22:23:00,6603.25,6606.0,6603.25,6604.75,298
2026-03-23 22:24:00,6604.5,6606.5,6604.5,6605.0,205
2026-03-23 22:25:00,6605.25,6607.0,6603.75,6606.75,204
2026-03-23 22:26:00,6606.75,6606.75,6600.25,6601.0,207
2026-03-23 22:27:00,6600.5,6601.5,6599.75,6601.5,208
2026-03-23 22:28:00,6601.25,6603.0,6601.0,6601.5,103
2026-03-23 22:29:00,6601.25,6604.0,6601.25,6603.0,249
2026-03-23 22:30:00,6603.5,6603.75,6601.5,6601.75,121
2026-03-23 22:31:00,6601.5,6602.0,6600.25,6601.0,156
2026-03-23 22:32:00,6601.0,6602.75,6601.0,6601.5,124
2026-03-23 22:33:00,6601.5,6602.25,6599.75,6601.0,142
2026-03-23 22:34:00,6600.75,6601.5,6600.0,6600.75,109
2026-03-23 22:35:00,6600.5,6603.25,6599.75,6603.0,195
2026-03-23 22:36:00,6603.5,6604.5,6601.25,6603.25,156
2026-03-23 22:37:00,6603.0,6605.0,6602.75,6604.5,217
2026-03-23 22:38:00,6604.5,6605.25,6602.5,6603.25,136
2026-03-23 22:39:00,6603.25,6603.25,6600.0,6600.25,122
2026-03-23 22:40:00,6600.0,6601.5,6600.0,6600.5,100
2026-03-23 22:41:00,6600.5,6603.5,6600.5,6603.25,102
2026-03-23 22:42:00,6603.25,6603.25,6602.25,6602.5,77
2026-03-23 22:43:00,6602.5,6604.25,6602.25,6603.5,108
2026-03-23 22:44:00,6603.75,6605.25,6603.5,6604.5,152
2026-03-23 22:45:00,6604.25,6604.75,6602.75,6604.5,162
2026-03-23 22:46:00,6604.75,6607.0,6604.75,6606.75,162
2026-03-23 22:47:00,6606.75,6606.75,6605.25,6605.25,108
2026-03-23 22:48:00,6605.25,6605.75,6604.25,6605.5,145
2026-03-23 22:49:00,6605.5,6605.75,6602.5,6602.75,189
2026-03-23 22:50:00,6602.75,6602.75,6597.5,6598.25,306
2026-03-23 22:51:00,6597.75,6598.75,6597.5,6598.5,183
2026-03-23 22:52:00,6598.25,6599.0,6596.5,6596.5,177
2026-03-23 22:53:00,6596.75,6597.75,6596.5,6597.5,190
2026-03-23 22:54:00,6597.75,6599.25,6596.75,6598.5,157
2026-03-23 22:55:00,6599.25,6599.5,6597.5,6598.0,133
2026-03-23 22:56:00,6598.25,6598.75,6596.5,6596.75,95
2026-03-23 22:57:00,6596.5,6597.75,6596.25,6597.25,69
2026-03-23 22:58:00,6597.25,6598.5,6597.0,6598.5,92
2026-03-23 22:59:00,6598.75,6599.0,6595.75,6596.25,136
2026-03-23 23:00:00,6596.75,6597.75,6594.75,6595.0,159
2026-03-23 23:01:00,6595.0,6596.25,6594.5,6595.25,137
2026-03-23 23:02:00,6595.0,6596.0,6594.5,6596.0,60
2026-03-23 23:03:00,6596.0,6597.0,6595.5,6596.25,75
2026-03-23 23:04:00,6596.25,6596.5,6595.0,6595.5,67
2026-03-23 23:05:00,6596.25,6598.0,6596.25,6596.5,125
2026-03-23 23:06:00,6596.75,6597.5,6595.75,6595.75,55
2026-03-23 23:07:00,6595.5,6595.75,6593.75,6594.75,178
2026-03-23 23:08:00,6595.25,6595.75,6594.25,6594.5,71
2026-03-23 23:09:00,6594.75,6595.0,6592.75,6594.75,159
2026-03-23 23:10:00,6595.0,6596.0,6594.25,6595.5,176
2026-03-23 23:11:00,6595.5,6596.0,6594.75,6595.0,59
2026-03-23 23:12:00,6595.25,6595.5,6594.0,6595.5,82
2026-03-23 23:13:00,6595.5,6595.5,6594.5,6595.25,40
2026-03-23 23:14:00,6595.75,6598.25,6595.75,6596.25,152
2026-03-23 23:15:00,6596.0,6597.5,6596.0,6597.5,66
2026-03-23 23:16:00,6597.5,6598.75,6597.0,6598.75,101
2026-03-23 23:17:00,6598.5,6598.75,6597.5,6598.0,78
2026-03-23 23:18:00,6598.25,6598.5,6596.5,6597.25,80
2026-03-23 23:19:00,6597.75,6598.25,6596.5,6597.0,58
2026-03-23 23:20:00,6597.25,6599.5,6596.75,6598.75,120
2026-03-23 23:21:00,6599.0,6599.0,6597.5,6598.5,111
2026-03-23 23:22:00,6598.75,6600.25,6598.75,6599.0,136
2026-03-23 23:23:00,6599.5,6600.0,6599.25,6599.5,55
2026-03-23 23:24:00,6599.25,6600.0,6599.0,6599.0,84
2026-03-23 23:25:00,6599.25,6599.25,6598.5,6599.0,78
2026-03-23 23:26:00,6598.75,6600.5,6598.0,6599.75,137
2026-03-23 23:27:00,6599.75,6600.5,6599.0,6600.5,112
2026-03-23 23:28:00,6601.0,6602.5,6600.5,6602.5,115
2026-03-23 23:29:00,6602.75,6603.0,6601.0,6601.25,149
2026-03-23 23:30:00,6601.0,6601.5,6596.25,6597.0,240
2026-03-23 23:31:00,6596.75,6597.75,6594.5,6594.75,130
2026-03-23 23:32:00,6594.5,6596.0,6594.25,6595.25,155
2026-03-23 23:33:00,6595.0,6595.25,6593.75,6595.0,95
2026-03-23 23:34:00,6594.75,6596.25,6594.0,6594.0,137
2026-03-23 23:35:00,6593.75,6595.0,6592.5,6592.5,174
2026-03-23 23:36:00,6592.5,6594.25,6592.25,6593.25,100
2026-03-23 23:37:00,6593.25,6594.5,6592.75,6594.0,71
2026-03-23 23:38:00,6593.75,6596.25,6593.75,6596.25,80
2026-03-23 23:39:00,6596.25,6599.5,6596.0,6598.25,185
2026-03-23 23:40:00,6599.0,6601.75,6598.25,6601.5,370
2026-03-23 23:41:00,6601.25,6601.75,6600.0,6601.75,73
2026-03-23 23:42:00,6601.5,6601.5,6599.75,6600.25,75
2026-03-23 23:43:00,6600.0,6600.5,6598.75,6599.25,60
2026-03-23 23:44:00,6599.25,6600.0,6599.25,6600.0,42
2026-03-23 23:45:00,6599.75,6601.0,6598.75,6599.25,119
2026-03-23 23:46:00,6599.25,6600.75,6598.75,6600.25,80
2026-03-23 23:47:00,6600.0,6601.5,6599.75,6601.5,70
2026-03-23 23:48:00,6601.5,6601.5,6600.25,6600.25,55
2026-03-23 23:49:00,6600.0,6600.5,6599.5,6600.25,62
2026-03-23 23:50:00,6600.25,6600.25,6598.5,6599.25,77
2026-03-23 23:51:00,6599.0,6599.75,6597.75,6598.25,77
2026-03-23 23:52:00,6598.0,6599.75,6598.0,6599.25,101
2026-03-23 23:53:00,6599.5,6600.0,6599.0,6599.75,109
2026-03-23 23:54:00,6599.75,6601.25,6599.25,6601.0,85
2026-03-23 23:55:00,6601.0,6601.25,6600.0,6601.0,76
2026-03-23 23:56:00,6601.25,6603.0,6601.0,6602.5,115
2026-03-23 23:57:00,6602.5,6602.75,6601.5,6601.75,76
2026-03-23 23:58:00,6601.5,6602.5,6600.75,6602.5,85
2026-03-23 23:59:00,6602.25,6603.0,6601.75,6603.0,89
2026-03-24 00:00:00,6603.0,6604.75,6603.0,6604.0,129
2026-03-24 00:01:00,6603.75,6605.25,6603.75,6604.5,117
2026-03-24 00:02:00,6604.75,6605.0,6603.0,6604.5,134
2026-03-24 00:03:00,6604.5,6605.5,6603.75,6605.25,54
2026-03-24 00:04:00,6605.25,6606.75,6604.5,6605.75,180
2026-03-24 00:05:00,6605.75,6607.75,6605.25,6607.0,156
2026-03-24 00:06:00,6607.0,6607.5,6604.75,6605.75,137
2026-03-24 00:07:00,6605.75,6606.25,6605.25,6605.5,49
2026-03-24 00:08:00,6605.5,6607.0,6605.5,6606.5,95
2026-03-24 00:09:00,6606.25,6607.25,6605.5,6607.25,121
2026-03-24 00:10:00,6607.0,6608.75,6606.75,6608.5,165
2026-03-24 00:11:00,6608.5,6608.5,6607.25,6607.5,195
2026-03-24 00:12:00,6608.0,6608.0,6605.0,6605.5,157
2026-03-24 00:13:00,6605.5,6606.0,6605.0,6605.75,56
2026-03-24 00:14:00,6605.75,6606.0,6605.0,6606.0,67
2026-03-24 00:15:00,6606.25,6606.25,6603.5,6603.75,126
2026-03-24 00:16:00,6603.75,6604.0,6602.0,6602.5,76
2026-03-24 00:17:00,6602.25,6602.5,6601.25,6602.0,55
2026-03-24 00:18:00,6601.5,6602.25,6601.5,6601.75,31
2026-03-24 00:19:00,6601.75,6602.75,6601.75,6602.0,56
2026-03-24 00:20:00,6602.25,6603.0,6601.75,6602.0,42
2026-03-24 00:21:00,6602.25,6602.25,6600.25,6601.0,64
2026-03-24 00:22:00,6600.75,6600.75,6599.0,6599.25,137
2026-03-24 00:23:00,6599.0,6600.0,6599.0,6600.0,104
2026-03-24 00:24:00,6600.0,6600.25,6599.25,6599.5,52
2026-03-24 00:25:00,6599.0,6599.5,6598.25,6598.25,70
2026-03-24 00:26:00,6598.25,6599.25,6598.25,6598.75,90
2026-03-24 00:27:00,6598.5,6598.75,6598.0,6598.0,48
2026-03-24 00:28:00,6598.25,6599.5,6598.25,6598.75,33
2026-03-24 00:29:00,6598.75,6599.5,6598.0,6598.0,34
2026-03-24 00:30:00,6598.25,6599.5,6597.75,6598.5,63
2026-03-24 00:31:00,6598.5,6598.5,6595.0,6595.5,178
2026-03-24 00:32:00,6595.5,6596.75,6595.5,6596.0,55
2026-03-24 00:33:00,6596.25,6597.0,6595.5,6595.75,97
2026-03-24 00:34:00,6596.0,6597.25,6596.0,6597.0,47
2026-03-24 00:35:00,6596.75,6597.0,6595.75,6596.0,59
2026-03-24 00:36:00,6596.0,6597.25,6595.75,6596.5,73
2026-03-24 00:37:00,6596.5,6597.0,6596.5,6596.75,12
2026-03-24 00:38:00,6596.75,6597.25,6595.75,6596.25,47
2026-03-24 00:39:00,6595.75,6596.75,6595.75,6596.0,45
2026-03-24 00:40:00,6596.25,6596.5,6595.0,6595.75,72
2026-03-24 00:41:00,6595.25,6597.0,6595.25,6595.75,67
2026-03-24 00:42:00,6596.0,6596.0,6594.5,6595.25,87
2026-03-24 00:43:00,6595.25,6596.5,6595.25,6596.25,65
2026-03-24 00:44:00,6596.25,6596.25,6595.25,6595.25,35
2026-03-24 00:45:00,6595.25,6597.0,6595.25,6597.0,36
2026-03-24 00:46:00,6597.0,6597.25,6596.25,6596.75,71
2026-03-24 00:47:00,6596.75,6599.0,6596.75,6598.0,182
2026-03-24 00:48:00,6598.0,6599.25,6598.0,6598.75,59
2026-03-24 00:49:00,6598.5,6598.5,6597.75,6597.75,36
2026-03-24 00:50:00,6598.0,6598.0,6596.75,6597.75,27
2026-03-24 00:51:00,6598.0,6599.25,6597.25,6599.25,39
2026-03-24 00:52:00,6599.25,6600.75,6599.0,6600.75,138
2026-03-24 00:53:00,6600.75,6601.0,6599.5,6599.5,87
2026-03-24 00:54:00,6599.5,6599.75,6599.0,6599.5,18
2026-03-24 00:55:00,6599.5,6599.75,6598.5,6599.25,43
2026-03-24 00:56:00,6599.25,6599.25,6596.5,6596.5,107
2026-03-24 00:57:00,6597.0,6598.0,6596.75,6596.75,71
2026-03-24 00:58:00,6597.25,6597.75,6596.75,6597.0,35
2026-03-24 00:59:00,6597.25,6598.0,6596.75,6598.0,32
2026-03-24 01:00:00,6598.0,6598.75,6596.25,6597.0,167
2026-03-24 01:01:00,6596.5,6596.75,6593.5,6593.5,408
2026-03-24 01:02:00,6593.5,6595.0,6592.5,6594.75,158
2026-03-24 01:03:00,6594.75,6595.25,6592.5,6592.5,97
2026-03-24 01:04:00,6592.75,6593.0,6591.25,6591.75,211
2026-03-24 01:05:00,6591.5,6592.0,6589.5,6590.0,329
2026-03-24 01:06:00,6590.0,6591.25,6588.75,6590.5,282
2026-03-24 01:07:00,6590.5,6591.5,6589.75,6591.25,122
2026-03-24 01:08:00,6591.25,6591.75,6589.25,6590.0,198
2026-03-24 01:09:00,6590.5,6590.5,6586.75,6587.5,390
2026-03-24 01:10:00,6587.75,6588.5,6586.0,6587.0,318
2026-03-24 01:11:00,6587.25,6589.25,6587.0,6588.5,120
2026-03-24 01:12:00,6588.25,6593.0,6587.75,6593.0,133
2026-03-24 01:13:00,6593.5,6594.0,6592.75,6593.25,128
2026-03-24 01:14:00,6593.0,6594.75,6592.25,6592.5,142
2026-03-24 01:15:00,6592.5,6594.0,6592.5,6592.75,85
2026-03-24 01:16:00,6592.75,6593.75,6592.5,6593.75,69
2026-03-24 01:17:00,6594.0,6594.0,6592.75,6593.25,31
2026-03-24 01:18:00,6593.5,6609.5,6593.5,6609.0,2037
2026-03-24 01:19:00,6609.0,6609.0,6598.5,6599.0,684
2026-03-24 01:20:00,6599.0,6600.0,6597.75,6599.75,373
2026-03-24 01:21:00,6599.75,6600.75,6594.0,6594.75,465
2026-03-24 01:22:00,6594.25,6596.75,6588.25,6589.5,727
2026-03-24 01:23:00,6589.25,6594.75,6588.5,6594.25,388
2026-03-24 01:24:00,6594.25,6594.5,6591.0,6591.25,162
2026-03-24 01:25:00,6591.75,6593.0,6591.0,6591.5,91
2026-03-24 01:26:00,6591.5,6591.5,6590.25,6590.5,66
2026-03-24 01:27:00,6590.75,6591.0,6588.5,6588.5,113
2026-03-24 01:28:00,6589.0,6589.25,6582.75,6583.75,657
2026-03-24 01:29:00,6584.0,6585.75,6583.0,6583.5,237
2026-03-24 01:30:00,6583.25,6584.75,6582.5,6583.25,150
2026-03-24 01:31:00,6583.5,6587.5,6583.5,6587.25,153
2026-03-24 01:32:00,6587.0,6587.0,6585.0,6585.5,73
2026-03-24 01:33:00,6585.75,6587.5,6585.5,6586.25,102
2026-03-24 01:34:00,6586.25,6588.75,6586.0,6587.75,71
2026-03-24 01:35:00,6587.5,6588.75,6586.5,6588.5,100
2026-03-24 01:36:00,6588.25,6589.0,6587.25,6588.0,81
2026-03-24 01:37:00,6588.5,6590.0,6588.5,6589.25,60
2026-03-24 01:38:00,6589.5,6591.75,6589.5,6591.5,118
2026-03-24 01:39:00,6591.5,6591.5,6589.25,6591.25,179
2026-03-24 01:40:00,6591.25,6595.5,6591.25,6595.25,312
2026-03-24 01:41:00,6595.5,6597.5,6595.25,6597.5,209
2026-03-24 01:42:00,6597.75,6598.25,6596.5,6598.0,122
2026-03-24 01:43:00,6598.25,6599.5,6596.0,6596.75,245
2026-03-24 01:44:00,6596.75,6597.0,6594.75,6595.5,111
2026-03-24 01:45:00,6595.75,6597.75,6594.25,6597.75,106
2026-03-24 01:46:00,6597.75,6598.75,6597.25,6598.0,90
2026-03-24 01:47:00,6598.25,6598.25,6596.5,6597.5,53
2026-03-24 01:48:00,6597.5,6597.5,6596.5,6596.5,29
2026-03-24 01:49:00,6597.0,6598.75,6595.5,6596.5,118
2026-03-24 01:50:00,6596.5,6597.75,6596.0,6597.75,80
2026-03-24 01:51:00,6597.75,6597.75,6595.5,6595.75,59
2026-03-24 01:52:00,6596.25,6598.25,6596.25,6598.25,93
2026-03-24 01:53:00,6598.75,6599.25,6597.25,6597.25,71
2026-03-24 01:54:00,6597.5,6598.25,6596.5,6597.5,116
2026-03-24 01:55:00,6597.5,6597.5,6595.25,6597.0,67
2026-03-24 01:56:00,6597.25,6597.5,6596.75,6597.0,33
2026-03-24 01:57:00,6596.75,6597.25,6596.0,6596.75,73
2026-03-24 01:58:00,6597.5,6597.75,6596.75,6597.0,43
2026-03-24 01:59:00,6597.25,6597.75,6596.75,6597.25,32
2026-03-24 02:00:00,6598.0,6599.75,6597.25,6599.0,129
2026-03-24 02:01:00,6599.0,6599.5,6597.25,6599.5,94
2026-03-24 02:02:00,6599.75,6605.25,6599.75,6604.0,501
2026-03-24 02:03:00,6604.25,6604.25,6601.5,6602.5,139
2026-03-24 02:04:00,6602.25,6603.75,6601.75,6603.0,182
2026-03-24 02:05:00,6602.5,6605.75,6602.0,6605.5,169
2026-03-24 02:06:00,6605.0,6605.0,6602.75,6603.75,103
2026-03-24 02:07:00,6604.0,6604.5,6602.5,6603.0,75
2026-03-24 02:08:00,6602.75,6605.0,6602.75,6603.75,113
2026-03-24 02:09:00,6603.5,6605.25,6603.0,6605.25,106
2026-03-24 02:10:00,6604.75,6605.5,6604.5,6605.0,142
2026-03-24 02:11:00,6605.25,6605.5,6602.5,6603.75,116
2026-03-24 02:12:00,6604.0,6604.0,6602.25,6603.0,104
2026-03-24 02:13:00,6602.5,6603.25,6602.0,6602.0,102
2026-03-24 02:14:00,6602.25,6604.75,6602.0,6604.5,160
2026-03-24 02:15:00,6604.5,6605.0,6603.5,6604.75,44
2026-03-24 02:16:00,6605.0,6608.0,6604.5,6606.25,267
2026-03-24 02:17:00,6606.25,6608.0,6605.25,6607.25,172
2026-03-24 02:18:00,6607.0,6608.0,6606.0,6607.25,194
2026-03-24 02:19:00,6607.25,6608.5,6606.5,6606.5,221
2026-03-24 02:20:00,6606.25,6607.75,6605.0,6607.5,106
2026-03-24 02:21:00,6607.75,6608.75,6607.0,6608.0,101
2026-03-24 02:22:00,6607.5,6611.0,6607.5,6610.5,576
2026-03-24 02:23:00,6610.25,6611.75,6610.0,6610.25,190
2026-03-24 02:24:00,6610.25,6610.75,6609.25,6610.25,73
2026-03-24 02:25:00,6610.0,6616.75,6609.75,6616.5,432
2026-03-24 02:26:00,6616.5,6616.5,6614.25,6614.5,333
2026-03-24 02:27:00,6614.5,6615.0,6613.25,6614.75,132
2026-03-24 02:28:00,6614.5,6614.5,6611.25,6612.0,163
2026-03-24 02:29:00,6612.25,6613.0,6611.75,6612.5,160
2026-03-24 02:30:00,6612.25,6616.0,6612.25,6615.25,502
2026-03-24 02:31:00,6615.0,6615.5,6613.0,6613.75,290
2026-03-24 02:32:00,6614.0,6617.0,6613.75,6616.25,142
2026-03-24 02:33:00,6616.5,6616.5,6612.5,6615.75,373
2026-03-24 02:34:00,6615.5,6616.0,6614.25,6615.0,128
2026-03-24 02:35:00,6615.25,6617.25,6615.25,6616.5,123
2026-03-24 02:36:00,6616.25,6617.25,6615.25,6616.5,250
2026-03-24 02:37:00,6616.5,6620.25,6616.25,6619.25,335
2026-03-24 02:38:00,6619.0,6619.0,6616.75,6617.0,177
2026-03-24 02:39:00,6617.0,6618.25,6616.75,6618.0,53
2026-03-24 02:40:00,6618.25,6618.75,6616.25,6617.0,125
2026-03-24 02:41:00,6617.5,6620.0,6617.25,6620.0,122
2026-03-24 02:42:00,6619.75,6620.75,6619.25,6619.25,130
2026-03-24 02:43:00,6619.25,6619.25,6617.75,6617.75,75
2026-03-24 02:44:00,6618.5,6619.75,6618.25,6618.75,142
2026-03-24 02:45:00,6619.0,6619.25,6615.5,6616.25,208
2026-03-24 02:46:00,6616.5,6622.0,6616.5,6620.25,409
2026-03-24 02:47:00,6620.25,6621.25,6619.5,6620.0,155
2026-03-24 02:48:00,6620.25,6622.5,6620.0,6621.0,200
2026-03-24 02:49:00,6621.0,6621.25,6619.75,6621.25,125
2026-03-24 02:50:00,6621.25,6621.75,6620.25,6621.5,90
2026-03-24 02:51:00,6621.0,6621.0,6619.5,6620.75,113
2026-03-24 02:52:00,6620.75,6621.25,6620.5,6621.0,72
2026-03-24 02:53:00,6620.75,6625.75,6619.75,6625.5,394
2026-03-24 02:54:00,6625.25,6630.0,6624.25,6629.5,786
2026-03-24 02:55:00,6629.25,6629.5,6625.5,6626.0,374
2026-03-24 02:56:00,6626.0,6626.0,6624.5,6626.0,274
2026-03-24 02:57:00,6626.0,6627.25,6624.5,6625.0,182
2026-03-24 02:58:00,6624.5,6625.75,6624.25,6625.25,195
2026-03-24 02:59:00,6625.5,6625.5,6624.25,6624.5,134
2026-03-24 03:00:00,6624.5,6627.25,6623.0,6626.75,396
2026-03-24 03:01:00,6626.75,6627.5,6624.5,6625.5,415
2026-03-24 03:02:00,6625.25,6630.75,6625.25,6630.0,410
2026-03-24 03:03:00,6629.75,6632.75,6629.0,6632.0,927
2026-03-24 03:04:00,6631.75,6633.0,6631.0,6632.5,563
2026-03-24 03:05:00,6632.75,6639.0,6631.25,6638.25,768
2026-03-24 03:06:00,6638.25,6642.0,6638.0,6641.0,1256
2026-03-24 03:07:00,6641.0,6642.5,6638.25,6639.75,532
2026-03-24 03:08:00,6639.75,6640.75,6637.75,6638.75,444
2026-03-24 03:09:00,6638.5,6640.75,6637.0,6640.5,504
2026-03-24 03:10:00,6640.5,6646.25,6640.5,6646.0,583
2026-03-24 03:11:00,6645.75,6645.75,6643.0,6644.0,276
2026-03-24 03:12:00,6643.75,6650.0,6642.75,6649.75,839
2026-03-24 03:13:00,6649.75,6652.25,6647.5,6648.25,1320
2026-03-24 03:14:00,6648.25,6649.5,6647.25,6648.25,470
2026-03-24 03:15:00,6648.5,6650.5,6646.75,6650.25,593
2026-03-24 03:16:00,6650.25,6652.75,6649.25,6651.75,970
2026-03-24 03:17:00,6651.0,6653.5,6648.5,6648.5,593
2026-03-24 03:18:00,6648.0,6648.25,6645.5,6647.25,838
2026-03-24 03:19:00,6647.25,6648.25,6645.0,6647.25,530
2026-03-24 03:20:00,6647.0,6647.75,6643.0,6644.25,555
2026-03-24 03:21:00,6644.5,6646.75,6643.25,6645.75,371
2026-03-24 03:22:00,6645.5,6648.25,6645.0,6645.75,355
2026-03-24 03:23:00,6646.0,6647.0,6643.75,6644.75,257
2026-03-24 03:24:00,6645.0,6645.75,6642.25,6644.0,438
2026-03-24 03:25:00,6643.75,6644.25,6642.0,6642.75,191
2026-03-24 03:26:00,6642.75,6642.75,6640.5,6641.0,541
2026-03-24 03:27:00,6641.0,6643.75,6640.5,6642.5,254
2026-03-24 03:28:00,6642.5,6646.0,6642.5,6644.25,296
2026-03-24 03:29:00,6644.0,6645.0,6643.5,6644.0,170
2026-03-24 03:30:00,6644.0,6645.5,6642.0,6642.25,363
2026-03-24 03:31:00,6642.75,6644.0,6640.5,6641.5,313
2026-03-24 03:32:00,6641.5,6641.75,6638.25,6639.25,389
2026-03-24 03:33:00,6639.25,6639.5,6636.75,6638.25,315
2026-03-24 03:34:00,6638.5,6638.5,6636.0,6637.75,551
2026-03-24 03:35:00,6638.0,6638.25,6636.0,6636.5,203
2026-03-24 03:36:00,6637.0,6639.0,6637.0,6638.5,210
2026-03-24 03:37:00,6639.0,6639.5,6637.0,6638.25,143
2026-03-24 03:38:00,6638.0,6641.5,6638.0,6641.25,246
2026-03-24 03:39:00,6641.25,6642.5,6640.0,6640.25,198
2026-03-24 03:40:00,6640.0,6640.0,6638.5,6638.75,198
2026-03-24 03:41:00,6638.75,6642.5,6638.75,6642.25,142
2026-03-24 03:42:00,6642.25,6642.25,6639.75,6640.25,127
2026-03-24 03:43:00,6640.25,6642.0,6638.75,6641.0,134
2026-03-24 03:44:00,6641.0,6643.75,6641.0,6642.75,138
2026-03-24 03:45:00,6642.25,6642.25,6638.5,6639.0,131
2026-03-24 03:46:00,6639.25,6641.5,6638.75,6639.25,163
2026-03-24 03:47:00,6639.0,6640.0,6637.5,6640.0,104
2026-03-24 03:48:00,6640.25,6641.5,6639.0,6639.5,136
2026-03-24 03:49:00,6639.25,6642.0,6639.25,6640.75,193
2026-03-24 03:50:00,6640.25,6642.75,6638.25,6641.75,309
2026-03-24 03:51:00,6642.25,6645.0,6642.0,6642.75,336
2026-03-24 03:52:00,6642.75,6645.0,6642.75,6644.75,301
2026-03-24 03:53:00,6644.5,6644.75,6641.25,6642.5,292
2026-03-24 03:54:00,6642.0,6643.25,6640.25,6641.25,188
2026-03-24 03:55:00,6641.0,6643.0,6640.0,6643.0,230
2026-03-24 03:56:00,6643.25,6643.75,6641.75,6642.75,179
2026-03-24 03:57:00,6643.0,6644.75,6642.0,6644.5,324
2026-03-24 03:58:00,6644.25,6646.0,6644.25,6645.5,335
2026-03-24 03:59:00,6645.5,6646.25,6644.0,6644.75,443
2026-03-24 04:00:00,6645.25,6648.0,6640.5,6646.75,755
2026-03-24 04:01:00,6646.75,6648.0,6642.0,6642.25,396
2026-03-24 04:02:00,6642.0,6646.5,6642.0,6646.0,298
2026-03-24 04:03:00,6646.0,6647.0,6643.75,6644.5,323
2026-03-24 04:04:00,6644.25,6647.75,6643.25,6646.75,378
2026-03-24 04:05:00,6646.75,6651.25,6646.75,6650.5,544
2026-03-24 04:06:00,6650.5,6651.5,6648.75,6650.75,528
2026-03-24 04:07:00,6650.75,6651.75,6649.0,6649.25,459
2026-03-24 04:08:00,6649.5,6650.0,6645.75,6645.75,522
2026-03-24 04:09:00,6645.5,6649.75,6645.0,6648.5,340
2026-03-24 04:10:00,6648.25,6649.0,6644.5,6645.25,292
2026-03-24 04:11:00,6645.25,6646.5,6644.0,6646.0,281
2026-03-24 04:12:00,6646.0,6648.75,6645.5,6648.5,672
2026-03-24 04:13:00,6648.75,6649.75,6647.25,6648.75,446
2026-03-24 04:14:00,6648.5,6649.0,6645.5,6647.0,177
2026-03-24 04:15:00,6647.25,6650.25,6645.25,6648.25,639
2026-03-24 04:16:00,6648.25,6650.75,6647.25,6647.75,716
2026-03-24 04:17:00,6647.5,6648.25,6644.5,6644.75,473
2026-03-24 04:18:00,6645.0,6645.25,6638.75,6638.75,499
2026-03-24 04:19:00,6639.25,6639.75,6630.75,6632.75,1384
2026-03-24 04:20:00,6632.75,6634.25,6630.25,6631.0,1279
2026-03-24 04:21:00,6630.75,6634.25,6630.25,6633.5,631
2026-03-24 04:22:00,6633.5,6636.0,6633.0,6634.75,418
2026-03-24 04:23:00,6634.5,6637.0,6634.0,6634.25,473
2026-03-24 04:24:00,6634.0,6634.75,6629.75,6631.5,504
2026-03-24 04:25:00,6631.5,6631.5,6627.5,6628.5,704
2026-03-24 04:26:00,6628.75,6632.0,6628.0,6628.0,438
2026-03-24 04:27:00,6628.25,6628.75,6625.75,6628.75,544
2026-03-24 04:28:00,6628.75,6629.0,6626.0,6627.5,424
2026-03-24 04:29:00,6628.0,6631.0,6626.25,6626.75,429
2026-03-24 04:30:00,6627.0,6627.5,6623.25,6626.25,816
2026-03-24 04:31:00,6626.75,6629.5,6625.75,6627.0,370
2026-03-24 04:32:00,6627.25,6630.25,6627.25,6627.75,353
2026-03-24 04:33:00,6628.25,6629.75,6624.5,6625.0,437
2026-03-24 04:34:00,6625.0,6628.25,6625.0,6627.5,241
2026-03-24 04:35:00,6627.25,6632.5,6627.0,6632.5,275
2026-03-24 04:36:00,6632.0,6634.5,6631.75,6633.75,403
2026-03-24 04:37:00,6633.75,6634.0,6630.5,6631.25,295
2026-03-24 04:38:00,6631.5,6631.75,6627.75,6628.0,325
2026-03-24 04:39:00,6627.75,6630.25,6626.5,6629.75,234
2026-03-24 04:40:00,6629.5,6633.25,6628.75,6632.5,334
2026-03-24 04:41:00,6632.5,6633.5,6630.5,6631.0,231
2026-03-24 04:42:00,6631.0,6631.25,6626.0,6627.0,266
2026-03-24 04:43:00,6627.25,6627.5,6624.5,6625.75,247
2026-03-24 04:44:00,6625.75,6627.5,6624.5,6625.75,229
2026-03-24 04:45:00,6625.75,6629.25,6625.75,6627.75,235
2026-03-24 04:46:00,6628.0,6633.0,6627.75,6629.5,304
2026-03-24 04:47:00,6630.0,6633.25,6628.5,6631.75,517
2026-03-24 04:48:00,6631.75,6632.5,6630.5,6632.25,372
2026-03-24 04:49:00,6632.25,6632.5,6629.25,6629.75,241
2026-03-24 04:50:00,6630.25,6634.0,6623.75,6624.0,2157
2026-03-24 04:51:00,6624.25,6627.5,6620.5,6622.5,1199
2026-03-24 04:52:00,6622.5,6628.5,6622.25,6628.5,422
2026-03-24 04:53:00,6628.5,6629.75,6625.0,6625.75,346
2026-03-24 04:54:00,6625.5,6628.5,6625.25,6625.5,318
2026-03-24 04:55:00,6625.0,6627.5,6625.0,6625.75,216
2026-03-24 04:56:00,6625.5,6626.0,6619.25,6620.0,399
2026-03-24 04:57:00,6620.0,6622.5,6619.75,6620.25,587
2026-03-24 04:58:00,6620.5,6624.5,6619.5,6623.5,393
2026-03-24 04:59:00,6623.5,6625.25,6622.0,6622.5,257
2026-03-24 05:00:00,6623.0,6623.5,6620.25,6621.5,331
2026-03-24 05:01:00,6621.5,6626.25,6621.5,6623.0,363
2026-03-24 05:02:00,6622.5,6625.0,6621.0,6624.75,249
2026-03-24 05:03:00,6624.5,6625.5,6623.25,6624.0,126
2026-03-24 05:04:00,6624.75,6628.0,6624.5,6626.5,179
2026-03-24 05:05:00,6626.5,6627.5,6623.5,6624.75,238
2026-03-24 05:06:00,6624.0,6624.5,6619.75,6620.5,370
2026-03-24 05:07:00,6620.25,6622.0,6616.0,6617.5,551
2026-03-24 05:08:00,6617.75,6618.75,6614.5,6615.25,475
2026-03-24 05:09:00,6615.25,6616.25,6613.5,6614.0,378
2026-03-24 05:10:00,6613.75,6617.5,6613.0,6617.0,625
2026-03-24 05:11:00,6617.0,6618.5,6613.0,6613.0,554
2026-03-24 05:12:00,6613.25,6613.5,6610.75,6611.0,544
2026-03-24 05:13:00,6611.0,6614.0,6609.0,6609.5,993
2026-03-24 05:14:00,6609.5,6609.75,6604.25,6605.0,934
2026-03-24 05:15:00,6604.75,6609.25,6604.5,6606.75,507
2026-03-24 05:16:00,6606.75,6610.5,6605.25,6610.25,537
2026-03-24 05:17:00,6610.5,6614.0,6610.5,6614.0,334
2026-03-24 05:18:00,6614.0,6614.5,6611.75,6612.5,332
2026-03-24 05:19:00,6612.5,6614.25,6612.5,6614.0,293
2026-03-24 05:20:00,6613.75,6614.0,6610.25,6610.75,255
2026-03-24 05:21:00,6610.75,6612.5,6609.75,6610.25,305
2026-03-24 05:22:00,6610.25,6610.5,6607.75,6609.5,272
2026-03-24 05:23:00,6609.25,6612.75,6609.25,6611.75,287
2026-03-24 05:24:00,6611.75,6614.0,6610.25,6613.0,204
2026-03-24 05:25:00,6612.75,6615.75,6612.25,6615.0,306
2026-03-24 05:26:00,6614.5,6616.0,6611.5,6613.25,376
2026-03-24 05:27:00,6613.25,6615.5,6613.0,6615.5,150
2026-03-24 05:28:00,6615.0,6618.75,6614.25,6618.5,225
2026-03-24 05:29:00,6618.5,6620.0,6618.25,6618.25,345
2026-03-24 05:30:00,6618.0,6619.75,6617.0,6619.0,380
2026-03-24 05:31:00,6619.5,6620.25,6614.75,6617.5,280
2026-03-24 05:32:00,6617.75,6620.25,6617.25,6619.5,290
2026-03-24 05:33:00,6619.25,6620.75,6617.25,6617.5,202
2026-03-24 05:34:00,6617.5,6619.25,6617.25,6617.5,199
2026-03-24 05:35:00,6617.5,6620.5,6616.0,6620.25,266
2026-03-24 05:36:00,6620.5,6620.75,6617.25,6619.0,189
2026-03-24 05:37:00,6618.5,6620.25,6618.5,6619.75,121
2026-03-24 05:38:00,6620.0,6620.0,6617.0,6617.25,193
2026-03-24 05:39:00,6617.5,6619.75,6617.25,6619.5,157
2026-03-24 05:40:00,6619.75,6626.25,6619.5,6625.5,507
2026-03-24 05:41:00,6625.25,6625.5,6622.5,6624.5,411
2026-03-24 05:42:00,6624.25,6626.25,6623.5,6625.0,317
2026-03-24 05:43:00,6624.5,6625.25,6623.75,6624.75,193
2026-03-24 05:44:00,6624.5,6626.0,6624.0,6624.5,221
2026-03-24 05:45:00,6624.75,6626.5,6623.5,6625.0,205
2026-03-24 05:46:00,6624.75,6624.75,6620.5,6620.75,330
2026-03-24 05:47:00,6620.75,6623.25,6619.75,6622.75,260
2026-03-24 05:48:00,6622.75,6625.5,6622.75,6625.25,223
2026-03-24 05:49:00,6624.75,6624.75,6621.5,6623.25,207
2026-03-24 05:50:00,6623.0,6623.25,6620.75,6621.75,213
2026-03-24 05:51:00,6621.75,6622.25,6618.25,6619.5,228
2026-03-24 05:52:00,6619.5,6621.25,6618.5,6620.75,172
2026-03-24 05:53:00,6620.5,6625.0,6620.5,6624.75,218
2026-03-24 05:54:00,6625.0,6626.5,6624.5,6626.25,255
2026-03-24 05:55:00,6626.25,6629.0,6626.0,6628.75,536
2026-03-24 05:56:00,6628.75,6635.25,6628.75,6629.5,1027
2026-03-24 05:57:00,6629.5,6633.25,6629.0,6633.25,204
2026-03-24 05:58:00,6633.25,6634.5,6632.75,6634.5,275
2026-03-24 05:59:00,6634.0,6634.25,6630.75,6631.75,452
2026-03-24 06:00:00,6631.75,6632.0,6629.0,6629.0,467
2026-03-24 06:01:00,6629.0,6629.0,6624.0,6624.0,357
2026-03-24 06:02:00,6624.0,6624.5,6620.0,6622.25,407
2026-03-24 06:03:00,6621.75,6624.0,6621.25,6623.0,190
2026-03-24 06:04:00,6623.5,6627.5,6623.5,6627.0,269
2026-03-24 06:05:00,6627.5,6630.0,6627.25,6628.5,338
2026-03-24 06:06:00,6628.75,6631.0,6628.25,6629.5,321
2026-03-24 06:07:00,6629.25,6633.0,6629.0,6633.0,546
2026-03-24 06:08:00,6633.25,6635.25,6632.25,6632.25,355
2026-03-24 06:09:00,6632.0,6634.75,6631.5,6633.75,245
2026-03-24 06:10:00,6633.75,6635.0,6633.0,6633.5,262
2026-03-24 06:11:00,6633.75,6634.75,6632.75,6633.25,240
2026-03-24 06:12:00,6633.25,6633.25,6630.25,6633.0,498
2026-03-24 06:13:00,6633.0,6635.0,6633.0,6634.0,227
2026-03-24 06:14:00,6634.0,6635.0,6632.75,6633.25,277
2026-03-24 06:15:00,6633.25,6634.5,6632.0,6633.75,234
2026-03-24 06:16:00,6634.0,6634.5,6632.5,6633.0,285
2026-03-24 06:17:00,6632.75,6634.25,6632.0,6633.5,174
2026-03-24 06:18:00,6633.25,6635.0,6631.25,6633.75,245
2026-03-24 06:19:00,6633.75,6633.75,6631.75,6632.5,120
2026-03-24 06:20:00,6632.25,6633.0,6629.75,6632.25,207
2026-03-24 06:21:00,6632.75,6633.25,6630.5,6632.25,251
2026-03-24 06:22:00,6632.0,6633.0,6631.0,6632.75,172
2026-03-24 06:23:00,6633.0,6633.25,6632.0,6633.0,109
2026-03-24 06:24:00,6633.0,6633.5,6629.75,6630.0,281
2026-03-24 06:25:00,6630.25,6630.75,6629.25,6629.5,266
2026-03-24 06:26:00,6629.75,6630.75,6628.75,6630.0,167
2026-03-24 06:27:00,6629.75,6630.5,6628.75,6630.0,129
2026-03-24 06:28:00,6629.75,6629.75,6624.75,6625.5,369
2026-03-24 06:29:00,6625.25,6625.75,6623.75,6625.0,363
2026-03-24 06:30:00,6625.25,6626.5,6622.75,6626.25,440
2026-03-24 06:31:00,6626.25,6627.5,6625.5,6625.75,280
2026-03-24 06:32:00,6626.0,6628.25,6626.0,6627.75,152
2026-03-24 06:33:00,6627.5,6627.5,6623.0,6625.25,263
2026-03-24 06:34:00,6625.25,6625.25,6620.5,6621.75,367
2026-03-24 06:35:00,6621.75,6626.0,6621.5,6626.0,293
2026-03-24 06:36:00,6625.75,6626.0,6622.25,6625.25,621
2026-03-24 06:37:00,6625.5,6629.5,6623.75,6628.25,381
2026-03-24 06:38:00,6628.0,6629.5,6627.5,6628.0,318
2026-03-24 06:39:00,6628.0,6631.5,6627.5,6631.0,296
2026-03-24 06:40:00,6631.25,6633.0,6626.5,6626.75,419
2026-03-24 06:41:00,6626.75,6631.5,6626.75,6631.5,165
2026-03-24 06:42:00,6631.25,6631.25,6627.75,6628.5,186
2026-03-24 06:43:00,6628.75,6632.75,6628.75,6632.25,319
2026-03-24 06:44:00,6632.25,6635.0,6629.25,6631.75,604
2026-03-24 06:45:00,6632.25,6634.75,6631.25,6634.5,195
2026-03-24 06:46:00,6634.5,6634.5,6630.25,6630.5,213
2026-03-24 06:47:00,6630.25,6630.5,6628.25,6629.0,321
2026-03-24 06:48:00,6628.75,6629.5,6623.5,6624.0,412
2026-03-24 06:49:00,6623.75,6626.25,6623.75,6624.75,271
2026-03-24 06:50:00,6624.75,6629.0,6624.75,6628.75,233
2026-03-24 06:51:00,6628.75,6630.75,6628.5,6630.0,139
2026-03-24 06:52:00,6629.75,6630.75,6627.5,6628.25,284
2026-03-24 06:53:00,6628.25,6630.5,6628.25,6630.0,228
2026-03-24 06:54:00,6630.0,6630.25,6628.0,6628.0,146
2026-03-24 06:55:00,6628.5,6629.5,6626.5,6629.25,146
2026-03-24 06:56:00,6629.0,6630.0,6628.0,6628.0,125
2026-03-24 06:57:00,6628.0,6630.0,6627.5,6628.25,275
2026-03-24 06:58:00,6628.25,6629.75,6627.75,6629.25,168
2026-03-24 06:59:00,6629.0,6631.0,6629.0,6630.0,182
2026-03-24 07:00:00,6630.0,6631.75,6628.25,6631.75,489
2026-03-24 07:01:00,6631.75,6631.75,6622.5,6622.75,596
2026-03-24 07:02:00,6622.75,6625.75,6622.5,6624.5,515
2026-03-24 07:03:00,6624.5,6629.75,6624.25,6629.75,340
2026-03-24 07:04:00,6630.0,6630.25,6627.25,6629.0,310
2026-03-24 07:05:00,6628.75,6630.0,6627.5,6628.5,400
2026-03-24 07:06:00,6628.5,6630.0,6628.5,6629.25,260
2026-03-24 07:07:00,6629.5,6633.0,6629.25,6632.75,492
2026-03-24 07:08:00,6632.75,6633.75,6632.0,6632.25,275
2026-03-24 07:09:00,6632.0,6632.75,6630.75,6631.5,206
2026-03-24 07:10:00,6631.25,6633.5,6631.0,6633.25,232
2026-03-24 07:11:00,6633.25,6633.75,6631.75,6633.5,181
2026-03-24 07:12:00,6633.5,6633.75,6632.0,6632.5,221
2026-03-24 07:13:00,6632.75,6632.75,6630.5,6630.75,199
2026-03-24 07:14:00,6630.75,6632.5,6630.5,6630.75,224
2026-03-24 07:15:00,6630.5,6630.75,6625.0,6625.75,459
2026-03-24 07:16:00,6625.75,6626.25,6621.5,6622.5,715
2026-03-24 07:17:00,6622.0,6623.25,6620.25,6620.75,549
2026-03-24 07:18:00,6620.75,6624.25,6620.75,6623.5,423
2026-03-24 07:19:00,6623.5,6628.25,6622.75,6628.0,405
2026-03-24 07:20:00,6628.0,6628.25,6624.5,6624.5,284
2026-03-24 07:21:00,6624.5,6626.0,6624.25,6626.0,223
2026-03-24 07:22:00,6626.0,6627.25,6624.5,6626.25,174
2026-03-24 07:23:00,6626.25,6626.75,6625.25,6626.5,114
2026-03-24 07:24:00,6626.0,6628.0,6626.0,6627.0,141
2026-03-24 07:25:00,6626.75,6626.75,6621.0,6623.0,341
2026-03-24 07:26:00,6622.75,6624.0,6622.0,6623.75,190
2026-03-24 07:27:00,6623.5,6625.25,6622.5,6624.5,216
2026-03-24 07:28:00,6625.0,6627.5,6625.0,6626.25,379
2026-03-24 07:29:00,6626.5,6627.75,6624.75,6625.25,397
2026-03-24 07:30:00,6625.0,6626.0,6622.25,6622.5,439
2026-03-24 07:31:00,6622.5,6623.0,6621.5,6622.5,248
2026-03-24 07:32:00,6622.5,6623.5,6620.5,6622.5,387
2026-03-24 07:33:00,6622.5,6623.25,6621.25,6622.0,183
2026-03-24 07:34:00,6622.0,6624.25,6621.25,6624.25,329
2026-03-24 07:35:00,6624.25,6626.0,6620.75,6620.75,355
2026-03-24 07:36:00,6620.75,6624.0,6620.75,6622.25,225
2026-03-24 07:37:00,6622.5,6625.0,6622.0,6623.75,166
2026-03-24 07:38:00,6623.75,6626.0,6622.5,6625.5,265
2026-03-24 07:39:00,6625.5,6626.25,6624.0,6625.5,169
2026-03-24 07:40:00,6625.5,6625.75,6624.0,6625.5,162
2026-03-24 07:41:00,6625.25,6625.25,6622.5,6623.5,142
2026-03-24 07:42:00,6623.25,6625.25,6622.5,6624.0,232
2026-03-24 07:43:00,6624.0,6624.25,6620.0,6621.0,206
2026-03-24 07:44:00,6620.75,6623.75,6620.5,6622.0,651
2026-03-24 07:45:00,6622.0,6626.25,6622.0,6625.0,761
2026-03-24 07:46:00,6625.0,6629.25,6624.75,6628.5,954
2026-03-24 07:47:00,6628.5,6631.75,6627.75,6631.0,499
2026-03-24 07:48:00,6630.75,6632.75,6630.5,6632.25,326
2026-03-24 07:49:00,6632.5,6633.25,6629.5,6629.5,377
2026-03-24 07:50:00,6629.5,6630.0,6628.25,6629.0,197
2026-03-24 07:51:00,6629.25,6629.5,6622.25,6622.75,340
2026-03-24 07:52:00,6622.5,6623.0,6615.25,6615.5,755
2026-03-24 07:53:00,6615.5,6616.25,6604.25,6607.25,3152
2026-03-24 07:54:00,6606.75,6616.0,6606.25,6614.75,1901
2026-03-24 07:55:00,6614.75,6619.0,6614.0,6617.5,787
2026-03-24 07:56:00,6617.75,6619.75,6616.75,6619.25,664
2026-03-24 07:57:00,6619.5,6621.0,6618.25,6620.5,408
2026-03-24 07:58:00,6620.5,6621.75,6619.25,6620.5,600
2026-03-24 07:59:00,6620.75,6628.0,6620.75,6627.0,1197
2026-03-24 08:00:00,6626.75,6630.5,6626.75,6629.25,1005
2026-03-24 08:01:00,6629.25,6629.5,6626.25,6626.5,532
2026-03-24 08:02:00,6626.25,6627.5,6625.75,6626.75,448
2026-03-24 08:03:00,6626.5,6626.75,6624.75,6625.75,382
2026-03-24 08:04:00,6625.5,6625.75,6619.75,6620.0,498
2026-03-24 08:05:00,6619.75,6620.5,6616.0,6617.0,678
2026-03-24 08:06:00,6617.0,6618.75,6616.0,6617.75,527
2026-03-24 08:07:00,6617.75,6618.5,6616.0,6616.5,384
2026-03-24 08:08:00,6616.0,6616.75,6612.5,6615.0,630
2026-03-24 08:09:00,6615.0,6616.25,6614.0,6615.75,414
2026-03-24 08:10:00,6615.75,6617.0,6614.0,6614.25,473
2026-03-24 08:11:00,6614.0,6615.25,6611.5,6613.25,634
2026-03-24 08:12:00,6613.5,6615.0,6613.0,6614.25,490
2026-03-24 08:13:00,6614.0,6619.5,6614.0,6619.5,504
2026-03-24 08:14:00,6619.5,6619.5,6616.75,6617.25,326
2026-03-24 08:15:00,6617.25,6617.5,6614.5,6615.75,570
2026-03-24 08:16:00,6615.5,6616.5,6613.75,6614.5,600
2026-03-24 08:17:00,6614.25,6615.0,6613.5,6614.0,484
2026-03-24 08:18:00,6614.0,6617.75,6613.5,6616.5,552
2026-03-24 08:19:00,6616.5,6616.75,6614.25,6615.5,531
2026-03-24 08:20:00,6615.25,6616.0,6614.0,6614.75,192
2026-03-24 08:21:00,6614.5,6616.0,6613.5,6615.0,434
2026-03-24 08:22:00,6614.75,6616.75,6613.5,6613.5,317
2026-03-24 08:23:00,6613.5,6616.0,6613.5,6615.0,378
2026-03-24 08:24:00,6615.0,6619.25,6614.75,6618.0,737
2026-03-24 08:25:00,6617.5,6619.0,6616.5,6619.0,422
2026-03-24 08:26:00,6618.75,6622.25,6618.5,6622.0,477
2026-03-24 08:27:00,6622.0,6624.25,6622.0,6622.75,396
2026-03-24 08:28:00,6622.75,6623.0,6621.25,6622.0,204
2026-03-24 08:29:00,6621.75,6621.75,6618.5,6619.75,415
2026-03-24 08:30:00,6619.75,6620.5,6616.25,6618.0,853
2026-03-24 08:31:00,6618.25,6618.25,6614.0,6615.75,482
2026-03-24 08:32:00,6615.75,6617.0,6612.25,6612.25,636
2026-03-24 08:33:00,6612.25,6612.25,6606.25,6606.5,943
2026-03-24 08:34:00,6606.5,6608.5,6605.5,6608.5,1004
2026-03-24 08:35:00,6608.25,6609.75,6605.5,6607.0,643
2026-03-24 08:36:00,6607.0,6609.25,6606.75,6607.25,536
2026-03-24 08:37:00,6607.0,6607.25,6600.75,6601.5,1397
2026-03-24 08:38:00,6601.75,6603.0,6599.5,6602.0,1029
2026-03-24 08:39:00,6602.0,6603.5,6600.5,6601.25,612
2026-03-24 08:40:00,6601.25,6604.0,6601.0,6603.0,803
2026-03-24 08:41:00,6603.0,6605.5,6602.0,6602.5,702
2026-03-24 08:42:00,6602.5,6604.0,6601.25,6601.25,619
2026-03-24 08:43:00,6601.5,6603.0,6597.75,6598.75,706
2026-03-24 08:44:00,6598.75,6601.75,6597.5,6598.25,761
2026-03-24 08:45:00,6598.25,6601.0,6598.25,6600.75,534
2026-03-24 08:46:00,6600.75,6602.75,6598.75,6599.75,890
2026-03-24 08:47:00,6600.0,6600.75,6598.25,6600.25,635
2026-03-24 08:48:00,6600.25,6600.5,6596.25,6598.5,665
2026-03-24 08:49:00,6599.0,6599.5,6596.5,6598.0,617
2026-03-24 08:50:00,6598.0,6600.25,6597.5,6597.75,711
2026-03-24 08:51:00,6598.0,6600.25,6597.5,6598.0,476
2026-03-24 08:52:00,6598.25,6606.0,6598.0,6605.5,1521
2026-03-24 08:53:00,6605.75,6606.5,6602.75,6605.0,1124
2026-03-24 08:54:00,6605.0,6605.5,6603.25,6604.75,438
2026-03-24 08:55:00,6604.5,6604.75,6601.5,6602.5,523
2026-03-24 08:56:00,6602.25,6603.5,6600.0,6600.25,1007
2026-03-24 08:57:00,6600.0,6602.25,6600.0,6601.25,503
2026-03-24 08:58:00,6601.0,6601.25,6599.25,6600.0,407
2026-03-24 08:59:00,6600.25,6601.25,6598.25,6599.75,556
2026-03-24 09:00:00,6599.75,6600.25,6597.5,6598.5,912
2026-03-24 09:01:00,6598.25,6601.0,6598.0,6600.0,643
2026-03-24 09:02:00,6600.0,6604.0,6598.75,6602.5,939
2026-03-24 09:03:00,6602.5,6604.0,6601.25,6602.5,858
2026-03-24 09:04:00,6602.25,6602.5,6598.75,6600.0,885
2026-03-24 09:05:00,6600.0,6601.25,6599.5,6600.5,671
2026-03-24 09:06:00,6600.5,6602.0,6597.5,6598.0,930
2026-03-24 09:07:00,6598.0,6598.5,6591.75,6593.25,3584
2026-03-24 09:08:00,6593.5,6595.75,6588.5,6589.0,3193
2026-03-24 09:09:00,6589.25,6590.0,6580.0,6588.5,5604
2026-03-24 09:10:00,6588.5,6592.0,6586.75,6590.25,2428
2026-03-24 09:11:00,6590.5,6594.25,6590.25,6593.5,2155
2026-03-24 09:12:00,6593.75,6595.5,6593.25,6593.5,1342
2026-03-24 09:13:00,6593.5,6596.5,6593.25,6594.0,1049
2026-03-24 09:14:00,6594.25,6595.5,6592.5,6594.5,959
2026-03-24 09:15:00,6594.75,6598.5,6594.25,6594.5,1395
2026-03-24 09:16:00,6594.5,6596.0,6593.75,6594.25,899
2026-03-24 09:17:00,6594.25,6594.75,6590.0,6592.25,1471
2026-03-24 09:18:00,6592.25,6592.25,6589.0,6589.5,1160
2026-03-24 09:19:00,6589.5,6591.0,6588.75,6590.0,915
2026-03-24 09:20:00,6590.0,6590.0,6587.75,6588.5,1071
2026-03-24 09:21:00,6588.75,6589.75,6587.5,6589.75,779
2026-03-24 09:22:00,6589.75,6591.5,6588.0,6590.25,1050
2026-03-24 09:23:00,6590.25,6593.25,6589.25,6592.75,1092
2026-03-24 09:24:00,6592.75,6593.75,6590.0,6590.25,960
2026-03-24 09:25:00,6590.5,6595.5,6589.5,6594.75,2953
2026-03-24 09:26:00,6594.75,6594.75,6589.0,6590.25,1513
2026-03-24 09:27:00,6590.25,6591.25,6586.5,6587.25,1718
2026-03-24 09:28:00,6587.25,6587.25,6584.0,6587.0,1874
2026-03-24 09:29:00,6587.0,6590.5,6586.5,6589.0,2335
2026-03-24 09:30:00,6589.25,6594.25,6584.0,6590.75,10781
2026-03-24 09:31:00,6590.75,6599.5,6585.5,6598.0,8869
2026-03-24 09:32:00,6598.0,6599.25,6594.75,6597.5,5812
2026-03-24 09:33:00,6597.75,6601.75,6596.5,6599.75,5039
2026-03-24 09:34:00,6599.75,6604.0,6598.25,6603.5,4739
2026-03-24 09:35:00,6603.75,6606.0,6595.0,6599.25,8408
2026-03-24 09:36:00,6599.25,6602.0,6593.0,6595.0,6131
2026-03-24 09:37:00,6594.75,6599.5,6592.5,6594.25,4214
2026-03-24 09:38:00,6594.5,6598.0,6592.5,6596.5,3214
2026-03-24 09:39:00,6596.25,6597.25,6586.75,6588.5,4143
2026-03-24 09:40:00,6588.75,6590.0,6581.75,6583.25,5682
2026-03-24 09:41:00,6583.25,6584.25,6573.5,6574.0,6354
2026-03-24 09:42:00,6574.0,6589.0,6573.75,6587.5,6955
2026-03-24 09:43:00,6587.5,6587.5,6582.0,6583.25,3335
2026-03-24 09:44:00,6583.25,6584.75,6581.75,6583.25,3162
2026-03-24 09:45:00,6582.5,6587.5,6579.75,6583.75,5241
2026-03-24 09:46:00,6583.75,6591.75,6583.25,6590.0,5323
2026-03-24 09:47:00,6590.0,6590.5,6585.25,6586.0,3098
2026-03-24 09:48:00,6586.0,6589.0,6578.0,6580.75,4814
2026-03-24 09:49:00,6580.75,6582.25,6576.25,6576.75,3762
2026-03-24 09:50:00,6576.75,6581.5,6575.0,6575.25,4554
2026-03-24 09:51:00,6575.5,6580.0,6574.5,6575.75,4576
2026-03-24 09:52:00,6575.75,6583.5,6573.5,6582.25,4148
2026-03-24 09:53:00,6582.5,6584.5,6579.0,6581.75,5789
2026-03-24 09:54:00,6581.75,6582.75,6576.75,6578.25,3217
2026-03-24 09:55:00,6578.25,6581.75,6577.5,6581.0,3331
2026-03-24 09:56:00,6580.75,6585.25,6580.75,6583.5,4384
2026-03-24 09:57:00,6583.25,6590.5,6582.5,6587.5,5371
2026-03-24 09:58:00,6587.75,6588.5,6581.25,6587.75,3825
2026-03-24 09:59:00,6587.5,6590.5,6585.5,6589.75,3126
2026-03-24 10:00:00,6590.0,6598.75,6587.25,6596.0,10875
2026-03-24 10:01:00,6596.0,6596.75,6592.75,6593.25,5691
2026-03-24 10:02:00,6593.5,6597.25,6588.5,6595.75,6708
2026-03-24 10:03:00,6595.75,6597.75,6593.75,6595.5,4169
2026-03-24 10:04:00,6595.25,6599.0,6595.0,6598.5,4104
2026-03-24 10:05:00,6598.25,6599.75,6592.0,6592.75,4997
2026-03-24 10:06:00,6592.5,6598.5,6591.0,6598.5,3745
2026-03-24 10:07:00,6598.5,6610.5,6597.75,6608.0,10075
2026-03-24 10:08:00,6607.75,6607.75,6603.25,6606.5,6494
2026-03-24 10:09:00,6606.25,6609.5,6604.25,6609.5,5491
2026-03-24 10:10:00,6609.5,6611.75,6606.75,6607.0,5716
2026-03-24 10:11:00,6607.0,6607.25,6603.25,6603.75,5020
2026-03-24 10:12:00,6604.0,6605.0,6598.75,6600.0,5622
2026-03-24 10:13:00,6600.0,6600.75,6590.75,6594.25,7696
2026-03-24 10:14:00,6594.0,6602.5,6593.0,6601.25,5844
2026-03-24 10:15:00,6601.25,6602.75,6598.0,6598.5,4340
2026-03-24 10:16:00,6598.75,6599.5,6592.0,6592.75,3490
2026-03-24 10:17:00,6592.5,6598.0,6592.5,6597.0,3643
2026-03-24 10:18:00,6597.0,6600.75,6594.0,6599.0,3923
2026-03-24 10:19:00,6599.0,6602.25,6599.0,6601.0,3601
2026-03-24 10:20:00,6600.75,6602.75,6598.5,6600.75,3800
2026-03-24 10:21:00,6600.75,6604.75,6600.0,6602.5,3770
2026-03-24 10:22:00,6602.5,6604.5,6592.5,6593.75,4266
2026-03-24 10:23:00,6593.5,6600.0,6593.5,6598.25,3577
2026-03-24 10:24:00,6598.0,6600.5,6597.5,6598.5,3732
2026-03-24 10:25:00,6598.5,6598.75,6593.25,6595.0,3178
2026-03-24 10:26:00,6595.25,6602.5,6595.0,6599.75,3597
2026-03-24 10:27:00,6600.0,6609.0,6599.0,6607.25,5260
2026-03-24 10:28:00,6607.25,6609.5,6605.25,6607.0,5491
2026-03-24 10:29:00,6607.0,6607.5,6598.25,6600.0,4472
2026-03-24 10:30:00,6600.25,6604.75,6598.75,6602.5,3939
2026-03-24 10:31:00,6602.5,6605.75,6601.5,6604.75,3702
2026-03-24 10:32:00,6604.75,6606.5,6601.25,6606.25,2988
2026-03-24 10:33:00,6606.25,6609.75,6605.0,6608.25,3239
2026-03-24 10:34:00,6608.25,6609.75,6606.5,6608.75,2546
2026-03-24 10:35:00,6609.0,6610.5,6605.75,6607.0,3788
2026-03-24 10:36:00,6607.0,6607.0,6600.0,6601.0,4075
2026-03-24 10:37:00,6601.0,6605.0,6599.0,6601.0,3281
2026-03-24 10:38:00,6601.0,6602.5,6597.0,6601.25,3686
2026-03-24 10:39:00,6601.25,6604.0,6599.25,6602.25,3010
2026-03-24 10:40:00,6602.25,6607.75,6599.75,6607.25,3019
2026-03-24 10:41:00,6607.0,6610.5,6605.0,6607.0,3261
2026-03-24 10:42:00,6607.0,6612.5,6606.75,6611.5,2897
2026-03-24 10:43:00,6611.25,6612.25,6606.0,6607.5,3724
2026-03-24 10:44:00,6607.25,6613.25,6606.5,6613.0,3610
2026-03-24 10:45:00,6612.75,6613.0,6601.75,6602.25,3651
2026-03-24 10:46:00,6602.0,6617.0,6602.0,6615.0,8110
2026-03-24 10:47:00,6615.0,6616.5,6608.75,6609.75,6702
2026-03-24 10:48:00,6609.75,6612.0,6608.75,6610.25,3890
2026-03-24 10:49:00,6610.25,6610.25,6602.5,6602.75,3428
2026-03-24 10:50:00,6603.0,6603.25,6597.25,6598.0,5525
2026-03-24 10:51:00,6598.0,6623.25,6598.0,6621.25,13194
2026-03-24 10:52:00,6621.5,6635.25,6620.0,6623.5,26153
2026-03-24 10:53:00,6623.25,6629.25,6617.0,6629.0,11935
2026-03-24 10:54:00,6628.5,6630.0,6618.25,6620.0,9796
2026-03-24 10:55:00,6619.75,6627.25,6617.25,6624.5,10386
2026-03-24 10:56:00,6624.5,6632.0,6622.25,6629.75,7946
2026-03-24 10:57:00,6629.75,6630.75,6626.0,6629.0,4687
2026-03-24 10:58:00,6628.5,6629.0,6617.75,6621.5,7535
2026-03-24 10:59:00,6621.5,6622.25,6599.5,6615.0,17085
2026-03-24 11:00:00,6615.25,6631.0,6614.5,6625.5,9044
2026-03-24 11:01:00,6625.25,6628.75,6623.25,6627.5,3982
2026-03-24 11:02:00,6627.5,6628.5,6621.75,6627.0,4279
2026-03-24 11:03:00,6627.0,6628.75,6624.0,6627.0,3235
2026-03-24 11:04:00,6627.0,6627.25,6622.5,6624.75,3220
2026-03-24 11:05:00,6624.5,6625.0,6621.25,6623.75,2799
2026-03-24 11:06:00,6623.75,6625.5,6622.0,6625.0,2256
2026-03-24 11:07:00,6625.0,6627.25,6623.5,6627.0,1894
2026-03-24 11:08:00,6626.75,6628.0,6621.75,6624.0,3042
2026-03-24 11:09:00,6624.0,6626.5,6623.25,6624.75,2105
2026-03-24 11:10:00,6624.5,6625.0,6619.75,6623.5,2593
2026-03-24 11:11:00,6623.5,6630.75,6623.5,6627.0,4633
2026-03-24 11:12:00,6627.0,6629.0,6626.0,6626.75,1922
2026-03-24 11:13:00,6626.5,6627.5,6624.5,6625.5,1628
2026-03-24 11:14:00,6625.25,6628.5,6623.75,6628.25,2052
2026-03-24 11:15:00,6627.75,6631.5,6626.75,6630.75,3253
2026-03-24 11:16:00,6631.0,6634.5,6629.25,6634.0,3016
2026-03-24 11:17:00,6633.75,6634.25,6626.75,6627.75,2827
2026-03-24 11:18:00,6628.0,6633.25,6628.0,6632.0,2514
2026-03-24 11:19:00,6631.75,6634.25,6630.75,6632.5,2877
2026-03-24 11:20:00,6632.25,6633.75,6628.75,6632.75,2992
2026-03-24 11:21:00,6632.5,6637.25,6631.75,6635.0,5061
2026-03-24 11:22:00,6634.75,6637.25,6633.75,6636.0,3841
2026-03-24 11:23:00,6636.25,6636.5,6632.75,6635.0,2608
2026-03-24 11:24:00,6635.0,6640.0,6635.0,6639.5,5160
2026-03-24 11:25:00,6639.5,6643.75,6638.5,6643.5,7471
2026-03-24 11:26:00,6643.5,6643.75,6639.75,6640.25,3198
2026-03-24 11:27:00,6640.0,6640.25,6635.75,6636.5,4602
2026-03-24 11:28:00,6636.5,6637.75,6635.0,6635.75,3420
2026-03-24 11:29:00,6635.5,6636.75,6633.5,6636.5,3505
2026-03-24 11:30:00,6636.25,6639.25,6635.25,6636.0,3553
2026-03-24 11:31:00,6636.0,6639.5,6632.75,6633.5,2802
2026-03-24 11:32:00,6633.5,6633.75,6629.0,6631.5,3863
2026-03-24 11:33:00,6631.5,6631.5,6628.5,6629.25,2470
2026-03-24 11:34:00,6629.25,6634.25,6629.25,6633.25,2793
2026-03-24 11:35:00,6633.0,6636.25,6632.25,6634.5,2643
2026-03-24 11:36:00,6634.25,6637.0,6634.0,6636.5,2013
2026-03-24 11:37:00,6636.25,6639.75,6635.25,6639.0,2338
2026-03-24 11:38:00,6639.0,6640.25,6637.5,6639.0,3243
2026-03-24 11:39:00,6639.0,6641.0,6638.0,6638.5,2370
2026-03-24 11:40:00,6638.25,6641.0,6637.75,6639.75,2279
2026-03-24 11:41:00,6639.75,6639.75,6636.0,6638.75,2530
2026-03-24 11:42:00,6638.75,6639.75,6636.0,6636.75,2510
2026-03-24 11:43:00,6636.75,6638.25,6635.5,6637.0,2238
2026-03-24 11:44:00,6637.0,6639.0,6636.75,6638.0,1561
2026-03-24 11:45:00,6638.0,6639.5,6636.25,6638.5,2254
2026-03-24 11:46:00,6638.5,6640.0,6638.0,6639.25,2015
2026-03-24 11:47:00,6639.25,6639.75,6637.25,6637.75,1740
2026-03-24 11:48:00,6638.0,6641.25,6637.0,6640.75,2148
2026-03-24 11:49:00,6640.75,6642.5,6639.5,6641.25,2554
2026-03-24 11:50:00,6641.25,6644.75,6641.0,6642.0,2631
2026-03-24 11:51:00,6642.25,6646.0,6642.0,6645.25,2217
2026-03-24 11:52:00,6645.0,6645.0,6642.75,6644.25,1995
2026-03-24 11:53:00,6644.0,6644.25,6639.5,6640.75,2418
2026-03-24 11:54:00,6640.75,6642.0,6639.75,6640.0,1525
2026-03-24 11:55:00,6640.0,6640.25,6634.25,6635.0,4222
2026-03-24 11:56:00,6634.75,6636.0,6625.75,6627.25,7349
2026-03-24 11:57:00,6627.0,6630.5,6624.5,6625.75,6080
2026-03-24 11:58:00,6625.75,6629.25,6624.5,6627.75,4170
2026-03-24 11:59:00,6627.75,6630.25,6625.5,6625.75,3024
2026-03-24 12:00:00,6626.0,6628.0,6624.0,6626.25,5007
2026-03-24 12:01:00,6626.25,6628.25,6622.25,6622.25,3360
2026-03-24 12:02:00,6622.5,6624.75,6621.25,6623.0,3566
2026-03-24 12:03:00,6623.0,6625.5,6622.25,6622.5,2433
2026-03-24 12:04:00,6622.5,6625.5,6621.0,6622.0,2901
2026-03-24 12:05:00,6621.75,6623.75,6619.75,6620.5,2889
2026-03-24 12:06:00,6620.25,6621.0,6618.0,6620.5,3076
2026-03-24 12:07:00,6620.25,6624.0,6620.0,6622.75,2910
2026-03-24 12:08:00,6622.75,6623.25,6620.5,6621.75,2085
2026-03-24 12:09:00,6621.5,6626.5,6621.5,6626.25,2913
2026-03-24 12:10:00,6626.25,6627.5,6624.25,6626.25,2495
2026-03-24 12:11:00,6626.0,6627.0,6622.25,6622.75,2264
2026-03-24 12:12:00,6622.5,6626.25,6620.5,6624.0,2408
2026-03-24 12:13:00,6623.75,6624.5,6621.75,6623.25,1938
2026-03-24 12:14:00,6623.0,6626.25,6621.75,6625.0,2060
2026-03-24 12:15:00,6625.0,6628.75,6624.0,6628.0,2090
2026-03-24 12:16:00,6628.0,6634.75,6628.0,6634.25,4222
2026-03-24 12:17:00,6634.25,6636.5,6633.25,6635.0,4040
2026-03-24 12:18:00,6635.0,6635.25,6631.75,6633.0,2596
2026-03-24 12:19:00,6633.0,6634.75,6632.0,6634.5,1969
2026-03-24 12:20:00,6634.25,6634.5,6632.5,6633.75,2253
2026-03-24 12:21:00,6633.5,6634.25,6630.75,6633.25,2723
2026-03-24 12:22:00,6633.0,6638.0,6633.0,6637.25,3612
2026-03-24 12:23:00,6637.25,6637.25,6635.0,6636.25,1729
2026-03-24 12:24:00,6636.5,6636.5,6634.25,6635.5,1677
2026-03-24 12:25:00,6635.5,6635.75,6631.5,6632.25,3470
2026-03-24 12:26:00,6632.25,6634.25,6632.0,6633.0,2050
2026-03-24 12:27:00,6632.75,6635.5,6630.75,6635.25,2507
2026-03-24 12:28:00,6635.25,6636.25,6633.5,6635.0,2000
2026-03-24 12:29:00,6634.75,6635.75,6633.5,6635.25,1770
2026-03-24 12:30:00,6635.25,6636.5,6632.25,6633.0,2566
2026-03-24 12:31:00,6633.0,6635.75,6632.75,6634.5,1980
2026-03-24 12:32:00,6634.75,6635.25,6632.25,6634.5,1508
2026-03-24 12:33:00,6634.5,6634.75,6630.75,6631.25,1432
2026-03-24 12:34:00,6631.0,6632.25,6629.25,6629.5,2562
2026-03-24 12:35:00,6629.75,6630.25,6621.5,6623.75,4130
2026-03-24 12:36:00,6623.5,6626.0,6622.75,6623.5,3122
2026-03-24 12:37:00,6623.5,6625.0,6619.25,6619.5,3165
2026-03-24 12:38:00,6619.5,6621.25,6616.5,6620.0,4150
2026-03-24 12:39:00,6620.25,6620.25,6615.75,6616.75,2792
2026-03-24 12:40:00,6617.0,6619.5,6615.25,6617.75,2861
2026-03-24 12:41:00,6617.75,6620.75,6617.25,6620.0,2392
2026-03-24 12:42:00,6619.75,6622.5,6619.5,6621.75,2629
2026-03-24 12:43:00,6621.5,6626.5,6621.0,6626.0,3247
2026-03-24 12:44:00,6626.0,6627.5,6624.25,6627.5,2101
2026-03-24 12:45:00,6627.75,6633.0,6627.0,6631.75,3357
2026-03-24 12:46:00,6631.5,6632.75,6629.0,6629.75,2050
2026-03-24 12:47:00,6629.75,6630.25,6628.0,6629.25,1414
2026-03-24 12:48:00,6629.25,6629.5,6625.0,6625.25,2105
2026-03-24 12:49:00,6625.25,6626.5,6624.5,6625.75,1720
2026-03-24 12:50:00,6625.75,6629.25,6625.0,6627.75,2091
2026-03-24 12:51:00,6628.0,6630.0,6627.75,6629.25,1644
2026-03-24 12:52:00,6629.25,6631.5,6629.25,6631.0,1655
2026-03-24 12:53:00,6630.75,6631.0,6627.25,6629.25,2034
2026-03-24 12:54:00,6629.0,6629.0,6625.75,6626.0,1479
2026-03-24 12:55:00,6626.0,6627.0,6619.25,6622.25,7223
2026-03-24 12:56:00,6622.0,6628.75,6621.75,6627.75,2657
2026-03-24 12:57:00,6627.75,6629.25,6623.75,6624.0,1941
2026-03-24 12:58:00,6623.75,6627.0,6623.75,6626.0,1497
2026-03-24 12:59:00,6625.75,6626.75,6625.0,6626.5,725
2026-03-24 13:00:00,6626.5,6629.25,6626.25,6628.75,1311
2026-03-24 13:01:00,6628.5,6629.0,6627.5,6628.0,867
2026-03-24 13:02:00,6627.75,6628.25,6621.5,6623.0,3169
2026-03-24 13:03:00,6622.75,6623.75,6614.75,6615.5,4336
2026-03-24 13:04:00,6615.5,6616.75,6610.25,6610.75,4750
2026-03-24 13:05:00,6610.75,6610.75,6602.0,6603.5,10101
2026-03-24 13:06:00,6603.75,6611.5,6603.25,6608.25,7990
2026-03-24 13:07:00,6608.25,6611.5,6606.25,6608.75,4933
2026-03-24 13:08:00,6608.75,6611.0,6606.75,6607.25,3578
2026-03-24 13:09:00,6607.25,6609.5,6604.0,6605.0,4423
2026-03-24 13:10:00,6605.0,6605.5,6600.5,6604.25,5445
2026-03-24 13:11:00,6604.25,6608.5,6604.25,6606.0,3820
2026-03-24 13:12:00,6605.75,6607.25,6600.25,6601.0,2853
2026-03-24 13:13:00,6601.0,6605.75,6600.25,6604.75,3514
2026-03-24 13:14:00,6604.75,6605.5,6602.25,6604.0,2219
2026-03-24 13:15:00,6604.0,6607.25,6603.5,6604.75,3193
2026-03-24 13:16:00,6604.75,6605.25,6601.0,6603.25,2851
2026-03-24 13:17:00,6603.0,6606.25,6600.75,6601.0,2522
2026-03-24 13:18:00,6601.25,6605.0,6601.0,6601.75,2972
2026-03-24 13:19:00,6601.75,6605.75,6601.75,6602.75,2126
2026-03-24 13:20:00,6603.0,6607.25,6601.5,6605.25,2880
2026-03-24 13:21:00,6605.25,6608.0,6605.0,6605.75,3211
2026-03-24 13:22:00,6605.75,6607.0,6603.75,6605.75,1892
2026-03-24 13:23:00,6605.25,6608.0,6605.25,6607.25,2073
2026-03-24 13:24:00,6607.25,6608.5,6605.25,6605.75,2643
2026-03-24 13:25:00,6605.75,6606.25,6604.25,6605.25,1449
2026-03-24 13:26:00,6605.5,6607.0,6603.25,6604.75,1821
2026-03-24 13:27:00,6604.5,6607.75,6604.5,6605.5,2035
2026-03-24 13:28:00,6605.5,6609.5,6605.5,6609.5,2168
2026-03-24 13:29:00,6609.25,6610.0,6607.25,6608.75,2016
2026-03-24 13:30:00,6608.75,6615.5,6608.5,6613.5,4969
2026-03-24 13:31:00,6613.25,6615.5,6612.5,6614.75,2899
2026-03-24 13:32:00,6615.0,6615.0,6610.25,6611.0,2649
2026-03-24 13:33:00,6611.0,6611.25,6605.0,6606.0,3422
2026-03-24 13:34:00,6606.0,6607.5,6603.75,6604.5,1953
2026-03-24 13:35:00,6604.5,6606.0,6601.75,6604.5,2179
2026-03-24 13:36:00,6604.5,6606.5,6604.0,6604.5,1953
2026-03-24 13:37:00,6604.75,6608.75,6603.75,6608.75,1663
2026-03-24 13:38:00,6608.75,6610.25,6605.75,6606.25,1895
2026-03-24 13:39:00,6606.25,6609.0,6606.0,6608.5,1197
2026-03-24 13:40:00,6608.75,6612.0,6608.25,6608.5,2523
2026-03-24 13:41:00,6609.0,6609.0,6605.0,6607.5,1463
2026-03-24 13:42:00,6607.5,6607.5,6599.5,6602.25,2707
2026-03-24 13:43:00,6602.25,6604.0,6601.75,6601.75,1053
2026-03-24 13:44:00,6602.0,6602.5,6599.25,6600.75,1972
2026-03-24 13:45:00,6600.75,6602.0,6598.5,6600.5,1955
2026-03-24 13:46:00,6600.75,6603.0,6600.25,6601.75,1727
2026-03-24 13:47:00,6601.5,6603.0,6601.0,6602.75,1484
2026-03-24 13:48:00,6602.5,6605.0,6601.5,6604.0,1956
2026-03-24 13:49:00,6603.75,6606.25,6603.25,6603.5,1991
2026-03-24 13:50:00,6603.25,6603.75,6601.75,6603.5,1119
2026-03-24 13:51:00,6603.75,6605.0,6602.75,6603.5,1676
2026-03-24 13:52:00,6603.5,6613.25,6602.75,6605.0,7785
2026-03-24 13:53:00,6605.0,6605.5,6602.5,6604.75,2532
2026-03-24 13:54:00,6604.75,6608.0,6603.25,6606.5,2177
2026-03-24 13:55:00,6606.5,6618.5,6604.75,6612.0,13525
2026-03-24 13:56:00,6611.75,6618.5,6610.75,6613.25,8184
2026-03-24 13:57:00,6613.25,6616.75,6609.75,6613.5,5728
2026-03-24 13:58:00,6613.5,6618.75,6612.5,6617.75,6114
2026-03-24 13:59:00,6617.75,6618.25,6613.0,6618.25,3554
2026-03-24 14:00:00,6618.25,6625.25,6617.25,6620.75,5307
2026-03-24 14:01:00,6620.75,6621.5,6615.5,6618.0,4017
2026-03-24 14:02:00,6618.0,6619.5,6614.75,6619.0,2691
2026-03-24 14:03:00,6619.0,6619.75,6615.25,6617.75,2244
2026-03-24 14:04:00,6617.5,6619.75,6615.75,6618.0,2121
2026-03-24 14:05:00,6618.25,6618.75,6616.5,6618.5,1717
2026-03-24 14:06:00,6618.5,6619.25,6616.25,6617.5,1822
2026-03-24 14:07:00,6617.25,6618.25,6614.25,6618.25,1737
2026-03-24 14:08:00,6618.25,6618.75,6612.5,6614.5,2598
2026-03-24 14:09:00,6614.5,6615.25,6612.5,6613.0,1680
2026-03-24 14:10:00,6613.25,6614.75,6611.5,6612.0,1596
2026-03-24 14:11:00,6612.0,6615.75,6611.0,6615.5,1818
2026-03-24 14:12:00,6615.25,6615.75,6613.75,6614.5,1292
2026-03-24 14:13:00,6614.25,6615.0,6612.25,6612.75,1382
2026-03-24 14:14:00,6612.75,6615.25,6612.0,6613.5,1173
2026-03-24 14:15:00,6613.75,6613.75,6609.75,6611.25,2043
2026-03-24 14:16:00,6611.25,6611.5,6609.0,6611.25,1809
2026-03-24 14:17:00,6611.25,6613.0,6608.0,6609.25,2034
2026-03-24 14:18:00,6609.25,6610.25,6607.25,6610.0,1578
2026-03-24 14:19:00,6610.0,6617.75,6609.75,6615.75,7471
2026-03-24 14:20:00,6615.75,6619.25,6613.5,6615.75,3754
2026-03-24 14:21:00,6615.5,6617.0,6614.0,6616.25,2092
2026-03-24 14:22:00,6616.0,6616.5,6612.25,6613.25,1874
2026-03-24 14:23:00,6613.5,6616.0,6613.25,6614.0,1380
2026-03-24 14:24:00,6614.25,6617.0,6614.0,6616.5,1343
2026-03-24 14:25:00,6616.5,6620.25,6615.5,6619.0,1622
2026-03-24 14:26:00,6619.25,6620.5,6618.5,6620.0,1974
2026-03-24 14:27:00,6620.25,6624.25,6619.0,6624.0,3215
2026-03-24 14:28:00,6624.0,6624.0,6617.25,6619.0,2914
2026-03-24 14:29:00,6619.25,6622.75,6617.0,6621.0,3051
2026-03-24 14:30:00,6621.25,6622.0,6618.0,6619.75,2879
2026-03-24 14:31:00,6619.75,6627.5,6618.5,6627.25,3382
2026-03-24 14:32:00,6627.25,6631.5,6626.75,6628.75,4272
2026-03-24 14:33:00,6628.75,6629.0,6624.25,6626.25,3326
2026-03-24 14:34:00,6626.25,6627.75,6624.25,6625.0,3420
2026-03-24 14:35:00,6625.0,6629.75,6624.75,6629.5,1955
2026-03-24 14:36:00,6629.25,6629.25,6626.25,6629.0,1496
2026-03-24 14:37:00,6629.0,6630.75,6627.75,6629.5,2000
2026-03-24 14:38:00,6629.75,6637.25,6629.0,6636.5,5683
2026-03-24 14:39:00,6636.5,6641.75,6633.25,6640.75,8139
2026-03-24 14:40:00,6640.75,6641.0,6637.75,6639.25,4560
2026-03-24 14:41:00,6639.5,6639.5,6627.25,6629.0,7247
2026-03-24 14:42:00,6629.0,6630.25,6623.0,6627.5,7740
2026-03-24 14:43:00,6627.5,6629.25,6624.75,6627.0,3692
2026-03-24 14:44:00,6627.0,6629.75,6626.75,6628.5,1961
2026-03-24 14:45:00,6628.5,6629.75,6625.75,6626.75,1851
2026-03-24 14:46:00,6626.75,6627.75,6624.25,6626.75,2055
2026-03-24 14:47:00,6627.0,6628.0,6623.5,6624.5,2191
2026-03-24 14:48:00,6624.5,6627.25,6623.75,6624.25,1811
2026-03-24 14:49:00,6624.25,6626.0,6622.75,6625.25,1333
2026-03-24 14:50:00,6625.25,6627.25,6625.0,6625.75,1343
2026-03-24 14:51:00,6625.75,6627.75,6625.0,6627.0,1293
2026-03-24 14:52:00,6627.25,6629.5,6625.5,6629.0,1245
2026-03-24 14:53:00,6629.0,6633.0,6627.5,6627.75,3775
2026-03-24 14:54:00,6627.75,6628.0,6625.0,6627.75,2211
2026-03-24 14:55:00,6627.75,6627.75,6624.0,6624.25,2678
2026-03-24 14:56:00,6624.25,6624.5,6619.5,6622.75,3083
2026-03-24 14:57:00,6622.75,6624.0,6621.25,6622.0,1525
2026-03-24 14:58:00,6622.0,6625.25,6621.5,6623.25,2079
2026-03-24 14:59:00,6623.25,6624.75,6622.75,6623.75,1505
2026-03-24 15:00:00,6623.75,6629.0,6623.5,6629.0,3897
2026-03-24 15:01:00,6629.0,6631.5,6628.0,6628.5,3603
2026-03-24 15:02:00,6628.25,6629.5,6627.0,6627.25,2171
2026-03-24 15:03:00,6627.5,6629.5,6626.75,6628.0,1616
2026-03-24 15:04:00,6628.0,6628.75,6626.5,6626.75,1592
2026-03-24 15:05:00,6626.75,6627.5,6624.5,6627.5,2248
2026-03-24 15:06:00,6627.5,6627.75,6625.75,6627.25,1312
2026-03-24 15:07:00,6627.25,6627.75,6625.25,6625.25,1027
2026-03-24 15:08:00,6625.5,6626.5,6623.75,6626.5,1411
2026-03-24 15:09:00,6626.5,6629.5,6626.25,6628.5,2030
2026-03-24 15:10:00,6628.75,6629.5,6627.5,6628.25,1120
2026-03-24 15:11:00,6628.25,6631.25,6628.25,6629.25,1511
2026-03-24 15:12:00,6629.5,6630.75,6628.5,6629.5,926
2026-03-24 15:13:00,6629.75,6630.5,6628.5,6630.0,1002
2026-03-24 15:14:00,6630.0,6632.25,6629.25,6632.0,1599
2026-03-24 15:15:00,6632.0,6632.0,6630.5,6631.0,1654
2026-03-24 15:16:00,6631.0,6631.0,6628.25,6630.0,1653
2026-03-24 15:17:00,6630.0,6630.0,6627.0,6627.25,1641
2026-03-24 15:18:00,6627.25,6628.25,6625.0,6626.5,2190
2026-03-24 15:19:00,6626.5,6628.75,6626.5,6627.75,1291
2026-03-24 15:20:00,6627.5,6628.75,6625.75,6627.0,1220
2026-03-24 15:21:00,6627.0,6627.0,6624.25,6626.0,1667
2026-03-24 15:22:00,6626.0,6627.25,6625.0,6625.25,1430
2026-03-24 15:23:00,6625.5,6625.75,6622.25,6625.0,4088
2026-03-24 15:24:00,6625.0,6627.0,6623.25,6626.0,2993
2026-03-24 15:25:00,6625.75,6627.25,6624.25,6624.5,1458
2026-03-24 15:26:00,6624.5,6625.25,6621.5,6623.0,2524
2026-03-24 15:27:00,6623.0,6624.5,6621.5,6622.0,1182
2026-03-24 15:28:00,6621.75,6622.25,6618.25,6619.25,2861
2026-03-24 15:29:00,6619.25,6620.75,6619.0,6619.75,1550
2026-03-24 15:30:00,6619.5,6620.5,6614.75,6620.0,4322
2026-03-24 15:31:00,6620.25,6623.0,6619.0,6620.0,3060
2026-03-24 15:32:00,6620.0,6621.75,6617.5,6618.5,1775
2026-03-24 15:33:00,6618.5,6618.75,6616.5,6618.75,1394
2026-03-24 15:34:00,6618.75,6618.75,6615.25,6616.0,2127
2026-03-24 15:35:00,6616.0,6616.25,6610.5,6612.0,3297
2026-03-24 15:36:00,6612.0,6615.75,6610.75,6614.0,3258
2026-03-24 15:37:00,6614.0,6616.25,6613.25,6615.25,2354
2026-03-24 15:38:00,6615.25,6616.5,6614.25,6614.5,1670
2026-03-24 15:39:00,6614.25,6614.75,6613.25,6614.75,1838
2026-03-24 15:40:00,6614.5,6615.5,6613.75,6614.5,1512
2026-03-24 15:41:00,6614.5,6616.5,6613.5,6615.0,2152
2026-03-24 15:42:00,6615.0,6617.75,6614.5,6617.5,2090
2026-03-24 15:43:00,6617.5,6618.25,6614.75,6615.0,1739
2026-03-24 15:44:00,6615.0,6615.75,6612.75,6613.25,2644
2026-03-24 15:45:00,6613.25,6613.5,6610.0,6610.25,2767
2026-03-24 15:46:00,6610.0,6610.25,6606.5,6608.5,3300
2026-03-24 15:47:00,6608.5,6611.25,6608.5,6608.5,2074
2026-03-24 15:48:00,6608.75,6610.25,6608.25,6609.5,1833
2026-03-24 15:49:00,6609.5,6611.25,6609.0,6610.25,2221
2026-03-24 15:50:00,6610.5,6611.5,6606.75,6608.0,4383
2026-03-24 15:51:00,6608.25,6610.5,6603.75,6605.75,4499
2026-03-24 15:52:00,6605.5,6606.25,6603.5,6604.75,3578
2026-03-24 15:53:00,6604.75,6606.0,6603.25,6603.5,2633
2026-03-24 15:54:00,6603.25,6604.5,6602.5,6603.75,3499
2026-03-24 15:55:00,6603.5,6605.0,6600.75,6602.5,6355
2026-03-24 15:56:00,6602.5,6604.25,6601.75,6603.25,3680
2026-03-24 15:57:00,6603.25,6603.5,6600.25,6601.5,4535
2026-03-24 15:58:00,6601.5,6603.75,6601.25,6602.75,5813
2026-03-24 15:59:00,6602.75,6608.25,6601.0,6607.0,51632
2026-03-24 16:00:00,6607.0,6609.0,6605.75,6608.0,10790
2026-03-24 16:01:00,6607.75,6609.5,6606.75,6608.5,2647
2026-03-24 16:02:00,6608.25,6609.25,6608.0,6608.25,1658
2026-03-24 16:03:00,6608.5,6608.75,6607.0,6607.75,1310
2026-03-24 16:04:00,6607.75,6609.0,6606.75,6608.5,1077
2026-03-24 16:05:00,6608.75,6610.25,6608.0,6608.25,1443
2026-03-24 16:06:00,6608.25,6608.25,6606.75,6607.25,884
2026-03-24 16:07:00,6607.25,6609.0,6607.25,6607.5,675
2026-03-24 16:08:00,6607.5,6608.25,6607.0,6607.5,600
2026-03-24 16:09:00,6607.75,6608.0,6606.5,6607.5,756
2026-03-24 16:10:00,6607.75,6608.25,6606.75,6608.25,783
2026-03-24 16:11:00,6608.0,6609.0,6606.75,6607.75,1421
2026-03-24 16:12:00,6607.5,6609.0,6607.5,6609.0,799
2026-03-24 16:13:00,6608.75,6610.25,6608.75,6609.75,688
2026-03-24 16:14:00,6610.0,6611.0,6609.5,6610.75,785
2026-03-24 16:15:00,6610.5,6611.75,6610.5,6611.25,730
2026-03-24 16:16:00,6611.0,6611.0,6608.75,6609.0,530
2026-03-24 16:17:00,6609.0,6609.75,6608.75,6609.5,260
2026-03-24 16:18:00,6609.5,6610.25,6608.75,6609.0,633
2026-03-24 16:19:00,6609.0,6615.25,6608.0,6615.25,3334
2026-03-24 16:20:00,6615.0,6645.5,6615.0,6644.5,10386
2026-03-24 16:21:00,6644.25,6650.5,6637.5,6640.75,7141
2026-03-24 16:22:00,6641.0,6667.5,6639.0,6658.75,11867
2026-03-24 16:23:00,6659.0,6662.75,6651.25,6658.5,5654
2026-03-24 16:24:00,6658.25,6666.75,6653.75,6665.75,5580
2026-03-24 16:25:00,6665.75,6671.0,6660.25,6663.0,6026
2026-03-24 16:26:00,6662.75,6680.5,6662.25,6677.5,7214
2026-03-24 16:27:00,6677.75,6679.0,6656.5,6660.25,4636
2026-03-24 16:28:00,6660.25,6660.25,6648.25,6648.75,4490
2026-03-24 16:29:00,6649.0,6653.5,6642.5,6649.25,3893
2026-03-24 16:30:00,6649.5,6655.0,6647.5,6648.25,2466
2026-03-24 16:31:00,6648.25,6653.25,6647.25,6648.5,2631
2026-03-24 16:32:00,6648.25,6654.25,6647.0,6652.5,1933
2026-03-24 16:33:00,6652.75,6657.0,6652.75,6655.75,2360
2026-03-24 16:34:00,6655.75,6658.0,6651.75,6654.5,1690
2026-03-24 16:35:00,6654.25,6661.25,6653.5,6660.0,2066
2026-03-24 16:36:00,6659.5,6668.25,6658.5,6666.25,2197
2026-03-24 16:37:00,6666.25,6666.5,6662.0,6664.75,1565
2026-03-24 16:38:00,6664.5,6668.5,6664.0,6666.0,1771
2026-03-24 16:39:00,6665.5,6677.75,6658.75,6674.0,5632
2026-03-24 16:40:00,6674.25,6674.25,6656.5,6659.75,3160
2026-03-24 16:41:00,6659.5,6659.75,6651.0,6654.0,1913
2026-03-24 16:42:00,6653.75,6654.75,6646.0,6650.75,2440
2026-03-24 16:43:00,6650.5,6650.75,6643.25,6647.5,1831
2026-03-24 16:44:00,6647.0,6653.0,6646.75,6652.5,889
2026-03-24 16:45:00,6652.5,6657.75,6650.75,6653.5,1656
2026-03-24 16:46:00,6653.5,6654.5,6640.0,6644.5,2433
2026-03-24 16:47:00,6644.5,6645.5,6640.0,6645.0,2274
2026-03-24 16:48:00,6645.25,6649.75,6645.0,6649.0,913
2026-03-24 16:49:00,6649.0,6653.75,6648.5,6651.75,1551
2026-03-24 16:50:00,6651.75,6652.25,6647.5,6648.25,1421
2026-03-24 16:51:00,6648.0,6653.25,6647.25,6651.5,798
2026-03-24 16:52:00,6651.5,6653.25,6649.75,6650.5,565
2026-03-24 16:53:00,6650.25,6650.75,6647.0,6648.75,713
2026-03-24 16:54:00,6648.5,6649.75,6643.75,6646.5,1018
2026-03-24 16:55:00,6646.75,6652.25,6646.0,6649.5,1220
2026-03-24 16:56:00,6649.5,6650.5,6647.75,6648.5,740
2026-03-24 16:57:00,6648.25,6651.5,6647.5,6649.5,1029
2026-03-24 16:58:00,6649.25,6651.25,6647.0,6648.0,1067
2026-03-24 16:59:00,6647.75,6649.25,6644.0,6646.25,904
2026-03-24 18:00:00,6646.5,6657.25,6646.5,6653.5,1012
2026-03-24 18:01:00,6651.75,6655.0,6651.5,6653.0,239
2026-03-24 18:02:00,6652.25,6655.5,6652.25,6654.0,330
2026-03-24 18:03:00,6654.25,6654.5,6651.5,6652.75,329
2026-03-24 18:04:00,6652.5,6656.5,6652.5,6655.75,302
2026-03-24 18:05:00,6655.75,6657.5,6654.0,6657.0,400
2026-03-24 18:06:00,6656.75,6658.75,6656.25,6658.25,496
2026-03-24 18:07:00,6658.25,6660.75,6657.75,6659.25,869
2026-03-24 18:08:00,6659.5,6660.75,6656.25,6658.75,363
2026-03-24 18:09:00,6658.75,6659.25,6656.25,6657.25,283
2026-03-24 18:10:00,6657.5,6659.0,6656.0,6656.75,257
2026-03-24 18:11:00,6656.5,6657.25,6653.75,6654.0,475
2026-03-24 18:12:00,6654.25,6655.75,6653.0,6654.0,355
2026-03-24 18:13:00,6653.75,6655.75,6653.75,6655.0,118
2026-03-24 18:14:00,6654.75,6654.75,6651.75,6652.5,239
2026-03-24 18:15:00,6652.25,6652.5,6648.5,6649.0,648
2026-03-24 18:16:00,6649.0,6651.25,6648.5,6649.75,311
2026-03-24 18:17:00,6649.75,6649.75,6646.0,6649.5,618
2026-03-24 18:18:00,6649.75,6650.75,6648.75,6650.25,480
2026-03-24 18:19:00,6650.0,6653.25,6650.0,6652.25,226
2026-03-24 18:20:00,6652.25,6652.5,6649.75,6650.5,172
2026-03-24 18:21:00,6650.5,6652.0,6649.75,6649.75,168
2026-03-24 18:22:00,6649.5,6651.75,6647.5,6648.5,301
2026-03-24 18:23:00,6648.25,6649.0,6647.5,6647.75,88
2026-03-24 18:24:00,6648.0,6648.0,6646.0,6646.5,153
2026-03-24 18:25:00,6646.5,6646.5,6641.5,6644.25,539
2026-03-24 18:26:00,6644.25,6644.5,6642.75,6644.5,176
2026-03-24 18:27:00,6644.75,6646.75,6643.5,6645.75,203
2026-03-24 18:28:00,6645.75,6648.5,6645.25,6645.5,724
2026-03-24 18:29:00,6645.25,6647.25,6645.25,6646.75,145
2026-03-24 18:30:00,6647.0,6649.75,6647.0,6649.5,238
2026-03-24 18:31:00,6649.5,6650.5,6648.5,6649.75,181
2026-03-24 18:32:00,6649.5,6649.75,6648.75,6649.0,79
2026-03-24 18:33:00,6649.0,6651.75,6649.0,6650.75,171
2026-03-24 18:34:00,6650.5,6650.5,6649.25,6650.25,141
2026-03-24 18:35:00,6650.25,6650.75,6650.0,6650.75,95
2026-03-24 18:36:00,6651.0,6651.0,6650.0,6650.75,115
2026-03-24 18:37:00,6650.5,6653.25,6650.0,6651.75,925
2026-03-24 18:38:00,6651.75,6653.25,6651.75,6652.0,159
2026-03-24 18:39:00,6652.0,6652.0,6649.75,6649.75,191
2026-03-24 18:40:00,6650.0,6650.75,6650.0,6650.5,60
2026-03-24 18:41:00,6650.5,6650.5,6648.75,6649.75,193
2026-03-24 18:42:00,6649.75,6651.25,6649.75,6650.75,119
2026-03-24 18:43:00,6651.0,6652.75,6650.75,6652.25,89
2026-03-24 18:44:00,6652.25,6654.0,6651.75,6653.75,255
2026-03-24 18:45:00,6653.5,6655.0,6653.5,6654.25,347
2026-03-24 18:46:00,6654.0,6654.0,6652.5,6652.5,90
2026-03-24 18:47:00,6652.5,6654.0,6652.25,6653.25,128
2026-03-24 18:48:00,6653.0,6653.0,6652.0,6652.5,90
2026-03-24 18:49:00,6652.25,6653.0,6652.25,6652.75,66
2026-03-24 18:50:00,6652.75,6653.25,6652.5,6653.0,97
2026-03-24 18:51:00,6653.0,6653.5,6652.75,6652.75,54
2026-03-24 18:52:00,6652.75,6652.75,6651.25,6651.25,139
2026-03-24 18:53:00,6651.5,6652.25,6651.25,6652.0,92
2026-03-24 18:54:00,6652.5,6653.75,6652.5,6653.0,60
2026-03-24 18:55:00,6653.0,6653.75,6652.75,6653.5,72
2026-03-24 18:56:00,6653.5,6653.75,6652.5,6652.75,70
2026-03-24 18:57:00,6652.75,6653.0,6652.25,6653.0,85
2026-03-24 18:58:00,6653.25,6655.5,6653.25,6654.5,186
2026-03-24 18:59:00,6654.5,6655.5,6654.5,6655.25,128
2026-03-24 19:00:00,6655.0,6656.0,6654.75,6655.25,259
2026-03-24 19:01:00,6655.0,6655.0,6652.5,6653.0,218
2026-03-24 19:02:00,6652.75,6652.75,6649.75,6650.5,278
2026-03-24 19:03:00,6650.5,6650.75,6649.25,6649.75,230
2026-03-24 19:04:00,6649.5,6650.25,6648.5,6649.5,249
2026-03-24 19:05:00,6649.0,6650.75,6649.0,6650.75,219
2026-03-24 19:06:00,6650.5,6652.0,6650.0,6651.5,734
2026-03-24 19:07:00,6651.5,6651.75,6649.25,6649.5,308
2026-03-24 19:08:00,6649.75,6651.0,6649.5,6650.0,336
2026-03-24 19:09:00,6650.25,6651.25,6649.75,6650.5,110
2026-03-24 19:10:00,6650.75,6654.25,6650.5,6653.5,173
2026-03-24 19:11:00,6653.25,6654.0,6653.0,6653.25,113
2026-03-24 19:12:00,6653.25,6653.5,6651.25,6652.0,144
2026-03-24 19:13:00,6652.25,6652.25,6651.5,6652.0,102
2026-03-24 19:14:00,6652.0,6653.0,6651.75,6651.75,148
2026-03-24 19:15:00,6652.0,6653.25,6652.0,6652.25,159
2026-03-24 19:16:00,6652.25,6654.25,6652.0,6653.75,139
2026-03-24 19:17:00,6654.0,6654.25,6652.75,6654.25,122
2026-03-24 19:18:00,6654.0,6654.5,6653.0,6653.5,104
2026-03-24 19:19:00,6653.75,6654.5,6653.75,6654.5,124
2026-03-24 19:20:00,6654.5,6655.25,6654.25,6654.75,168
2026-03-24 19:21:00,6654.75,6656.75,6654.0,6656.5,195
2026-03-24 19:22:00,6656.5,6657.25,6655.0,6655.5,227
2026-03-24 19:23:00,6655.5,6658.0,6655.5,6657.75,214
2026-03-24 19:24:00,6657.5,6658.25,6656.75,6658.0,339
2026-03-24 19:25:00,6657.75,6659.0,6657.75,6658.0,176
2026-03-24 19:26:00,6658.25,6659.0,6658.0,6658.25,137
2026-03-24 19:27:00,6658.25,6659.0,6657.75,6659.0,145
2026-03-24 19:28:00,6658.75,6658.75,6657.25,6657.75,96
2026-03-24 19:29:00,6657.5,6657.5,6655.5,6656.0,228
2026-03-24 19:30:00,6656.0,6657.0,6655.75,6656.25,155
2026-03-24 19:31:00,6656.0,6656.5,6655.5,6655.75,129
2026-03-24 19:32:00,6656.0,6656.5,6655.5,6655.75,128
2026-03-24 19:33:00,6655.75,6656.25,6653.75,6656.0,195
2026-03-24 19:34:00,6655.75,6655.75,6654.75,6655.25,107
2026-03-24 19:35:00,6655.0,6655.25,6653.75,6655.0,83
2026-03-24 19:36:00,6654.75,6655.25,6654.25,6654.25,47
2026-03-24 19:37:00,6654.75,6656.75,6654.5,6656.25,142
2026-03-24 19:38:00,6656.25,6657.5,6655.0,6655.5,170
2026-03-24 19:39:00,6655.5,6656.25,6655.0,6655.75,46
2026-03-24 19:40:00,6655.75,6656.0,6654.25,6654.25,84
2026-03-24 19:41:00,6654.25,6654.75,6651.25,6652.5,332
2026-03-24 19:42:00,6652.5,6652.5,6651.25,6652.5,154
2026-03-24 19:43:00,6652.25,6652.5,6651.0,6652.5,147
2026-03-24 19:44:00,6652.0,6653.0,6651.5,6651.75,112
2026-03-24 19:45:00,6651.75,6652.25,6650.75,6651.5,111
2026-03-24 19:46:00,6651.75,6652.5,6650.75,6651.5,143
2026-03-24 19:47:00,6651.0,6651.5,6650.25,6651.25,111
2026-03-24 19:48:00,6651.0,6652.25,6651.0,6652.0,69
2026-03-24 19:49:00,6652.0,6652.5,6651.25,6652.25,106
2026-03-24 19:50:00,6652.25,6652.5,6651.0,6651.75,115
2026-03-24 19:51:00,6651.75,6652.5,6651.5,6652.5,70
2026-03-24 19:52:00,6652.0,6652.0,6650.5,6650.75,112
2026-03-24 19:53:00,6650.5,6653.0,6650.25,6652.5,469
2026-03-24 19:54:00,6652.5,6653.25,6651.25,6652.0,146
2026-03-24 19:55:00,6652.0,6652.25,6651.25,6651.25,53
2026-03-24 19:56:00,6651.5,6652.25,6651.5,6651.75,68
2026-03-24 19:57:00,6652.25,6652.25,6651.5,6652.25,59
2026-03-24 19:58:00,6652.0,6652.0,6651.25,6651.75,60
2026-03-24 19:59:00,6651.75,6651.75,6650.5,6651.0,184
2026-03-24 20:00:00,6651.25,6652.75,6649.25,6649.75,375
2026-03-24 20:01:00,6649.75,6651.0,6646.5,6647.0,582
2026-03-24 20:02:00,6647.0,6649.0,6646.75,6647.75,785
2026-03-24 20:03:00,6647.0,6649.25,6646.25,6647.5,306
2026-03-24 20:04:00,6647.25,6650.5,6646.0,6650.0,274
2026-03-24 20:05:00,6650.0,6651.0,6648.75,6649.5,844
2026-03-24 20:06:00,6649.25,6651.75,6648.5,6651.5,241
2026-03-24 20:07:00,6651.75,6652.75,6648.5,6649.25,252
2026-03-24 20:08:00,6649.25,6651.5,6649.0,6650.25,222
2026-03-24 20:09:00,6650.25,6651.25,6649.0,6651.25,241
2026-03-24 20:10:00,6651.5,6654.25,6650.75,6653.5,267
2026-03-24 20:11:00,6653.5,6659.75,6653.5,6657.25,1017
2026-03-24 20:12:00,6657.5,6659.25,6655.25,6658.5,404
2026-03-24 20:13:00,6658.25,6658.5,6656.25,6658.0,175
2026-03-24 20:14:00,6658.25,6660.75,6658.25,6658.5,456
2026-03-24 20:15:00,6658.0,6660.25,6658.0,6659.75,270
2026-03-24 20:16:00,6659.5,6660.25,6658.5,6658.5,239
2026-03-24 20:17:00,6658.25,6658.25,6655.25,6655.75,361
2026-03-24 20:18:00,6655.25,6656.5,6654.75,6655.5,189
2026-03-24 20:19:00,6655.75,6656.25,6654.0,6654.75,139
2026-03-24 20:20:00,6654.5,6656.5,6653.25,6653.5,375
2026-03-24 20:21:00,6653.75,6653.75,6650.5,6651.0,305
2026-03-24 20:22:00,6651.0,6652.25,6651.0,6652.0,197
2026-03-24 20:23:00,6652.0,6655.5,6651.75,6655.0,167
2026-03-24 20:24:00,6654.75,6655.0,6653.25,6653.75,147
2026-03-24 20:25:00,6654.0,6655.5,6653.5,6655.0,148
2026-03-24 20:26:00,6655.0,6656.0,6654.75,6654.75,102
2026-03-24 20:27:00,6655.0,6656.5,6654.25,6656.25,160
2026-03-24 20:28:00,6656.25,6656.25,6655.0,6655.5,154
2026-03-24 20:29:00,6655.5,6656.0,6653.75,6654.0,289
2026-03-24 20:30:00,6654.25,6655.25,6645.0,6651.25,2084
2026-03-24 20:31:00,6651.5,6658.0,6651.0,6657.5,580
2026-03-24 20:32:00,6657.5,6661.25,6656.5,6661.0,590
2026-03-24 20:33:00,6660.75,6661.75,6660.0,6661.25,334
2026-03-24 20:34:00,6661.0,6664.0,6660.75,6663.5,488
2026-03-24 20:35:00,6663.5,6665.0,6662.5,6664.5,418
2026-03-24 20:36:00,6664.5,6665.75,6664.0,6665.0,277
2026-03-24 20:37:00,6665.0,6666.5,6664.5,6665.25,323
2026-03-24 20:38:00,6665.25,6668.75,6664.5,6668.25,723
2026-03-24 20:39:00,6668.0,6671.5,6667.5,6668.75,654
2026-03-24 20:40:00,6668.5,6668.75,6666.75,6667.25,239
2026-03-24 20:41:00,6667.0,6668.0,6666.25,6667.0,301
2026-03-24 20:42:00,6667.0,6668.5,6666.75,6668.0,183
2026-03-24 20:43:00,6668.0,6669.5,6667.5,6669.25,175
2026-03-24 20:44:00,6669.25,6669.25,6666.0,6666.0,207
2026-03-24 20:45:00,6666.5,6667.5,6666.0,6666.75,181
2026-03-24 20:46:00,6666.75,6667.0,6666.25,6666.5,113
2026-03-24 20:47:00,6666.75,6666.75,6664.5,6665.0,186
2026-03-24 20:48:00,6664.75,6665.0,6662.75,6664.25,318
2026-03-24 20:49:00,6664.5,6664.5,6662.25,6662.75,198
2026-03-24 20:50:00,6662.75,6663.25,6662.0,6663.0,165
2026-03-24 20:51:00,6663.0,6663.0,6660.75,6661.0,175
2026-03-24 20:52:00,6661.0,6662.75,6661.0,6662.5,234
2026-03-24 20:53:00,6662.5,6664.5,6662.5,6664.5,272
2026-03-24 20:54:00,6664.25,6665.75,6663.75,6665.0,309
2026-03-24 20:55:00,6665.0,6666.75,6664.75,6665.5,188
2026-03-24 20:56:00,6665.0,6665.25,6664.5,6664.5,90
2026-03-24 20:57:00,6664.5,6665.5,6664.5,6665.5,53
2026-03-24 20:58:00,6665.25,6665.25,6663.5,6663.5,120
2026-03-24 20:59:00,6663.25,6663.5,6660.75,6661.0,151
2026-03-24 21:00:00,6660.75,6664.75,6660.75,6662.25,311
2026-03-24 21:01:00,6662.25,6663.25,6660.5,6662.0,345
2026-03-24 21:02:00,6661.75,6663.25,6661.0,6662.5,251
2026-03-24 21:03:00,6662.0,6663.5,6660.75,6663.5,224
2026-03-24 21:04:00,6663.25,6664.0,6662.25,6662.75,118
2026-03-24 21:05:00,6662.75,6665.0,6662.75,6664.0,156
2026-03-24 21:06:00,6664.0,6664.0,6659.25,6659.25,306
2026-03-24 21:07:00,6659.5,6660.75,6658.75,6659.5,243
2026-03-24 21:08:00,6659.75,6661.25,6659.5,6659.75,249
2026-03-24 21:09:00,6659.75,6660.75,6659.0,6660.5,214
2026-03-24 21:10:00,6660.75,6662.0,6660.25,6661.75,125
2026-03-24 21:11:00,6662.0,6663.5,6661.75,6662.75,224
2026-03-24 21:12:00,6662.5,6662.5,6660.5,6661.5,129
2026-03-24 21:13:00,6661.25,6661.25,6658.25,6659.25,315
2026-03-24 21:14:00,6659.0,6659.5,6657.25,6658.75,289
2026-03-24 21:15:00,6659.0,6659.75,6656.25,6657.25,407
2026-03-24 21:16:00,6657.25,6658.75,6656.5,6658.25,245
2026-03-24 21:17:00,6658.25,6658.25,6657.0,6658.0,188
2026-03-24 21:18:00,6658.25,6659.75,6657.75,6658.0,160
2026-03-24 21:19:00,6658.0,6659.0,6657.75,6658.75,152
2026-03-24 21:20:00,6658.5,6661.75,6658.5,6661.25,242
2026-03-24 21:21:00,6661.75,6663.75,6660.5,6663.5,315
2026-03-24 21:22:00,6663.5,6664.5,6663.0,6663.75,327
2026-03-24 21:23:00,6663.75,6664.25,6663.5,6664.0,91
2026-03-24 21:24:00,6664.0,6664.25,6662.25,6663.75,128
2026-03-24 21:25:00,6663.5,6663.5,6661.25,6661.25,136
2026-03-24 21:26:00,6661.25,6662.75,6661.25,6662.25,68
2026-03-24 21:27:00,6662.25,6663.0,6661.25,6662.75,67
2026-03-24 21:28:00,6662.75,6663.0,6662.0,6662.25,116
2026-03-24 21:29:00,6662.25,6662.75,6659.5,6660.5,149
2026-03-24 21:30:00,6660.5,6660.5,6658.25,6658.75,135
2026-03-24 21:31:00,6658.5,6659.25,6656.5,6658.25,264
2026-03-24 21:32:00,6658.5,6659.25,6657.5,6657.5,130
2026-03-24 21:33:00,6657.5,6658.0,6656.75,6657.5,112
2026-03-24 21:34:00,6657.5,6660.25,6657.5,6660.25,136
2026-03-24 21:35:00,6660.5,6661.25,6659.25,6661.25,118
2026-03-24 21:36:00,6661.5,6662.0,6660.5,6661.75,106
2026-03-24 21:37:00,6662.0,6662.25,6658.0,6658.75,268
2026-03-24 21:38:00,6658.75,6660.0,6658.25,6659.25,141
2026-03-24 21:39:00,6659.25,6660.25,6658.5,6659.0,72
2026-03-24 21:40:00,6659.25,6659.25,6658.0,6658.5,179
2026-03-24 21:41:00,6658.25,6658.5,6653.75,6656.25,810
2026-03-24 21:42:00,6656.25,6661.75,6656.25,6661.0,413
2026-03-24 21:43:00,6660.75,6663.0,6660.25,6661.25,236
2026-03-24 21:44:00,6661.25,6661.25,6656.5,6656.75,133
2026-03-24 21:45:00,6656.25,6658.75,6656.25,6658.25,148
2026-03-24 21:46:00,6658.0,6658.25,6656.5,6658.0,78
2026-03-24 21:47:00,6657.75,6657.75,6656.75,6657.0,115
2026-03-24 21:48:00,6657.25,6658.0,6656.25,6656.75,112
2026-03-24 21:49:00,6656.75,6657.5,6656.5,6656.5,75
2026-03-24 21:50:00,6656.5,6658.25,6656.5,6657.25,104
2026-03-24 21:51:00,6657.25,6658.0,6656.75,6657.25,81
2026-03-24 21:52:00,6657.0,6657.25,6656.25,6657.0,112
2026-03-24 21:53:00,6657.25,6658.25,6657.0,6657.75,69
2026-03-24 21:54:00,6657.75,6658.25,6656.75,6658.0,122
2026-03-24 21:55:00,6658.0,6659.5,6657.75,6659.0,113
2026-03-24 21:56:00,6659.0,6659.25,6657.75,6658.0,52
2026-03-24 21:57:00,6658.0,6658.25,6656.0,6656.25,168
2026-03-24 21:58:00,6656.0,6656.75,6656.0,6656.5,89
2026-03-24 21:59:00,6656.5,6656.5,6651.25,6652.5,595
2026-03-24 22:00:00,6652.5,6653.25,6647.75,6648.0,696
2026-03-24 22:01:00,6648.0,6651.75,6646.75,6650.75,917
2026-03-24 22:02:00,6650.75,6651.5,6649.75,6651.5,551
2026-03-24 22:03:00,6651.75,6653.0,6651.0,6652.5,242
2026-03-24 22:04:00,6652.25,6652.75,6651.5,6652.0,102
2026-03-24 22:05:00,6651.75,6651.75,6648.0,6648.5,196
2026-03-24 22:06:00,6648.25,6650.75,6648.25,6650.5,194
2026-03-24 22:07:00,6650.5,6651.5,6650.0,6651.0,154
2026-03-24 22:08:00,6651.0,6651.25,6648.5,6648.75,175
2026-03-24 22:09:00,6648.75,6649.5,6645.25,6645.75,448
2026-03-24 22:10:00,6645.75,6647.5,6645.75,6646.0,206
2026-03-24 22:11:00,6646.0,6646.75,6643.5,6643.5,400
2026-03-24 22:12:00,6643.5,6644.75,6643.0,6644.75,274
2026-03-24 22:13:00,6644.75,6645.25,6642.5,6643.5,235
2026-03-24 22:14:00,6643.75,6644.25,6643.25,6643.25,188
2026-03-24 22:15:00,6643.25,6644.25,6643.0,6644.25,289
2026-03-24 22:16:00,6644.5,6645.0,6643.5,6644.25,293
2026-03-24 22:17:00,6644.25,6644.75,6644.0,6644.75,213
2026-03-24 22:18:00,6645.0,6645.75,6644.25,6645.25,109
2026-03-24 22:19:00,6645.5,6647.0,6645.0,6645.5,347
2026-03-24 22:20:00,6645.25,6646.0,6644.75,6645.0,392
2026-03-24 22:21:00,6645.25,6646.25,6644.75,6645.75,88
2026-03-24 22:22:00,6646.0,6647.5,6646.0,6647.0,199
2026-03-24 22:23:00,6646.75,6646.75,6643.25,6645.5,258
2026-03-24 22:24:00,6645.25,6646.0,6644.75,6645.25,74
2026-03-24 22:25:00,6645.0,6646.75,6645.0,6646.5,77
2026-03-24 22:26:00,6646.5,6646.5,6645.75,6646.0,68
2026-03-24 22:27:00,6646.25,6648.0,6645.75,6647.0,249
2026-03-24 22:28:00,6647.0,6648.0,6646.25,6647.0,230
2026-03-24 22:29:00,6647.0,6647.75,6646.75,6646.75,82
2026-03-24 22:30:00,6646.5,6647.25,6646.25,6647.0,83
2026-03-24 22:31:00,6647.25,6647.25,6645.5,6647.25,143
2026-03-24 22:32:00,6647.25,6648.0,6647.25,6647.25,103
2026-03-24 22:33:00,6647.0,6648.0,6646.75,6647.75,65
2026-03-24 22:34:00,6647.75,6648.0,6646.5,6648.0,254
2026-03-24 22:35:00,6648.0,6648.25,6645.75,6645.75,148
2026-03-24 22:36:00,6646.0,6646.25,6645.5,6646.0,86
2026-03-24 22:37:00,6646.25,6647.5,6645.25,6647.25,107
2026-03-24 22:38:00,6647.0,6647.25,6646.25,6646.5,42
2026-03-24 22:39:00,6646.5,6646.5,6644.25,6644.75,247
2026-03-24 22:40:00,6644.5,6644.75,6643.5,6644.25,183
2026-03-24 22:41:00,6644.5,6644.5,6643.75,6644.0,112
2026-03-24 22:42:00,6644.0,6646.0,6644.0,6646.0,138
2026-03-24 22:43:00,6646.0,6646.0,6644.25,6644.5,114
2026-03-24 22:44:00,6644.25,6644.75,6643.75,6644.0,97
2026-03-24 22:45:00,6644.0,6646.75,6643.75,6646.5,103
2026-03-24 22:46:00,6646.25,6646.25,6643.75,6643.75,156
2026-03-24 22:47:00,6644.25,6644.5,6643.5,6644.25,115
2026-03-24 22:48:00,6644.5,6645.5,6643.75,6644.25,106
2026-03-24 22:49:00,6644.25,6644.25,6642.0,6643.25,373
2026-03-24 22:50:00,6643.5,6644.5,6643.25,6644.25,109
2026-03-24 22:51:00,6644.0,6644.0,6642.5,6643.25,162
2026-03-24 22:52:00,6643.0,6643.5,6641.5,6641.75,229
2026-03-24 22:53:00,6641.75,6643.0,6641.25,6643.0,245
2026-03-24 22:54:00,6642.75,6643.0,6641.75,6641.75,112
2026-03-24 22:55:00,6641.75,6642.25,6640.25,6641.0,321
2026-03-24 22:56:00,6641.25,6642.5,6640.5,6641.75,239
2026-03-24 22:57:00,6642.0,6642.5,6640.75,6641.0,91
2026-03-24 22:58:00,6641.0,6641.0,6638.25,6638.75,547
2026-03-24 22:59:00,6638.5,6639.75,6638.5,6639.0,215
2026-03-24 23:00:00,6638.75,6641.0,6638.75,6640.25,211
2026-03-24 23:01:00,6640.25,6641.25,6639.5,6639.5,119
2026-03-24 23:02:00,6639.75,6640.0,6638.75,6639.5,217
2026-03-24 23:03:00,6639.5,6640.25,6639.0,6640.25,97
2026-03-24 23:04:00,6640.5,6641.0,6640.0,6641.0,129
2026-03-24 23:05:00,6641.25,6641.5,6640.25,6641.0,161
2026-03-24 23:06:00,6641.25,6643.25,6641.25,6642.75,208
2026-03-24 23:07:00,6642.5,6643.0,6642.0,6642.5,177
2026-03-24 23:08:00,6642.5,6643.0,6642.25,6642.5,166
2026-03-24 23:09:00,6642.25,6642.5,6640.25,6640.25,281
2026-03-24 23:10:00,6640.0,6641.5,6640.0,6641.0,226
2026-03-24 23:11:00,6641.0,6641.0,6639.0,6640.25,313
2026-03-24 23:12:00,6640.5,6640.75,6636.75,6636.75,430
2026-03-24 23:13:00,6637.0,6637.25,6636.25,6636.75,241
2026-03-24 23:14:00,6636.75,6637.0,6636.25,6637.0,233
2026-03-24 23:15:00,6637.0,6637.25,6634.75,6635.25,363
2026-03-24 23:16:00,6635.5,6637.25,6634.75,6637.0,271
2026-03-24 23:17:00,6637.0,6637.75,6636.5,6636.5,181
2026-03-24 23:18:00,6636.25,6639.0,6635.75,6638.5,269
2026-03-24 23:19:00,6638.75,6638.75,6637.5,6637.75,111
2026-03-24 23:20:00,6637.75,6638.75,6637.5,6638.0,73
2026-03-24 23:21:00,6638.0,6638.5,6637.5,6638.0,68
2026-03-24 23:22:00,6637.75,6638.5,6637.25,6638.0,78
2026-03-24 23:23:00,6638.0,6639.0,6638.0,6638.5,87
2026-03-24 23:24:00,6638.25,6639.5,6638.25,6639.25,98
2026-03-24 23:25:00,6639.25,6639.75,6639.0,6639.25,82
2026-03-24 23:26:00,6639.25,6639.5,6638.5,6639.5,92
2026-03-24 23:27:00,6639.5,6639.5,6638.25,6638.5,123
2026-03-24 23:28:00,6638.5,6640.25,6638.5,6639.5,101
2026-03-24 23:29:00,6639.5,6640.75,6639.5,6639.75,123
2026-03-24 23:30:00,6639.75,6640.25,6639.25,6640.0,54
2026-03-24 23:31:00,6639.75,6640.0,6638.75,6639.25,87
2026-03-24 23:32:00,6639.25,6639.5,6638.25,6639.0,63
2026-03-24 23:33:00,6638.75,6639.0,6638.25,6638.5,71
2026-03-24 23:34:00,6638.75,6639.25,6638.75,6639.25,46
2026-03-24 23:35:00,6639.25,6642.75,6639.0,6642.5,388
2026-03-24 23:36:00,6642.5,6645.25,6642.0,6645.0,352
2026-03-24 23:37:00,6644.5,6644.75,6643.5,6643.5,95
2026-03-24 23:38:00,6643.5,6644.0,6643.25,6643.75,193
2026-03-24 23:39:00,6643.75,6644.5,6643.5,6644.5,55
2026-03-24 23:40:00,6644.5,6644.75,6642.5,6642.5,255
2026-03-24 23:41:00,6643.0,6643.25,6641.75,6643.0,126
2026-03-24 23:42:00,6643.0,6644.0,6642.75,6643.5,53
2026-03-24 23:43:00,6644.0,6644.0,6642.5,6643.0,59
2026-03-24 23:44:00,6643.0,6643.25,6642.5,6643.0,71
2026-03-24 23:45:00,6643.25,6644.5,6643.25,6644.0,91
2026-03-24 23:46:00,6644.0,6644.75,6643.5,6644.5,122
2026-03-24 23:47:00,6644.75,6645.25,6643.75,6644.5,188
2026-03-24 23:48:00,6644.75,6645.5,6644.25,6644.5,105
2026-03-24 23:49:00,6644.5,6644.75,6644.0,6644.25,30
2026-03-24 23:50:00,6644.5,6646.5,6644.5,6646.0,316
2026-03-24 23:51:00,6646.0,6647.5,6646.0,6647.25,178
2026-03-24 23:52:00,6647.25,6649.5,6647.0,6648.25,353
2026-03-24 23:53:00,6648.0,6648.25,6646.75,6647.5,142
2026-03-24 23:54:00,6647.5,6647.5,6646.0,6646.25,89
2026-03-24 23:55:00,6646.5,6647.75,6646.0,6646.75,133
2026-03-24 23:56:00,6646.75,6647.25,6646.25,6646.75,93
2026-03-24 23:57:00,6646.75,6648.5,6646.75,6648.25,79
2026-03-24 23:58:00,6648.0,6648.0,6647.25,6647.5,97
2026-03-24 23:59:00,6647.5,6648.0,6647.0,6648.0,142
2026-03-25 00:00:00,6648.0,6648.75,6647.25,6648.5,203
2026-03-25 00:01:00,6648.75,6649.5,6648.5,6649.0,178
2026-03-25 00:02:00,6649.0,6649.25,6647.75,6649.25,175
2026-03-25 00:03:00,6649.25,6649.75,6648.75,6649.0,179
2026-03-25 00:04:00,6649.25,6650.25,6649.0,6649.75,198
2026-03-25 00:05:00,6649.75,6651.0,6649.5,6649.75,200
2026-03-25 00:06:00,6650.0,6650.0,6648.75,6649.75,77
2026-03-25 00:07:00,6649.75,6651.0,6649.25,6650.75,195
2026-03-25 00:08:00,6651.0,6651.5,6650.25,6650.75,131
2026-03-25 00:09:00,6651.0,6652.0,6650.5,6652.0,104
2026-03-25 00:10:00,6652.0,6652.0,6650.25,6650.25,117
2026-03-25 00:11:00,6650.25,6651.75,6649.75,6651.5,124
2026-03-25 00:12:00,6651.5,6652.0,6651.0,6651.25,71
2026-03-25 00:13:00,6651.25,6652.25,6650.25,6652.0,187
2026-03-25 00:14:00,6652.25,6653.75,6651.75,6653.25,208
2026-03-25 00:15:00,6653.5,6653.5,6651.25,6651.75,87
2026-03-25 00:16:00,6652.0,6653.0,6651.75,6652.75,43
2026-03-25 00:17:00,6652.75,6653.5,6652.25,6653.5,76
2026-03-25 00:18:00,6653.25,6656.25,6653.25,6655.5,279
2026-03-25 00:19:00,6655.75,6657.25,6655.5,6656.75,212
2026-03-25 00:20:00,6656.75,6656.75,6654.75,6654.75,219
2026-03-25 00:21:00,6654.75,6656.25,6654.75,6655.25,128
2026-03-25 00:22:00,6655.5,6657.25,6655.5,6656.5,107
2026-03-25 00:23:00,6656.5,6656.75,6656.0,6656.25,37
2026-03-25 00:24:00,6656.25,6657.0,6656.25,6657.0,65
2026-03-25 00:25:00,6657.0,6657.25,6656.5,6656.75,71
2026-03-25 00:26:00,6656.5,6657.5,6656.5,6657.0,114
2026-03-25 00:27:00,6657.0,6658.25,6656.75,6657.5,99
2026-03-25 00:28:00,6657.5,6658.0,6657.0,6657.25,70
2026-03-25 00:29:00,6657.25,6657.25,6656.75,6657.0,60
2026-03-25 00:30:00,6657.0,6658.0,6656.75,6657.75,94
2026-03-25 00:31:00,6657.75,6658.5,6657.5,6657.75,95
2026-03-25 00:32:00,6657.75,6657.75,6656.5,6656.75,116
2026-03-25 00:33:00,6656.75,6657.25,6656.5,6656.5,63
2026-03-25 00:34:00,6656.75,6657.5,6656.75,6657.25,84
2026-03-25 00:35:00,6657.25,6658.25,6657.25,6657.75,92
2026-03-25 00:36:00,6657.75,6658.75,6657.25,6658.25,160
2026-03-25 00:37:00,6658.5,6659.25,6658.0,6658.0,338
2026-03-25 00:38:00,6658.0,6658.25,6658.0,6658.25,130
2026-03-25 00:39:00,6658.25,6658.25,6656.5,6656.75,218
2026-03-25 00:40:00,6657.0,6657.25,6655.5,6656.25,88
2026-03-25 00:41:00,6656.5,6657.0,6655.75,6656.5,128
2026-03-25 00:42:00,6656.5,6657.0,6656.0,6656.5,81
2026-03-25 00:43:00,6656.25,6656.25,6655.5,6656.0,168
2026-03-25 00:44:00,6656.0,6656.25,6655.75,6656.0,138
2026-03-25 00:45:00,6656.0,6656.25,6654.0,6654.25,195
2026-03-25 00:46:00,6654.25,6654.75,6653.5,6653.75,113
2026-03-25 00:47:00,6653.75,6654.25,6653.0,6654.25,144
2026-03-25 00:48:00,6654.25,6655.0,6654.0,6654.0,93
2026-03-25 00:49:00,6654.25,6655.25,6654.25,6654.5,100
2026-03-25 00:50:00,6654.5,6655.25,6654.5,6654.75,62
2026-03-25 00:51:00,6654.75,6655.75,6654.5,6654.5,77
2026-03-25 00:52:00,6654.5,6655.25,6654.25,6655.0,104
2026-03-25 00:53:00,6655.0,6655.25,6654.0,6654.5,78
2026-03-25 00:54:00,6654.5,6655.0,6654.25,6654.5,91
2026-03-25 00:55:00,6654.75,6655.0,6654.25,6654.75,150
2026-03-25 00:56:00,6654.5,6657.25,6654.5,6657.0,254
2026-03-25 00:57:00,6656.75,6657.75,6656.5,6657.25,138
2026-03-25 00:58:00,6657.0,6657.5,6656.75,6657.0,60
2026-03-25 00:59:00,6657.25,6658.5,6657.0,6657.75,119
2026-03-25 01:00:00,6657.75,6658.0,6655.25,6655.25,202
2026-03-25 01:01:00,6655.5,6657.0,6655.25,6656.25,150
2026-03-25 01:02:00,6656.0,6656.25,6655.0,6656.0,109
2026-03-25 01:03:00,6655.75,6656.5,6655.5,6656.0,112
2026-03-25 01:04:00,6655.75,6656.0,6654.75,6654.75,159
2026-03-25 01:05:00,6655.0,6655.5,6653.75,6654.0,131
2026-03-25 01:06:00,6654.0,6657.5,6653.75,6656.75,154
2026-03-25 01:07:00,6656.5,6656.5,6655.25,6656.5,121
2026-03-25 01:08:00,6656.75,6659.0,6656.75,6657.25,171
2026-03-25 01:09:00,6657.75,6658.0,6656.25,6656.5,199
2026-03-25 01:10:00,6656.75,6659.25,6656.75,6658.0,188
2026-03-25 01:11:00,6658.25,6658.5,6657.5,6657.5,94
2026-03-25 01:12:00,6657.5,6658.75,6657.5,6658.75,90
2026-03-25 01:13:00,6658.75,6658.75,6658.0,6658.0,56
2026-03-25 01:14:00,6658.0,6658.25,6657.25,6658.0,54
2026-03-25 01:15:00,6657.75,6657.75,6656.5,6656.75,123
2026-03-25 01:16:00,6657.0,6657.0,6655.75,6656.0,118
2026-03-25 01:17:00,6656.0,6656.25,6654.25,6654.5,190
2026-03-25 01:18:00,6654.5,6655.5,6654.5,6654.5,92
2026-03-25 01:19:00,6654.5,6655.0,6653.0,6653.75,128
2026-03-25 01:20:00,6653.75,6654.5,6653.5,6654.0,58
2026-03-25 01:21:00,6654.0,6655.5,6654.0,6655.5,128
2026-03-25 01:22:00,6655.25,6656.0,6654.75,6656.0,55
2026-03-25 01:23:00,6656.0,6656.5,6654.75,6655.0,93
2026-03-25 01:24:00,6655.0,6655.75,6654.75,6655.0,46
2026-03-25 01:25:00,6655.25,6655.25,6653.0,6654.0,58
2026-03-25 01:26:00,6653.75,6653.75,6652.5,6653.0,94
2026-03-25 01:27:00,6653.0,6653.5,6652.5,6653.25,79
2026-03-25 01:28:00,6653.5,6653.5,6652.25,6652.75,65
2026-03-25 01:29:00,6653.0,6654.0,6653.0,6653.5,87
2026-03-25 01:30:00,6653.5,6654.75,6652.75,6653.75,206
2026-03-25 01:31:00,6653.5,6656.0,6653.5,6655.75,273
2026-03-25 01:32:00,6655.5,6657.0,6655.5,6656.25,102
2026-03-25 01:33:00,6656.0,6656.0,6655.0,6655.5,52
2026-03-25 01:34:00,6655.5,6655.75,6654.5,6654.75,68
2026-03-25 01:35:00,6655.0,6655.0,6653.75,6654.5,70
2026-03-25 01:36:00,6654.5,6655.75,6654.25,6655.5,55
2026-03-25 01:37:00,6655.75,6656.5,6655.25,6655.5,60
2026-03-25 01:38:00,6655.5,6657.0,6654.5,6656.5,40
2026-03-25 01:39:00,6656.5,6656.75,6654.75,6656.75,248
2026-03-25 01:40:00,6656.75,6657.5,6656.5,6657.0,83
2026-03-25 01:41:00,6657.25,6657.25,6655.0,6655.0,69
2026-03-25 01:42:00,6655.0,6656.25,6655.0,6656.25,79
2026-03-25 01:43:00,6656.25,6657.25,6656.0,6656.25,47
2026-03-25 01:44:00,6656.5,6656.75,6656.0,6656.75,36
2026-03-25 01:45:00,6656.5,6656.5,6655.5,6655.5,31
2026-03-25 01:46:00,6655.25,6655.75,6654.75,6655.0,28
2026-03-25 01:47:00,6655.25,6657.0,6655.0,6655.25,106
2026-03-25 01:48:00,6655.25,6655.25,6653.5,6654.25,153
2026-03-25 01:49:00,6654.0,6654.25,6653.75,6654.25,60
2026-03-25 01:50:00,6654.5,6654.75,6651.0,6651.0,246
2026-03-25 01:51:00,6651.0,6654.0,6650.5,6653.5,149
2026-03-25 01:52:00,6653.5,6653.5,6651.5,6651.5,59
2026-03-25 01:53:00,6651.25,6651.5,6649.75,6650.0,138
2026-03-25 01:54:00,6649.75,6649.75,6648.0,6648.25,218
2026-03-25 01:55:00,6648.25,6648.75,6646.0,6647.0,195
2026-03-25 01:56:00,6647.5,6648.5,6646.5,6646.5,122
2026-03-25 01:57:00,6646.5,6648.5,6646.5,6648.5,109
2026-03-25 01:58:00,6648.5,6649.0,6648.25,6648.5,131
2026-03-25 01:59:00,6648.75,6648.75,6647.5,6648.0,73
2026-03-25 02:00:00,6648.0,6648.5,6647.0,6647.25,150
2026-03-25 02:01:00,6647.25,6648.0,6646.25,6646.5,94
2026-03-25 02:02:00,6646.75,6647.0,6645.0,6646.75,309
2026-03-25 02:03:00,6646.5,6646.5,6644.5,6645.0,124
2026-03-25 02:04:00,6645.0,6645.5,6643.75,6644.5,239
2026-03-25 02:05:00,6644.75,6645.25,6643.75,6643.75,165
2026-03-25 02:06:00,6643.75,6644.75,6643.5,6644.25,236
2026-03-25 02:07:00,6644.5,6645.75,6644.5,6644.75,101
2026-03-25 02:08:00,6645.0,6646.0,6644.5,6644.5,138
2026-03-25 02:09:00,6644.5,6644.5,6642.25,6642.75,231
2026-03-25 02:10:00,6643.0,6644.0,6642.75,6643.5,127
2026-03-25 02:11:00,6643.5,6645.75,6643.0,6644.5,143
2026-03-25 02:12:00,6644.5,6645.25,6643.5,6644.5,190
2026-03-25 02:13:00,6644.5,6644.5,6643.25,6643.25,189
2026-03-25 02:14:00,6643.25,6644.25,6643.0,6644.25,106
2026-03-25 02:15:00,6644.25,6645.5,6644.0,6644.25,238
2026-03-25 02:16:00,6644.25,6645.25,6644.25,6645.25,102
2026-03-25 02:17:00,6645.0,6645.25,6643.75,6644.75,184
2026-03-25 02:18:00,6644.75,6645.5,6644.5,6645.0,171
2026-03-25 02:19:00,6645.0,6645.5,6644.25,6645.0,106
2026-03-25 02:20:00,6645.0,6645.5,6644.25,6645.5,128
2026-03-25 02:21:00,6645.25,6646.5,6645.0,6645.25,137
2026-03-25 02:22:00,6645.25,6645.75,6644.25,6644.25,234
2026-03-25 02:23:00,6644.25,6645.0,6644.0,6644.25,150
2026-03-25 02:24:00,6644.0,6644.0,6642.25,6642.75,197
2026-03-25 02:25:00,6643.0,6643.5,6641.5,6642.0,305
2026-03-25 02:26:00,6642.25,6643.0,6641.25,6641.5,202
2026-03-25 02:27:00,6641.25,6641.75,6640.75,6641.25,160
2026-03-25 02:28:00,6641.75,6641.75,6640.0,6640.25,262
2026-03-25 02:29:00,6640.0,6641.0,6639.5,6640.75,255
2026-03-25 02:30:00,6640.75,6641.5,6638.5,6639.25,290
2026-03-25 02:31:00,6639.25,6640.75,6638.5,6639.0,422
2026-03-25 02:32:00,6639.0,6639.25,6637.25,6637.5,280
2026-03-25 02:33:00,6637.25,6639.5,6637.25,6639.25,238
2026-03-25 02:34:00,6639.25,6641.0,6639.25,6639.5,403
2026-03-25 02:35:00,6639.25,6639.5,6637.75,6639.0,121
2026-03-25 02:36:00,6639.0,6639.75,6638.25,6639.5,87
2026-03-25 02:37:00,6639.75,6640.75,6639.0,6640.5,151
2026-03-25 02:38:00,6640.5,6642.25,6640.5,6641.0,125
2026-03-25 02:39:00,6640.75,6641.0,6639.0,6639.25,57
2026-03-25 02:40:00,6639.5,6641.25,6639.5,6641.0,79
2026-03-25 02:41:00,6641.0,6643.0,6641.0,6643.0,255
2026-03-25 02:42:00,6642.75,6645.5,6642.75,6644.25,441
2026-03-25 02:43:00,6644.25,6644.5,6643.0,6644.25,105
2026-03-25 02:44:00,6644.25,6645.5,6644.25,6644.5,201
2026-03-25 02:45:00,6644.5,6645.0,6644.25,6644.75,175
2026-03-25 02:46:00,6644.75,6645.0,6644.0,6645.0,87
2026-03-25 02:47:00,6645.0,6646.0,6644.25,6645.75,117
2026-03-25 02:48:00,6645.5,6647.5,6645.25,6647.25,149
2026-03-25 02:49:00,6647.25,6648.25,6647.25,6647.75,127
2026-03-25 02:50:00,6647.75,6649.25,6647.25,6648.75,180
2026-03-25 02:51:00,6648.75,6652.5,6648.5,6652.5,200
2026-03-25 02:52:00,6652.5,6652.5,6649.25,6650.0,386
2026-03-25 02:53:00,6650.0,6650.0,6647.5,6648.0,136
2026-03-25 02:54:00,6648.25,6648.75,6647.25,6648.25,287
2026-03-25 02:55:00,6648.25,6648.25,6646.25,6646.5,118
2026-03-25 02:56:00,6646.75,6648.75,6646.5,6647.75,99
2026-03-25 02:57:00,6647.5,6648.5,6647.25,6648.0,100
2026-03-25 02:58:00,6647.75,6647.75,6646.25,6646.5,94
2026-03-25 02:59:00,6646.25,6649.0,6646.25,6648.25,164
2026-03-25 03:00:00,6648.25,6648.25,6643.5,6646.5,656
2026-03-25 03:01:00,6646.75,6647.0,6644.25,6644.25,217
2026-03-25 03:02:00,6644.0,6645.0,6642.75,6643.0,239
2026-03-25 03:03:00,6643.25,6645.25,6643.25,6644.0,124
2026-03-25 03:04:00,6643.75,6645.25,6643.25,6643.5,101
2026-03-25 03:05:00,6644.25,6646.0,6644.25,6644.75,118
2026-03-25 03:06:00,6645.0,6645.25,6643.75,6645.0,168
2026-03-25 03:07:00,6645.0,6646.25,6644.5,6645.75,194
2026-03-25 03:08:00,6646.0,6646.0,6644.25,6644.25,202
2026-03-25 03:09:00,6644.25,6646.0,6644.25,6644.75,219
2026-03-25 03:10:00,6645.0,6649.0,6645.0,6648.25,290
2026-03-25 03:11:00,6648.0,6650.0,6648.0,6648.25,391
2026-03-25 03:12:00,6648.25,6650.5,6648.0,6649.5,157
2026-03-25 03:13:00,6649.5,6651.75,6648.75,6651.5,250
2026-03-25 03:14:00,6651.5,6653.0,6650.5,6651.0,279
2026-03-25 03:15:00,6651.25,6651.5,6649.25,6649.25,174
2026-03-25 03:16:00,6649.25,6651.0,6648.75,6651.0,158
2026-03-25 03:17:00,6651.25,6651.25,6650.0,6650.5,152
2026-03-25 03:18:00,6650.75,6652.75,6650.25,6650.25,302
2026-03-25 03:19:00,6650.25,6651.25,6649.5,6650.75,144
2026-03-25 03:20:00,6650.5,6651.0,6648.5,6648.75,279
2026-03-25 03:21:00,6648.5,6650.0,6647.25,6647.5,278
2026-03-25 03:22:00,6647.5,6647.5,6643.5,6646.25,354
2026-03-25 03:23:00,6646.0,6646.25,6644.25,6645.75,296
2026-03-25 03:24:00,6645.5,6646.25,6643.5,6643.75,260
2026-03-25 03:25:00,6643.75,6644.5,6643.5,6644.0,145
2026-03-25 03:26:00,6644.25,6645.25,6643.0,6644.25,162
2026-03-25 03:27:00,6644.0,6646.0,6644.0,6644.25,210
2026-03-25 03:28:00,6644.5,6645.25,6643.0,6643.25,128
2026-03-25 03:29:00,6643.25,6645.0,6642.5,6645.0,220
2026-03-25 03:30:00,6645.25,6645.5,6644.25,6644.75,154
2026-03-25 03:31:00,6644.5,6647.0,6644.5,6646.25,217
2026-03-25 03:32:00,6646.0,6648.25,6645.75,6648.25,217
2026-03-25 03:33:00,6648.5,6650.0,6648.0,6648.75,308
2026-03-25 03:34:00,6648.5,6649.0,6646.25,6646.5,363
2026-03-25 03:35:00,6646.5,6647.0,6644.25,6646.5,238
2026-03-25 03:36:00,6646.25,6648.75,6645.25,6648.25,214
2026-03-25 03:37:00,6648.25,6649.5,6647.25,6648.25,179
2026-03-25 03:38:00,6648.25,6648.75,6646.75,6647.0,127
2026-03-25 03:39:00,6646.75,6647.75,6645.5,6647.75,154
2026-03-25 03:40:00,6647.75,6654.75,6647.75,6654.25,587
2026-03-25 03:41:00,6654.5,6654.5,6652.5,6654.0,488
2026-03-25 03:42:00,6653.75,6654.5,6652.5,6653.75,340
2026-03-25 03:43:00,6653.75,6654.75,6653.0,6653.25,206
2026-03-25 03:44:00,6653.0,6653.5,6652.0,6652.5,155
2026-03-25 03:45:00,6652.5,6653.75,6651.25,6652.75,215
2026-03-25 03:46:00,6652.5,6655.0,6652.5,6654.5,307
2026-03-25 03:47:00,6654.5,6654.75,6653.25,6653.5,226
2026-03-25 03:48:00,6653.25,6655.75,6653.25,6655.0,215
2026-03-25 03:49:00,6655.0,6658.75,6654.75,6657.25,559
2026-03-25 03:50:00,6657.25,6657.75,6653.75,6654.75,407
2026-03-25 03:51:00,6654.75,6656.75,6654.0,6656.75,162
2026-03-25 03:52:00,6656.75,6657.25,6656.0,6656.25,143
2026-03-25 03:53:00,6656.0,6656.0,6655.0,6655.75,121
2026-03-25 03:54:00,6655.75,6656.25,6655.25,6655.5,93
2026-03-25 03:55:00,6655.5,6656.75,6655.0,6655.75,200
2026-03-25 03:56:00,6656.25,6656.75,6655.5,6656.75,205
2026-03-25 03:57:00,6656.75,6657.0,6655.5,6655.5,151
2026-03-25 03:58:00,6655.25,6655.5,6654.5,6655.0,122
2026-03-25 03:59:00,6654.75,6655.25,6653.0,6654.75,277
2026-03-25 04:00:00,6654.75,6657.5,6654.75,6655.25,517
2026-03-25 04:01:00,6655.25,6657.25,6654.25,6656.75,349
2026-03-25 04:02:00,6656.75,6659.75,6655.5,6658.25,444
2026-03-25 04:03:00,6658.25,6665.0,6657.75,6664.25,1335
2026-03-25 04:04:00,6664.0,6667.0,6663.75,6664.5,1139
2026-03-25 04:05:00,6664.5,6669.0,6664.5,6668.75,971
2026-03-25 04:06:00,6668.75,6674.75,6667.5,6672.5,1574
2026-03-25 04:07:00,6672.75,6675.25,6670.25,6674.75,1347
2026-03-25 04:08:00,6674.75,6675.0,6670.0,6670.25,700
2026-03-25 04:09:00,6670.25,6670.75,6666.75,6669.75,594
2026-03-25 04:10:00,6670.0,6671.5,6668.25,6671.25,449
2026-03-25 04:11:00,6671.0,6672.5,6669.25,6672.25,322
2026-03-25 04:12:00,6672.25,6672.5,6669.5,6671.25,425
2026-03-25 04:13:00,6671.5,6673.25,6670.25,6671.25,453
2026-03-25 04:14:00,6671.0,6673.0,6670.5,6672.75,456
2026-03-25 04:15:00,6673.0,6678.5,6672.0,6677.75,789
2026-03-25 04:16:00,6678.0,6678.75,6676.5,6678.25,770
2026-03-25 04:17:00,6678.5,6678.5,6676.0,6676.0,499
2026-03-25 04:18:00,6676.0,6677.5,6675.5,6677.25,476
2026-03-25 04:19:00,6677.0,6678.75,6676.5,6678.75,496
2026-03-25 04:20:00,6678.75,6679.5,6678.0,6679.25,544
2026-03-25 04:21:00,6679.5,6681.5,6679.0,6679.75,1354
2026-03-25 04:22:00,6679.75,6680.5,6676.25,6676.75,565
2026-03-25 04:23:00,6676.5,6678.25,6675.25,6675.5,559
2026-03-25 04:24:00,6675.75,6677.0,6674.75,6676.75,518
2026-03-25 04:25:00,6676.5,6677.25,6675.0,6676.0,217
2026-03-25 04:26:00,6676.0,6677.5,6675.25,6676.5,410
2026-03-25 04:27:00,6676.5,6678.75,6676.0,6677.5,799
2026-03-25 04:28:00,6677.5,6680.0,6675.5,6675.75,578
2026-03-25 04:29:00,6676.0,6677.5,6674.0,6674.75,821
2026-03-25 04:30:00,6674.75,6676.5,6674.25,6674.5,518
2026-03-25 04:31:00,6674.5,6679.0,6674.25,6678.25,482
2026-03-25 04:32:00,6678.0,6679.5,6677.75,6679.25,443
2026-03-25 04:33:00,6679.0,6680.5,6678.0,6679.75,472
2026-03-25 04:34:00,6680.0,6680.0,6678.5,6679.25,282
2026-03-25 04:35:00,6679.25,6679.25,6677.0,6678.5,284
2026-03-25 04:36:00,6678.75,6679.25,6666.25,6669.5,2495
2026-03-25 04:37:00,6669.25,6672.75,6668.0,6669.75,1164
2026-03-25 04:38:00,6669.75,6676.75,6669.5,6672.75,1124
2026-03-25 04:39:00,6672.75,6673.0,6670.0,6672.5,826
2026-03-25 04:40:00,6672.5,6675.5,6672.5,6674.5,835
2026-03-25 04:41:00,6674.25,6674.5,6671.5,6673.5,381
2026-03-25 04:42:00,6673.75,6676.0,6672.0,6673.0,535
2026-03-25 04:43:00,6673.0,6673.5,6671.0,6672.75,324
2026-03-25 04:44:00,6672.5,6673.75,6671.0,6671.25,290
2026-03-25 04:45:00,6671.5,6672.0,6669.75,6671.0,364
2026-03-25 04:46:00,6671.0,6673.25,6670.25,6672.75,365
2026-03-25 04:47:00,6673.0,6673.75,6670.5,6671.5,191
2026-03-25 04:48:00,6671.0,6672.0,6667.5,6668.0,368
2026-03-25 04:49:00,6667.75,6669.25,6667.75,6669.0,373
2026-03-25 04:50:00,6669.0,6671.0,6667.5,6668.5,388
2026-03-25 04:51:00,6668.25,6668.75,6666.5,6667.25,322
2026-03-25 04:52:00,6667.25,6667.75,6663.25,6663.25,673
2026-03-25 04:53:00,6663.25,6664.0,6661.5,6662.25,661
2026-03-25 04:54:00,6662.25,6662.25,6656.25,6656.5,910
2026-03-25 04:55:00,6656.75,6658.75,6655.25,6658.75,1041
2026-03-25 04:56:00,6658.5,6659.0,6656.0,6656.0,630
2026-03-25 04:57:00,6656.25,6656.5,6654.0,6655.75,504
2026-03-25 04:58:00,6655.5,6658.0,6655.5,6657.75,360
2026-03-25 04:59:00,6657.75,6658.25,6656.75,6657.0,242
2026-03-25 05:00:00,6657.25,6658.5,6654.5,6656.0,529
2026-03-25 05:01:00,6656.0,6657.75,6653.25,6657.0,496
2026-03-25 05:02:00,6656.75,6660.75,6656.25,6660.0,472
2026-03-25 05:03:00,6660.0,6661.25,6659.75,6660.0,473
2026-03-25 05:04:00,6660.0,6660.75,6658.25,6659.75,281
2026-03-25 05:05:00,6659.5,6663.0,6659.5,6662.5,474
2026-03-25 05:06:00,6662.5,6665.5,6662.5,6662.5,615
2026-03-25 05:07:00,6662.75,6664.0,6662.0,6663.75,246
2026-03-25 05:08:00,6664.0,6664.5,6661.5,6661.75,217
2026-03-25 05:09:00,6662.25,6663.75,6661.25,6663.0,306
2026-03-25 05:10:00,6663.0,6666.25,6663.0,6665.5,252
2026-03-25 05:11:00,6665.75,6666.5,6664.5,6665.0,198
2026-03-25 05:12:00,6665.25,6667.0,6664.75,6666.5,174
2026-03-25 05:13:00,6666.5,6667.5,6665.75,6666.75,276
2026-03-25 05:14:00,6666.5,6667.25,6664.75,6666.25,266
2026-03-25 05:15:00,6666.0,6667.0,6665.75,6666.75,210
2026-03-25 05:16:00,6666.75,6666.75,6665.0,6666.0,180
2026-03-25 05:17:00,6666.25,6666.5,6663.75,6665.25,514
2026-03-25 05:18:00,6665.25,6666.0,6664.75,6665.75,172
2026-03-25 05:19:00,6666.0,6666.25,6664.75,6666.0,227
2026-03-25 05:20:00,6666.25,6666.5,6664.25,6665.0,507
2026-03-25 05:21:00,6665.0,6666.0,6664.25,6664.5,252
2026-03-25 05:22:00,6664.5,6665.25,6663.75,6664.25,328
2026-03-25 05:23:00,6664.25,6665.25,6661.75,6662.25,326
2026-03-25 05:24:00,6662.25,6662.5,6659.25,6660.5,443
2026-03-25 05:25:00,6660.5,6660.5,6658.25,6658.5,526
2026-03-25 05:26:00,6658.5,6659.0,6656.25,6657.0,332
2026-03-25 05:27:00,6657.0,6658.5,6656.25,6658.0,327
2026-03-25 05:28:00,6658.25,6659.75,6657.5,6657.75,304
2026-03-25 05:29:00,6657.75,6658.25,6657.0,6657.5,312
2026-03-25 05:30:00,6658.25,6661.25,6658.25,6661.25,309
2026-03-25 05:31:00,6661.25,6662.5,6660.25,6662.25,312
2026-03-25 05:32:00,6662.0,6662.0,6660.75,6661.0,84
2026-03-25 05:33:00,6660.75,6661.75,6659.25,6660.25,306
2026-03-25 05:34:00,6660.5,6661.25,6659.0,6659.0,203
2026-03-25 05:35:00,6659.0,6662.5,6658.75,6661.25,235
2026-03-25 05:36:00,6661.5,6662.25,6660.0,6660.0,273
2026-03-25 05:37:00,6660.0,6661.5,6659.25,6660.75,316
2026-03-25 05:38:00,6660.5,6661.25,6657.5,6658.75,379
2026-03-25 05:39:00,6659.0,6660.0,6658.25,6659.5,143
2026-03-25 05:40:00,6659.5,6660.25,6658.25,6659.25,179
2026-03-25 05:41:00,6659.0,6660.0,6658.0,6659.5,188
2026-03-25 05:42:00,6658.75,6659.0,6656.5,6656.75,238
2026-03-25 05:43:00,6657.0,6658.75,6656.25,6656.75,236
2026-03-25 05:44:00,6656.75,6657.5,6656.0,6657.0,191
2026-03-25 05:45:00,6657.0,6657.25,6654.75,6654.75,364
2026-03-25 05:46:00,6655.0,6656.0,6654.0,6654.0,284
2026-03-25 05:47:00,6654.0,6655.25,6651.25,6651.75,436
2026-03-25 05:48:00,6651.75,6652.5,6649.5,6651.75,789
2026-03-25 05:49:00,6652.0,6652.75,6650.75,6652.0,457
2026-03-25 05:50:00,6652.5,6653.75,6651.0,6653.0,401
2026-03-25 05:51:00,6653.25,6654.75,6653.0,6654.25,320
2026-03-25 05:52:00,6654.5,6655.25,6652.5,6652.75,246
2026-03-25 05:53:00,6652.75,6653.5,6651.75,6652.75,298
2026-03-25 05:54:00,6653.0,6654.75,6652.0,6652.75,353
2026-03-25 05:55:00,6653.0,6654.0,6652.75,6653.75,232
2026-03-25 05:56:00,6654.0,6654.5,6653.5,6653.75,187
2026-03-25 05:57:00,6653.75,6656.0,6653.75,6654.25,368
2026-03-25 05:58:00,6654.5,6662.75,6654.0,6659.25,3132
2026-03-25 05:59:00,6659.5,6665.5,6656.25,6659.25,2552
2026-03-25 06:00:00,6659.25,6665.25,6659.25,6664.0,2090
2026-03-25 06:01:00,6664.0,6666.0,6661.5,6664.25,860
2026-03-25 06:02:00,6664.25,6668.25,6663.5,6666.0,884
2026-03-25 06:03:00,6666.0,6666.5,6664.0,6664.5,428
2026-03-25 06:04:00,6664.5,6664.75,6663.0,6664.25,372
2026-03-25 06:05:00,6664.5,6664.5,6661.0,6662.5,385
2026-03-25 06:06:00,6662.5,6662.5,6659.5,6660.5,447
2026-03-25 06:07:00,6660.5,6661.25,6659.75,6661.25,190
2026-03-25 06:08:00,6661.25,6661.25,6659.5,6659.75,162
2026-03-25 06:09:00,6660.0,6661.0,6659.5,6660.75,449
2026-03-25 06:10:00,6660.75,6661.5,6658.5,6660.0,1082
2026-03-25 06:11:00,6659.75,6661.0,6659.75,6660.0,234
2026-03-25 06:12:00,6660.0,6661.0,6659.5,6660.25,325
2026-03-25 06:13:00,6659.75,6661.0,6658.75,6658.75,331
2026-03-25 06:14:00,6659.0,6661.25,6658.25,6660.75,261
2026-03-25 06:15:00,6660.5,6661.25,6658.75,6661.0,574
2026-03-25 06:16:00,6660.75,6663.0,6660.5,6662.0,373
2026-03-25 06:17:00,6662.25,6663.0,6661.25,6661.25,147
2026-03-25 06:18:00,6661.25,6661.75,6660.5,6660.5,152
2026-03-25 06:19:00,6660.25,6662.0,6659.75,6660.75,228
2026-03-25 06:20:00,6660.75,6662.25,6660.75,6661.5,285
2026-03-25 06:21:00,6661.5,6662.25,6660.5,6661.0,139
2026-03-25 06:22:00,6661.0,6661.5,6658.0,6658.5,530
2026-03-25 06:23:00,6658.5,6659.0,6657.25,6658.25,295
2026-03-25 06:24:00,6658.25,6659.0,6657.5,6658.75,340
2026-03-25 06:25:00,6658.75,6659.25,6656.5,6657.0,834
2026-03-25 06:26:00,6657.0,6658.75,6657.0,6657.5,154
2026-03-25 06:27:00,6657.25,6658.0,6656.25,6657.0,259
2026-03-25 06:28:00,6657.0,6658.5,6657.0,6657.75,377
2026-03-25 06:29:00,6657.75,6658.0,6656.0,6656.0,330
2026-03-25 06:30:00,6656.25,6657.0,6655.0,6655.25,392
2026-03-25 06:31:00,6655.25,6658.0,6654.5,6657.25,634
2026-03-25 06:32:00,6657.0,6657.5,6656.25,6656.5,387
2026-03-25 06:33:00,6656.75,6657.0,6655.5,6656.75,386
2026-03-25 06:34:00,6656.75,6658.0,6655.75,6655.75,293
2026-03-25 06:35:00,6656.25,6659.0,6656.0,6658.25,411
2026-03-25 06:36:00,6658.0,6658.25,6657.25,6658.25,165
2026-03-25 06:37:00,6658.0,6659.25,6657.5,6658.75,363
2026-03-25 06:38:00,6658.75,6660.25,6658.5,6659.0,226
2026-03-25 06:39:00,6659.0,6661.0,6658.75,6659.25,285
2026-03-25 06:40:00,6659.0,6659.5,6657.5,6658.25,214
2026-03-25 06:41:00,6658.5,6660.0,6658.25,6658.5,236
2026-03-25 06:42:00,6658.5,6659.0,6655.0,6655.25,346
2026-03-25 06:43:00,6655.25,6656.25,6655.0,6655.5,138
2026-03-25 06:44:00,6655.25,6655.75,6654.25,6654.5,128
2026-03-25 06:45:00,6654.25,6655.75,6653.25,6655.25,323
2026-03-25 06:46:00,6655.25,6656.75,6655.0,6655.5,218
2026-03-25 06:47:00,6655.5,6657.0,6655.0,6656.75,135
2026-03-25 06:48:00,6656.5,6659.25,6655.25,6659.25,379
2026-03-25 06:49:00,6659.5,6660.5,6657.75,6658.75,313
2026-03-25 06:50:00,6658.75,6660.5,6657.5,6660.5,243
2026-03-25 06:51:00,6660.25,6660.5,6658.75,6659.25,277
2026-03-25 06:52:00,6659.0,6659.25,6658.0,6658.5,332
2026-03-25 06:53:00,6658.75,6660.25,6658.25,6660.0,263
2026-03-25 06:54:00,6659.75,6661.5,6659.75,6661.0,270
2026-03-25 06:55:00,6660.75,6661.75,6660.5,6661.5,191
2026-03-25 06:56:00,6661.25,6661.5,6659.75,6660.0,215
2026-03-25 06:57:00,6660.0,6660.5,6659.0,6660.0,260
2026-03-25 06:58:00,6660.0,6660.25,6658.5,6658.75,213
2026-03-25 06:59:00,6658.75,6659.75,6658.5,6658.5,136
2026-03-25 07:00:00,6658.75,6661.5,6658.5,6661.0,468
2026-03-25 07:01:00,6661.25,6663.25,6660.5,6661.75,348
2026-03-25 07:02:00,6662.0,6662.75,6660.25,6662.5,247
2026-03-25 07:03:00,6662.75,6663.25,6661.25,6662.5,247
2026-03-25 07:04:00,6662.5,6665.0,6662.25,6664.75,299
2026-03-25 07:05:00,6664.75,6666.0,6664.25,6664.25,271
2026-03-25 07:06:00,6664.5,6665.0,6661.5,6664.0,664
2026-03-25 07:07:00,6664.25,6666.0,6663.0,6665.25,290
2026-03-25 07:08:00,6665.5,6667.5,6665.0,6667.25,436
2026-03-25 07:09:00,6667.0,6668.0,6665.25,6666.5,287
2026-03-25 07:10:00,6666.5,6666.5,6663.5,6664.75,265
2026-03-25 07:11:00,6664.75,6665.0,6662.5,6663.25,225
2026-03-25 07:12:00,6663.0,6664.5,6663.0,6664.25,248
2026-03-25 07:13:00,6664.25,6665.5,6663.75,6665.0,337
2026-03-25 07:14:00,6665.0,6666.0,6664.5,6664.5,258
2026-03-25 07:15:00,6664.75,6665.0,6664.0,6664.25,106
2026-03-25 07:16:00,6664.25,6665.25,6663.25,6664.5,187
2026-03-25 07:17:00,6664.25,6665.0,6662.75,6664.0,284
2026-03-25 07:18:00,6663.75,6665.25,6663.25,6665.0,322
2026-03-25 07:19:00,6665.25,6665.5,6664.25,6664.5,204
2026-03-25 07:20:00,6664.75,6665.75,6663.25,6665.5,647
2026-03-25 07:21:00,6665.5,6666.5,6664.5,6666.0,293
2026-03-25 07:22:00,6666.25,6668.25,6665.5,6667.5,260
2026-03-25 07:23:00,6667.75,6669.5,6667.5,6669.5,349
2026-03-25 07:24:00,6669.5,6671.0,6669.25,6669.75,684
2026-03-25 07:25:00,6669.75,6670.75,6668.0,6670.0,516
2026-03-25 07:26:00,6670.0,6670.25,6668.5,6668.5,192
2026-03-25 07:27:00,6668.25,6668.25,6665.5,6666.25,539
2026-03-25 07:28:00,6666.0,6667.0,6665.25,6665.5,464
2026-03-25 07:29:00,6665.75,6667.75,6664.5,6667.0,668
2026-03-25 07:30:00,6667.0,6669.75,6667.0,6669.25,454
2026-03-25 07:31:00,6669.0,6670.25,6668.75,6669.25,352
2026-03-25 07:32:00,6669.5,6671.25,6668.0,6668.75,489
2026-03-25 07:33:00,6668.5,6669.5,6667.25,6668.25,458
2026-03-25 07:34:00,6668.0,6669.5,6668.0,6668.5,598
2026-03-25 07:35:00,6668.75,6671.5,6668.5,6671.5,353
2026-03-25 07:36:00,6671.75,6674.0,6670.5,6673.0,866
2026-03-25 07:37:00,6672.75,6674.5,6672.5,6673.75,429
2026-03-25 07:38:00,6673.75,6676.0,6673.75,6675.25,671
2026-03-25 07:39:00,6675.25,6675.75,6674.25,6675.0,393
2026-03-25 07:40:00,6674.75,6675.25,6670.25,6671.5,506
2026-03-25 07:41:00,6671.5,6672.25,6671.0,6671.75,195
2026-03-25 07:42:00,6671.75,6673.5,6671.0,6673.25,226
2026-03-25 07:43:00,6673.5,6674.5,6673.25,6673.25,183
2026-03-25 07:44:00,6673.25,6674.25,6672.75,6674.25,139
2026-03-25 07:45:00,6674.25,6674.25,6672.75,6672.75,121
2026-03-25 07:46:00,6672.75,6673.0,6671.75,6672.75,205
2026-03-25 07:47:00,6672.75,6673.0,6656.5,6658.5,4210
2026-03-25 07:48:00,6658.25,6664.75,6656.25,6657.25,2314
2026-03-25 07:49:00,6657.0,6664.0,6657.0,6661.75,1119
2026-03-25 07:50:00,6662.0,6667.25,6657.5,6659.5,2008
2026-03-25 07:51:00,6659.75,6665.75,6659.75,6664.5,874
2026-03-25 07:52:00,6664.25,6666.25,6661.5,6663.0,711
2026-03-25 07:53:00,6663.0,6666.0,6663.0,6664.25,338
2026-03-25 07:54:00,6664.5,6665.25,6663.5,6665.0,315
2026-03-25 07:55:00,6665.0,6665.75,6663.0,6664.25,501
2026-03-25 07:56:00,6664.5,6666.0,6664.5,6664.5,256
2026-03-25 07:57:00,6664.5,6664.75,6663.25,6664.0,384
2026-03-25 07:58:00,6664.25,6667.75,6664.0,6667.5,808
2026-03-25 07:59:00,6667.5,6672.0,6667.0,6671.25,1159
2026-03-25 08:00:00,6670.75,6675.75,6670.75,6674.0,1454
2026-03-25 08:01:00,6674.0,6674.75,6672.0,6673.25,497
2026-03-25 08:02:00,6673.25,6674.0,6671.75,6673.75,403
2026-03-25 08:03:00,6673.75,6674.0,6672.5,6673.75,473
2026-03-25 08:04:00,6673.75,6674.0,6671.5,6672.0,693
2026-03-25 08:05:00,6671.75,6674.0,6671.75,6674.0,672
2026-03-25 08:06:00,6673.75,6678.5,6673.75,6677.5,922
2026-03-25 08:07:00,6678.0,6680.0,6676.75,6679.75,930
2026-03-25 08:08:00,6679.75,6681.0,6677.5,6678.0,673
2026-03-25 08:09:00,6677.75,6678.5,6677.0,6677.0,573
2026-03-25 08:10:00,6677.0,6677.75,6675.75,6676.0,550
2026-03-25 08:11:00,6676.0,6678.5,6676.0,6678.5,377
2026-03-25 08:12:00,6678.25,6678.75,6676.75,6677.75,399
2026-03-25 08:13:00,6677.75,6678.75,6673.75,6674.5,1421
2026-03-25 08:14:00,6674.75,6677.25,6674.5,6676.5,502
2026-03-25 08:15:00,6676.25,6677.0,6669.0,6669.75,2109
2026-03-25 08:16:00,6670.0,6670.5,6657.0,6658.0,2979
2026-03-25 08:17:00,6658.25,6661.75,6654.5,6654.75,3684
2026-03-25 08:18:00,6654.75,6659.0,6652.75,6653.5,2606
2026-03-25 08:19:00,6653.25,6659.75,6653.0,6656.75,1890
2026-03-25 08:20:00,6656.5,6659.75,6653.25,6658.75,1760
2026-03-25 08:21:00,6658.75,6662.0,6658.25,6661.25,1901
2026-03-25 08:22:00,6661.5,6663.25,6659.0,6661.0,1147
2026-03-25 08:23:00,6660.75,6661.25,6645.0,6658.5,6692
2026-03-25 08:24:00,6658.0,6658.5,6652.0,6655.75,1824
2026-03-25 08:25:00,6655.75,6663.0,6654.75,6661.5,1606
2026-03-25 08:26:00,6662.0,6662.0,6656.75,6657.75,1015
2026-03-25 08:27:00,6657.75,6658.75,6653.25,6654.25,1668
2026-03-25 08:28:00,6654.25,6655.0,6650.25,6651.0,1599
2026-03-25 08:29:00,6651.0,6653.75,6649.5,6653.0,1280
2026-03-25 08:30:00,6653.5,6653.5,6644.75,6646.0,1883
2026-03-25 08:31:00,6646.0,6647.0,6640.75,6642.25,1765
2026-03-25 08:32:00,6642.5,6644.0,6639.25,6643.0,2409
2026-03-25 08:33:00,6643.0,6646.5,6643.0,6644.5,1301
2026-03-25 08:34:00,6644.5,6647.75,6644.0,6647.0,1314
2026-03-25 08:35:00,6647.25,6651.0,6646.75,6650.5,1021
2026-03-25 08:36:00,6650.75,6654.0,6649.75,6654.0,1125
2026-03-25 08:37:00,6653.75,6655.75,6653.25,6655.5,1293
2026-03-25 08:38:00,6655.5,6658.5,6655.0,6655.75,1264
2026-03-25 08:39:00,6655.75,6659.75,6654.5,6659.0,953
2026-03-25 08:40:00,6659.0,6659.75,6654.0,6654.75,1403
2026-03-25 08:41:00,6654.75,6655.25,6653.0,6655.0,792
2026-03-25 08:42:00,6655.25,6658.0,6654.5,6657.0,902
2026-03-25 08:43:00,6657.0,6657.25,6654.75,6655.25,879
2026-03-25 08:44:00,6655.0,6655.0,6652.5,6653.0,662
2026-03-25 08:45:00,6653.0,6653.0,6648.75,6651.0,905
2026-03-25 08:46:00,6650.5,6654.0,6650.0,6652.75,618
2026-03-25 08:47:00,6652.75,6655.5,6652.25,6655.25,791
2026-03-25 08:48:00,6655.25,6655.75,6653.25,6655.0,898
2026-03-25 08:49:00,6654.75,6655.25,6653.25,6654.25,677
2026-03-25 08:50:00,6654.25,6655.25,6653.5,6654.75,552
2026-03-25 08:51:00,6654.75,6656.25,6653.0,6655.5,735
2026-03-25 08:52:00,6655.5,6657.75,6655.25,6657.25,598
2026-03-25 08:53:00,6657.25,6658.0,6656.5,6657.25,513
2026-03-25 08:54:00,6657.5,6660.5,6656.5,6660.25,1013
2026-03-25 08:55:00,6660.25,6666.0,6659.75,6664.75,2408
2026-03-25 08:56:00,6665.25,6666.0,6661.75,6663.5,1054
2026-03-25 08:57:00,6664.0,6664.0,6661.75,6662.5,530
2026-03-25 08:58:00,6662.25,6662.75,6660.25,6660.75,556
2026-03-25 08:59:00,6660.75,6663.75,6660.5,6660.75,531
2026-03-25 09:00:00,6661.0,6664.75,6653.5,6664.25,5389
2026-03-25 09:01:00,6664.25,6665.75,6663.0,6664.5,1486
2026-03-25 09:02:00,6664.5,6665.75,6662.75,6664.25,738
2026-03-25 09:03:00,6664.25,6667.5,6664.25,6667.25,1082
2026-03-25 09:04:00,6667.25,6668.0,6666.0,6667.0,902
2026-03-25 09:05:00,6667.0,6667.75,6665.25,6667.5,708
2026-03-25 09:06:00,6667.5,6668.0,6665.75,6666.25,722
2026-03-25 09:07:00,6666.5,6669.75,6666.5,6667.75,1019
2026-03-25 09:08:00,6667.75,6667.75,6664.5,6665.5,782
2026-03-25 09:09:00,6665.5,6665.5,6662.25,6663.5,989
2026-03-25 09:10:00,6663.25,6665.75,6662.75,6664.75,653
2026-03-25 09:11:00,6665.0,6667.5,6664.75,6664.75,526
2026-03-25 09:12:00,6664.75,6665.75,6662.25,6662.5,543
2026-03-25 09:13:00,6662.75,6662.75,6659.0,6659.75,875
2026-03-25 09:14:00,6660.0,6662.0,6659.0,6661.0,739
2026-03-25 09:15:00,6661.0,6661.25,6659.75,6660.0,450
2026-03-25 09:16:00,6660.0,6660.25,6658.5,6659.5,544
2026-03-25 09:17:00,6659.75,6661.75,6659.5,6660.5,565
2026-03-25 09:18:00,6660.5,6661.75,6659.25,6661.5,526
2026-03-25 09:19:00,6661.5,6663.75,6660.25,6663.25,552
2026-03-25 09:20:00,6663.0,6663.25,6660.75,6660.75,459
2026-03-25 09:21:00,6660.75,6661.5,6659.5,6660.5,703
2026-03-25 09:22:00,6660.25,6660.25,6657.0,6657.75,859
2026-03-25 09:23:00,6657.75,6660.75,6657.5,6660.5,544
2026-03-25 09:24:00,6660.75,6662.5,6660.0,6661.0,745
2026-03-25 09:25:00,6661.25,6662.5,6659.0,6659.5,1017
2026-03-25 09:26:00,6659.75,6662.5,6659.75,6661.75,738
2026-03-25 09:27:00,6661.75,6663.5,6661.25,6663.25,754
2026-03-25 09:28:00,6663.0,6663.0,6659.75,6660.0,1143
2026-03-25 09:29:00,6660.0,6662.0,6659.25,6661.75,1417
2026-03-25 09:30:00,6661.75,6673.0,6660.75,6671.75,12268
2026-03-25 09:31:00,6672.0,6676.5,6671.25,6674.5,7656
2026-03-25 09:32:00,6674.75,6678.0,6672.5,6675.75,5987
2026-03-25 09:33:00,6675.75,6677.25,6668.75,6670.5,6521
2026-03-25 09:34:00,6670.5,6673.0,6669.5,6672.5,4130
2026-03-25 09:35:00,6672.5,6677.0,6671.5,6676.0,5505
2026-03-25 09:36:00,6676.25,6683.0,6670.5,6682.5,8192
2026-03-25 09:37:00,6682.5,6684.75,6679.25,6680.5,6416
2026-03-25 09:38:00,6680.5,6682.75,6677.75,6678.5,4595
2026-03-25 09:39:00,6678.25,6680.5,6674.0,6674.75,5449
2026-03-25 09:40:00,6674.75,6680.5,6674.25,6679.25,4570
2026-03-25 09:41:00,6679.25,6680.75,6677.25,6678.5,3235
2026-03-25 09:42:00,6678.5,6681.0,6676.0,6676.5,3677
2026-03-25 09:43:00,6676.5,6676.75,6668.25,6670.5,4993
2026-03-25 09:44:00,6670.5,6670.75,6662.75,6664.5,6131
2026-03-25 09:45:00,6664.5,6667.0,6663.0,6663.75,4619
2026-03-25 09:46:00,6663.5,6665.75,6661.0,6661.75,4726
2026-03-25 09:47:00,6661.75,6662.75,6659.25,6660.0,4768
2026-03-25 09:48:00,6660.0,6662.0,6656.5,6658.0,3795
2026-03-25 09:49:00,6658.0,6658.5,6652.25,6653.25,5168
2026-03-25 09:50:00,6653.25,6654.5,6643.5,6646.0,8567
2026-03-25 09:51:00,6645.75,6650.5,6645.75,6646.0,6138
2026-03-25 09:52:00,6646.25,6647.5,6643.75,6647.0,6378
2026-03-25 09:53:00,6647.0,6651.5,6643.5,6645.0,5765
2026-03-25 09:54:00,6645.0,6645.25,6641.5,6642.25,5420
2026-03-25 09:55:00,6642.5,6646.5,6640.5,6644.5,5567
2026-03-25 09:56:00,6644.5,6648.0,6643.75,6646.25,5200
2026-03-25 09:57:00,6646.0,6647.75,6643.75,6646.25,3825
2026-03-25 09:58:00,6646.25,6650.5,6643.25,6645.25,7840
2026-03-25 09:59:00,6645.25,6646.0,6638.75,6639.5,7518
2026-03-25 10:00:00,6639.5,6642.0,6631.25,6634.5,10848
2026-03-25 10:01:00,6634.5,6644.5,6634.5,6641.75,7449
2026-03-25 10:02:00,6642.0,6647.25,6641.25,6644.75,5972
2026-03-25 10:03:00,6644.75,6645.5,6641.0,6643.0,4121
2026-03-25 10:04:00,6643.0,6649.75,6642.25,6644.5,5462
2026-03-25 10:05:00,6644.75,6646.25,6641.75,6644.5,3792
2026-03-25 10:06:00,6644.5,6650.0,6644.5,6645.5,5039
2026-03-25 10:07:00,6645.75,6647.0,6638.5,6639.25,5785
2026-03-25 10:08:00,6639.25,6645.25,6639.0,6640.0,4942
2026-03-25 10:09:00,6640.25,6647.25,6639.0,6645.75,4947
2026-03-25 10:10:00,6646.0,6646.0,6641.0,6643.5,3293
2026-03-25 10:11:00,6643.5,6647.25,6641.5,6645.5,3928
2026-03-25 10:12:00,6645.75,6651.25,6645.5,6651.0,4920
2026-03-25 10:13:00,6651.25,6654.25,6648.25,6649.25,4701
2026-03-25 10:14:00,6649.5,6656.25,6648.5,6655.75,4760
2026-03-25 10:15:00,6655.5,6656.0,6651.75,6653.75,3875
2026-03-25 10:16:00,6654.0,6657.75,6652.0,6656.75,4229
2026-03-25 10:17:00,6656.5,6656.75,6653.25,6654.25,3608
2026-03-25 10:18:00,6654.5,6657.25,6654.25,6655.75,3092
2026-03-25 10:19:00,6656.0,6656.5,6649.0,6651.25,4531
2026-03-25 10:20:00,6651.25,6658.0,6650.75,6656.75,4451
2026-03-25 10:21:00,6656.5,6658.75,6654.0,6658.5,3576
2026-03-25 10:22:00,6658.25,6660.75,6656.0,6660.25,4170
2026-03-25 10:23:00,6660.5,6660.5,6655.25,6656.5,6048
2026-03-25 10:24:00,6656.5,6656.5,6646.5,6649.0,5467
2026-03-25 10:25:00,6649.0,6663.25,6647.25,6656.25,14062
2026-03-25 10:26:00,6656.25,6656.5,6649.5,6653.5,4522
2026-03-25 10:27:00,6653.75,6661.25,6651.75,6660.25,4887
2026-03-25 10:28:00,6660.0,6660.0,6654.25,6655.5,4227
2026-03-25 10:29:00,6655.75,6657.0,6654.0,6657.0,2281
2026-03-25 10:30:00,6656.75,6659.0,6651.25,6655.75,4617
2026-03-25 10:31:00,6655.5,6658.5,6654.75,6657.0,2879
2026-03-25 10:32:00,6657.0,6661.0,6657.0,6660.5,3574
2026-03-25 10:33:00,6660.25,6662.5,6658.75,6661.25,2990
2026-03-25 10:34:00,6661.25,6663.0,6658.0,6662.75,2972
2026-03-25 10:35:00,6663.0,6665.5,6658.75,6660.25,4062
2026-03-25 10:36:00,6660.25,6660.75,6656.0,6658.0,3606
2026-03-25 10:37:00,6657.75,6660.25,6656.5,6657.5,2350
2026-03-25 10:38:00,6657.5,6660.5,6656.5,6657.5,2240
2026-03-25 10:39:00,6657.5,6657.5,6654.0,6657.25,3547
2026-03-25 10:40:00,6657.5,6658.0,6653.75,6655.75,3200
2026-03-25 10:41:00,6655.75,6662.5,6655.25,6660.5,3897
2026-03-25 10:42:00,6660.5,6664.75,6658.75,6662.5,2594
2026-03-25 10:43:00,6662.25,6662.75,6657.75,6661.25,2764
2026-03-25 10:44:00,6661.25,6662.75,6659.5,6659.5,2355
2026-03-25 10:45:00,6659.5,6662.5,6659.25,6661.25,2894
2026-03-25 10:46:00,6661.25,6661.75,6659.0,6661.75,2660
2026-03-25 10:47:00,6661.5,6663.25,6660.0,6662.0,2340
2026-03-25 10:48:00,6662.0,6666.25,6661.25,6665.75,2568
2026-03-25 10:49:00,6666.0,6666.0,6663.25,6664.5,2554
2026-03-25 10:50:00,6664.5,6667.5,6662.5,6666.25,2925
2026-03-25 10:51:00,6666.25,6667.0,6664.25,6664.5,1910
2026-03-25 10:52:00,6664.5,6667.5,6662.5,6663.75,2727
2026-03-25 10:53:00,6664.0,6666.0,6663.75,6664.0,2224
2026-03-25 10:54:00,6664.0,6665.75,6661.5,6662.75,2863
2026-03-25 10:55:00,6663.0,6664.75,6661.75,6663.25,2276
2026-03-25 10:56:00,6663.25,6664.5,6663.0,6664.0,2202
2026-03-25 10:57:00,6664.25,6666.25,6661.5,6665.75,2932
2026-03-25 10:58:00,6665.5,6665.5,6663.25,6664.0,2138
2026-03-25 10:59:00,6664.25,6665.0,6659.5,6662.25,3416
2026-03-25 11:00:00,6662.0,6664.25,6660.5,6661.0,2731
2026-03-25 11:01:00,6661.0,6663.25,6659.0,6661.5,2867
2026-03-25 11:02:00,6661.75,6663.75,6659.25,6659.5,2303
2026-03-25 11:03:00,6659.75,6665.5,6659.25,6663.75,2908
2026-03-25 11:04:00,6664.0,6664.75,6662.5,6663.25,2064
2026-03-25 11:05:00,6663.25,6664.25,6659.0,6659.75,2642
2026-03-25 11:06:00,6660.0,6660.5,6656.25,6656.5,3728
2026-03-25 11:07:00,6656.75,6657.75,6651.0,6651.0,4421
2026-03-25 11:08:00,6650.75,6655.75,6650.75,6652.25,4061
2026-03-25 11:09:00,6652.25,6652.5,6646.25,6647.5,5356
2026-03-25 11:10:00,6647.5,6650.25,6645.0,6646.0,4131
2026-03-25 11:11:00,6645.75,6650.75,6645.0,6645.5,4089
2026-03-25 11:12:00,6645.5,6645.75,6640.5,6641.5,4995
2026-03-25 11:13:00,6641.25,6644.75,6641.0,6642.0,4381
2026-03-25 11:14:00,6642.0,6642.5,6639.5,6640.5,4439
2026-03-25 11:15:00,6640.25,6642.75,6638.5,6640.25,4796
2026-03-25 11:16:00,6640.25,6641.5,6623.25,6623.5,16075
2026-03-25 11:17:00,6623.5,6624.75,6616.5,6617.25,13456
2026-03-25 11:18:00,6617.5,6626.0,6616.75,6623.0,10056
2026-03-25 11:19:00,6622.75,6627.0,6621.75,6625.75,7967
2026-03-25 11:20:00,6625.75,6632.5,6625.0,6631.25,7643
2026-03-25 11:21:00,6631.25,6635.25,6631.0,6633.0,5506
2026-03-25 11:22:00,6633.25,6639.0,6633.0,6637.25,5202
2026-03-25 11:23:00,6637.25,6640.5,6636.25,6639.25,4886
2026-03-25 11:24:00,6639.5,6648.0,6639.0,6643.75,6285
2026-03-25 11:25:00,6644.0,6647.75,6642.25,6646.0,4581
2026-03-25 11:26:00,6646.25,6646.25,6642.25,6644.5,3412
2026-03-25 11:27:00,6644.5,6645.0,6642.0,6644.5,3324
2026-03-25 11:28:00,6644.5,6650.75,6644.0,6648.0,4682
2026-03-25 11:29:00,6648.25,6653.75,6648.0,6653.25,4342
2026-03-25 11:30:00,6653.25,6656.0,6650.75,6655.75,6052
2026-03-25 11:31:00,6655.75,6657.5,6653.25,6656.75,3973
2026-03-25 11:32:00,6656.75,6657.25,6654.25,6655.0,3498
2026-03-25 11:33:00,6655.25,6657.25,6652.0,6656.25,4975
2026-03-25 11:34:00,6656.5,6657.25,6653.5,6654.0,3437
2026-03-25 11:35:00,6654.25,6654.5,6650.25,6652.25,4028
2026-03-25 11:36:00,6652.25,6653.5,6650.5,6650.75,2792
2026-03-25 11:37:00,6651.0,6651.0,6646.75,6647.75,3586
2026-03-25 11:38:00,6647.75,6648.0,6641.75,6642.25,4086
2026-03-25 11:39:00,6642.0,6644.75,6641.0,6642.25,3075
2026-03-25 11:40:00,6642.25,6645.75,6641.75,6643.25,2341
2026-03-25 11:41:00,6643.5,6644.25,6639.75,6640.0,2745
2026-03-25 11:42:00,6640.25,6642.0,6636.75,6637.25,2396
2026-03-25 11:43:00,6637.5,6638.0,6635.75,6637.5,2685
2026-03-25 11:44:00,6637.75,6643.25,6637.25,6641.25,3545
2026-03-25 11:45:00,6641.5,6643.25,6639.5,6640.0,2930
2026-03-25 11:46:00,6640.0,6641.75,6638.5,6639.5,2058
2026-03-25 11:47:00,6639.5,6641.0,6638.0,6639.25,1565
2026-03-25 11:48:00,6639.25,6642.0,6637.25,6640.25,2444
2026-03-25 11:49:00,6640.25,6642.75,6640.0,6641.5,2461
2026-03-25 11:50:00,6641.5,6645.5,6641.25,6644.0,2836
2026-03-25 11:51:00,6644.0,6645.5,6642.5,6644.5,1585
2026-03-25 11:52:00,6644.5,6644.5,6638.75,6639.25,2991
2026-03-25 11:53:00,6639.25,6644.0,6638.5,6639.75,2644
2026-03-25 11:54:00,6640.0,6642.5,6639.0,6642.25,1934
2026-03-25 11:55:00,6642.25,6646.75,6638.25,6644.0,8067
2026-03-25 11:56:00,6644.0,6648.25,6643.25,6647.75,2867
2026-03-25 11:57:00,6647.5,6649.0,6643.25,6644.0,3215
2026-03-25 11:58:00,6644.25,6646.5,6643.25,6644.5,1650
2026-03-25 11:59:00,6644.75,6646.5,6643.25,6644.5,1714
2026-03-25 12:00:00,6644.75,6645.75,6642.25,6643.0,2764
2026-03-25 12:01:00,6643.0,6646.5,6641.25,6643.75,3810
2026-03-25 12:02:00,6643.75,6646.5,6640.0,6641.5,4801
2026-03-25 12:03:00,6641.25,6641.5,6639.5,6640.25,1940
2026-03-25 12:04:00,6640.25,6642.25,6638.5,6639.0,2276
2026-03-25 12:05:00,6639.0,6640.25,6634.5,6637.75,3240
2026-03-25 12:06:00,6638.0,6640.75,6637.0,6638.25,2135
2026-03-25 12:07:00,6638.5,6643.25,6638.5,6640.25,2560
2026-03-25 12:08:00,6640.0,6641.0,6638.0,6640.75,1893
2026-03-25 12:09:00,6641.0,6642.75,6639.75,6641.0,2427
2026-03-25 12:10:00,6641.0,6641.0,6635.75,6637.5,1831
2026-03-25 12:11:00,6637.5,6640.0,6636.5,6639.5,1671
2026-03-25 12:12:00,6639.75,6641.75,6638.25,6639.25,1945
2026-03-25 12:13:00,6639.0,6639.5,6637.25,6638.75,1321
2026-03-25 12:14:00,6638.75,6642.0,6638.5,6640.25,1613
2026-03-25 12:15:00,6640.0,6642.0,6637.0,6637.75,2423
2026-03-25 12:16:00,6637.75,6640.25,6637.25,6638.75,2079
2026-03-25 12:17:00,6639.0,6639.5,6636.25,6638.0,1931
2026-03-25 12:18:00,6638.25,6638.5,6636.0,6637.0,1632
2026-03-25 12:19:00,6637.0,6638.75,6636.25,6638.0,1569
2026-03-25 12:20:00,6638.25,6641.0,6637.25,6638.25,2768
2026-03-25 12:21:00,6638.25,6641.0,6637.0,6637.5,2115
2026-03-25 12:22:00,6637.5,6641.0,6635.75,6640.25,2098
2026-03-25 12:23:00,6640.5,6646.25,6640.25,6641.75,4339
2026-03-25 12:24:00,6642.0,6652.0,6641.75,6652.0,4656
2026-03-25 12:25:00,6651.75,6655.75,6647.5,6652.5,12004
2026-03-25 12:26:00,6652.5,6653.5,6647.5,6652.5,5020
2026-03-25 12:27:00,6652.75,6653.0,6648.5,6650.75,3560
2026-03-25 12:28:00,6650.5,6650.5,6647.25,6649.0,3228
2026-03-25 12:29:00,6649.25,6650.0,6647.0,6649.75,3728
2026-03-25 12:30:00,6649.5,6651.5,6645.25,6650.25,5273
2026-03-25 12:31:00,6650.5,6655.75,6649.75,6655.25,3560
2026-03-25 12:32:00,6655.25,6655.5,6652.75,6654.75,2892
2026-03-25 12:33:00,6655.0,6658.25,6653.5,6657.75,3087
2026-03-25 12:34:00,6658.0,6658.25,6653.75,6655.75,3197
2026-03-25 12:35:00,6655.5,6657.75,6654.0,6656.25,3361
2026-03-25 12:36:00,6656.5,6658.0,6654.75,6656.5,2505
2026-03-25 12:37:00,6656.75,6657.25,6655.0,6657.0,1834
2026-03-25 12:38:00,6657.0,6657.0,6652.25,6654.5,2565
2026-03-25 12:39:00,6654.5,6656.5,6654.5,6656.0,1757
2026-03-25 12:40:00,6656.25,6657.0,6653.5,6655.25,1795
2026-03-25 12:41:00,6655.5,6655.75,6653.5,6655.25,1864
2026-03-25 12:42:00,6655.25,6656.75,6652.75,6652.75,2038
2026-03-25 12:43:00,6652.75,6656.25,6651.5,6656.25,1804
2026-03-25 12:44:00,6656.25,6656.75,6654.5,6654.75,1524
2026-03-25 12:45:00,6655.0,6656.0,6653.75,6655.5,1998
2026-03-25 12:46:00,6655.5,6655.5,6652.25,6654.5,1515
2026-03-25 12:47:00,6654.5,6654.5,6649.5,6650.0,2870
2026-03-25 12:48:00,6650.25,6653.5,6650.0,6650.5,1827
2026-03-25 12:49:00,6650.75,6651.5,6649.75,6651.25,1172
2026-03-25 12:50:00,6651.5,6652.0,6647.25,6648.5,2131
2026-03-25 12:51:00,6648.5,6652.25,6647.75,6648.25,2816
2026-03-25 12:52:00,6648.25,6653.0,6645.5,6652.0,3459
2026-03-25 12:53:00,6652.0,6654.0,6651.25,6653.75,1917
2026-03-25 12:54:00,6654.0,6656.5,6653.25,6656.0,1716
2026-03-25 12:55:00,6656.0,6656.75,6653.25,6655.75,1702
2026-03-25 12:56:00,6655.75,6655.75,6653.0,6654.0,1238
2026-03-25 12:57:00,6654.0,6654.25,6652.0,6652.0,1121
2026-03-25 12:58:00,6652.25,6652.75,6650.5,6652.0,1064
2026-03-25 12:59:00,6652.0,6654.5,6652.0,6652.75,1213
2026-03-25 13:00:00,6652.75,6655.0,6652.25,6653.25,1318
2026-03-25 13:01:00,6653.25,6656.0,6652.5,6655.75,939
2026-03-25 13:02:00,6656.0,6658.5,6647.0,6653.5,6841
2026-03-25 13:03:00,6653.75,6654.0,6649.75,6649.75,2823
2026-03-25 13:04:00,6650.25,6651.75,6648.75,6650.25,2131
2026-03-25 13:05:00,6650.25,6651.0,6645.5,6647.25,2897
2026-03-25 13:06:00,6647.5,6650.5,6645.75,6649.25,2328
2026-03-25 13:07:00,6649.25,6651.25,6648.0,6648.25,1558
2026-03-25 13:08:00,6648.25,6648.75,6646.5,6647.5,1651
2026-03-25 13:09:00,6647.75,6648.75,6644.75,6644.75,1822
2026-03-25 13:10:00,6644.75,6647.75,6644.0,6646.25,2396
2026-03-25 13:11:00,6646.5,6647.5,6645.0,6646.75,1659
2026-03-25 13:12:00,6647.0,6651.25,6646.25,6650.75,1803
2026-03-25 13:13:00,6650.75,6652.75,6649.25,6652.25,1826
2026-03-25 13:14:00,6652.25,6652.75,6651.0,6651.0,1050
2026-03-25 13:15:00,6651.0,6651.25,6647.0,6647.75,1580
2026-03-25 13:16:00,6647.75,6649.0,6645.0,6645.75,1611
2026-03-25 13:17:00,6645.75,6648.0,6645.5,6646.5,1393
2026-03-25 13:18:00,6646.5,6649.0,6645.0,6645.5,1145
2026-03-25 13:19:00,6645.5,6650.5,6644.25,6648.0,3139
2026-03-25 13:20:00,6647.75,6649.75,6647.0,6649.0,1690
2026-03-25 13:21:00,6649.0,6652.0,6648.75,6651.5,1719
2026-03-25 13:22:00,6651.5,6654.0,6650.25,6651.5,1860
2026-03-25 13:23:00,6651.5,6655.5,6651.25,6652.75,1990
2026-03-25 13:24:00,6652.5,6652.75,6650.0,6652.0,1442
2026-03-25 13:25:00,6651.75,6653.75,6651.25,6653.25,1132
2026-03-25 13:26:00,6653.25,6656.75,6653.25,6656.25,2014
2026-03-25 13:27:00,6656.25,6658.5,6655.0,6658.0,2380
2026-03-25 13:28:00,6657.75,6658.5,6655.5,6658.25,1902
2026-03-25 13:29:00,6658.0,6658.0,6655.5,6655.75,1408
2026-03-25 13:30:00,6655.75,6656.0,6652.75,6654.75,2061
2026-03-25 13:31:00,6654.75,6655.25,6651.5,6651.75,1453
2026-03-25 13:32:00,6651.5,6654.75,6650.75,6654.5,1637
2026-03-25 13:33:00,6654.25,6656.0,6653.5,6655.75,1357
2026-03-25 13:34:00,6655.5,6658.25,6655.25,6657.5,1839
2026-03-25 13:35:00,6657.75,6660.0,6657.5,6659.0,2227
2026-03-25 13:36:00,6659.0,6659.75,6657.25,6658.0,1654
2026-03-25 13:37:00,6658.0,6659.5,6656.75,6659.25,1423
2026-03-25 13:38:00,6659.25,6660.0,6656.75,6660.0,1304
2026-03-25 13:39:00,6659.75,6662.5,6658.25,6661.75,3259
2026-03-25 13:40:00,6661.5,6662.25,6660.75,6661.75,1611
2026-03-25 13:41:00,6661.75,6662.75,6659.25,6660.25,3647
2026-03-25 13:42:00,6660.25,6662.25,6658.75,6659.5,2251
2026-03-25 13:43:00,6659.5,6669.5,6659.5,6664.75,7608
2026-03-25 13:44:00,6665.0,6666.0,6662.25,6663.75,4108
2026-03-25 13:45:00,6663.75,6664.0,6659.25,6660.5,3216
2026-03-25 13:46:00,6660.5,6662.75,6659.5,6661.75,2308
2026-03-25 13:47:00,6661.75,6661.75,6657.25,6659.25,1942
2026-03-25 13:48:00,6659.0,6660.5,6655.5,6658.0,2620
2026-03-25 13:49:00,6658.0,6659.0,6656.0,6656.25,2209
2026-03-25 13:50:00,6656.25,6656.75,6653.75,6656.25,2142
2026-03-25 13:51:00,6656.25,6656.5,6653.75,6656.25,1312
2026-03-25 13:52:00,6656.25,6662.5,6652.75,6653.0,5865
2026-03-25 13:53:00,6653.25,6654.0,6648.5,6651.75,4587
2026-03-25 13:54:00,6651.75,6653.75,6649.0,6650.0,3547
2026-03-25 13:55:00,6650.0,6652.5,6648.5,6652.0,2955
2026-03-25 13:56:00,6652.0,6654.0,6649.25,6653.5,3675
2026-03-25 13:57:00,6653.25,6656.25,6653.0,6656.0,1950
2026-03-25 13:58:00,6656.0,6663.25,6654.5,6656.0,8643
2026-03-25 13:59:00,6656.25,6656.25,6653.0,6654.25,2167
2026-03-25 14:00:00,6654.0,6655.25,6651.75,6653.75,2398
2026-03-25 14:01:00,6653.5,6655.75,6652.5,6653.75,1686
2026-03-25 14:02:00,6653.5,6655.0,6652.25,6653.75,1053
2026-03-25 14:03:00,6653.75,6656.0,6650.75,6652.25,2272
2026-03-25 14:04:00,6652.25,6654.0,6652.0,6653.5,1637
2026-03-25 14:05:00,6653.75,6658.0,6653.5,6657.25,1910
2026-03-25 14:06:00,6657.5,6657.5,6655.75,6656.25,1179
2026-03-25 14:07:00,6656.0,6656.75,6652.75,6654.0,1331
2026-03-25 14:08:00,6654.0,6654.5,6651.0,6652.25,1323
2026-03-25 14:09:00,6652.25,6653.75,6652.0,6653.0,1352
2026-03-25 14:10:00,6653.25,6654.75,6652.5,6653.5,1139
2026-03-25 14:11:00,6653.5,6657.0,6653.25,6655.0,1154
2026-03-25 14:12:00,6654.75,6655.25,6653.5,6654.75,795
2026-03-25 14:13:00,6654.75,6654.75,6653.0,6654.25,829
2026-03-25 14:14:00,6654.25,6655.5,6653.5,6655.0,736
2026-03-25 14:15:00,6655.25,6655.75,6654.25,6654.5,813
2026-03-25 14:16:00,6654.5,6657.5,6654.5,6656.5,1262
2026-03-25 14:17:00,6656.5,6660.5,6654.5,6659.0,2707
2026-03-25 14:18:00,6659.0,6659.25,6655.0,6657.0,1853
2026-03-25 14:19:00,6657.0,6657.0,6653.5,6654.25,1335
2026-03-25 14:20:00,6654.0,6657.0,6654.0,6656.75,1108
2026-03-25 14:21:00,6656.75,6657.5,6655.0,6656.5,844
2026-03-25 14:22:00,6656.75,6657.25,6656.5,6656.5,756
2026-03-25 14:23:00,6656.5,6657.0,6654.25,6654.75,811
2026-03-25 14:24:00,6654.75,6655.5,6653.25,6655.25,999
2026-03-25 14:25:00,6655.25,6656.25,6654.0,6655.0,802
2026-03-25 14:26:00,6655.0,6655.0,6651.75,6652.75,1294
2026-03-25 14:27:00,6652.5,6654.0,6652.0,6652.0,1098
2026-03-25 14:28:00,6651.75,6652.5,6649.25,6651.5,2373
2026-03-25 14:29:00,6651.25,6651.75,6649.75,6650.5,1252
2026-03-25 14:30:00,6650.25,6653.25,6650.25,6651.75,2000
2026-03-25 14:31:00,6651.75,6652.0,6649.75,6651.0,1721
2026-03-25 14:32:00,6651.0,6652.75,6651.0,6652.25,1222
2026-03-25 14:33:00,6652.25,6653.75,6651.5,6653.25,948
2026-03-25 14:34:00,6653.0,6653.25,6651.75,6652.25,816
2026-03-25 14:35:00,6652.0,6652.25,6650.75,6652.0,967
2026-03-25 14:36:00,6651.75,6652.0,6650.0,6651.0,1141
2026-03-25 14:37:00,6651.0,6651.5,6649.25,6649.75,1019
2026-03-25 14:38:00,6649.5,6651.0,6649.25,6650.75,779
2026-03-25 14:39:00,6650.75,6652.0,6650.25,6651.0,900
2026-03-25 14:40:00,6651.0,6651.75,6647.5,6648.5,1588
2026-03-25 14:41:00,6648.25,6650.0,6647.5,6648.0,1520
2026-03-25 14:42:00,6648.0,6649.25,6646.5,6646.5,1544
2026-03-25 14:43:00,6646.5,6647.5,6646.0,6647.0,1448
2026-03-25 14:44:00,6647.25,6649.5,6647.0,6648.25,1317
2026-03-25 14:45:00,6648.25,6648.25,6646.25,6646.75,1632
2026-03-25 14:46:00,6646.5,6648.75,6646.5,6648.0,1426
2026-03-25 14:47:00,6648.0,6648.5,6647.25,6647.5,954
2026-03-25 14:48:00,6647.5,6648.25,6646.25,6647.0,2076
2026-03-25 14:49:00,6647.0,6647.25,6645.5,6646.25,1363
2026-03-25 14:50:00,6646.25,6647.25,6644.75,6646.5,2381
2026-03-25 14:51:00,6646.25,6646.75,6645.5,6646.25,1665
2026-03-25 14:52:00,6646.25,6647.25,6645.75,6647.25,1123
2026-03-25 14:53:00,6647.25,6647.75,6646.0,6646.25,1116
2026-03-25 14:54:00,6646.25,6647.0,6645.75,6646.75,802
2026-03-25 14:55:00,6647.0,6647.0,6631.5,6632.25,11124
2026-03-25 14:56:00,6632.0,6638.0,6631.0,6634.0,9530
2026-03-25 14:57:00,6634.25,6639.0,6634.25,6637.75,4891
2026-03-25 14:58:00,6637.75,6641.5,6637.0,6640.0,3720
2026-03-25 14:59:00,6639.75,6641.0,6638.5,6640.0,2691
2026-03-25 15:00:00,6639.75,6640.0,6632.5,6635.0,4897
2026-03-25 15:01:00,6634.75,6637.25,6632.0,6635.0,4629
2026-03-25 15:02:00,6634.75,6635.5,6633.25,6634.0,3500
2026-03-25 15:03:00,6634.0,6635.5,6630.5,6631.5,5805
2026-03-25 15:04:00,6631.25,6636.25,6631.25,6635.25,3129
2026-03-25 15:05:00,6635.5,6638.0,6635.25,6636.5,2268
2026-03-25 15:06:00,6636.5,6637.0,6634.5,6635.0,1787
2026-03-25 15:07:00,6635.25,6637.5,6635.25,6635.75,2048
2026-03-25 15:08:00,6635.75,6637.0,6634.0,6635.5,1709
2026-03-25 15:09:00,6635.5,6636.0,6634.0,6636.0,1867
2026-03-25 15:10:00,6636.0,6636.75,6634.25,6634.5,2378
2026-03-25 15:11:00,6634.5,6636.75,6633.25,6633.75,1948
2026-03-25 15:12:00,6633.75,6635.5,6633.25,6635.0,1740
2026-03-25 15:13:00,6635.0,6639.5,6634.0,6638.5,2358
2026-03-25 15:14:00,6638.5,6639.75,6636.25,6639.25,2048
2026-03-25 15:15:00,6639.25,6642.25,6638.75,6642.25,2757
2026-03-25 15:16:00,6642.0,6643.75,6640.75,6641.25,2471
2026-03-25 15:17:00,6641.25,6642.0,6640.5,6641.25,1653
2026-03-25 15:18:00,6641.25,6642.5,6639.0,6640.5,2226
2026-03-25 15:19:00,6640.75,6644.75,6640.0,6643.5,3394
2026-03-25 15:20:00,6643.75,6648.5,6642.75,6647.5,3168
2026-03-25 15:21:00,6647.5,6647.5,6645.0,6646.0,2555
2026-03-25 15:22:00,6645.75,6646.25,6644.5,6645.5,1423
2026-03-25 15:23:00,6645.5,6645.75,6644.0,6644.5,1305
2026-03-25 15:24:00,6644.75,6645.5,6644.0,6645.0,1121
2026-03-25 15:25:00,6645.0,6646.0,6642.25,6642.5,1787
2026-03-25 15:26:00,6642.75,6643.0,6640.25,6641.0,2207
2026-03-25 15:27:00,6640.75,6643.0,6639.75,6641.0,2031
2026-03-25 15:28:00,6641.0,6642.75,6640.5,6642.0,925
2026-03-25 15:29:00,6642.25,6643.0,6640.0,6640.25,1940
2026-03-25 15:30:00,6640.25,6641.0,6638.0,6639.0,2780
2026-03-25 15:31:00,6639.0,6640.0,6638.0,6639.25,1388
2026-03-25 15:32:00,6639.25,6640.0,6636.5,6638.25,1696
2026-03-25 15:33:00,6638.25,6638.5,6637.0,6638.0,1393
2026-03-25 15:34:00,6638.0,6638.75,6636.75,6638.0,1404
2026-03-25 15:35:00,6638.0,6639.5,6635.5,6635.5,1961
2026-03-25 15:36:00,6635.5,6636.5,6633.5,6633.75,2006
2026-03-25 15:37:00,6633.75,6634.5,6633.0,6633.5,2081
2026-03-25 15:38:00,6633.5,6635.25,6632.5,6634.5,2096
2026-03-25 15:39:00,6634.5,6637.25,6634.5,6635.75,1869
2026-03-25 15:40:00,6636.0,6638.5,6635.0,6638.0,2403
2026-03-25 15:41:00,6638.0,6640.0,6637.25,6639.0,3127
2026-03-25 15:42:00,6638.75,6640.0,6638.5,6639.75,1891
2026-03-25 15:43:00,6639.75,6641.75,6639.75,6640.0,1892
2026-03-25 15:44:00,6640.25,6640.5,6636.25,6637.0,2463
2026-03-25 15:45:00,6637.0,6637.5,6636.0,6637.0,1828
2026-03-25 15:46:00,6637.0,6638.0,6634.75,6636.25,1666
2026-03-25 15:47:00,6636.25,6637.0,6635.0,6636.5,1422
2026-03-25 15:48:00,6636.5,6637.5,6635.5,6636.0,1610
2026-03-25 15:49:00,6635.75,6638.25,6635.75,6636.25,2003
2026-03-25 15:50:00,6636.25,6643.5,6636.25,6643.0,6077
2026-03-25 15:51:00,6643.0,6643.25,6637.5,6637.75,3232
2026-03-25 15:52:00,6637.5,6640.25,6637.25,6639.0,3059
2026-03-25 15:53:00,6639.25,6641.25,6638.75,6641.25,2329
2026-03-25 15:54:00,6641.25,6642.25,6638.5,6640.75,4197
2026-03-25 15:55:00,6640.75,6645.5,6639.5,6640.0,5815
2026-03-25 15:56:00,6640.0,6640.5,6636.75,6639.25,3149
2026-03-25 15:57:00,6639.0,6640.0,6637.75,6639.0,3478
2026-03-25 15:58:00,6639.0,6639.25,6637.0,6638.5,5238
2026-03-25 15:59:00,6638.5,6643.0,6637.5,6642.0,39161
2026-03-25 16:00:00,6641.75,6645.5,6640.25,6645.5,14001
2026-03-25 16:01:00,6645.5,6646.5,6644.75,6645.75,2493
2026-03-25 16:02:00,6645.5,6647.25,6645.25,6645.5,1687
2026-03-25 16:03:00,6645.5,6645.75,6644.25,6644.75,1096
2026-03-25 16:04:00,6644.5,6646.75,6644.5,6645.0,1420
2026-03-25 16:05:00,6645.0,6645.5,6644.25,6644.5,672
2026-03-25 16:06:00,6644.5,6644.75,6642.0,6643.25,1286
2026-03-25 16:07:00,6643.25,6643.25,6641.25,6642.5,930
2026-03-25 16:08:00,6642.75,6643.0,6642.0,6642.0,646
2026-03-25 16:09:00,6642.25,6642.25,6640.75,6641.5,639
2026-03-25 16:10:00,6641.75,6642.25,6640.75,6641.0,591
2026-03-25 16:11:00,6641.25,6641.25,6640.5,6641.0,331
2026-03-25 16:12:00,6641.25,6642.0,6641.0,6641.75,309
2026-03-25 16:13:00,6641.75,6642.25,6641.25,6641.75,477
2026-03-25 16:14:00,6641.75,6642.25,6641.0,6641.25,658
2026-03-25 16:15:00,6641.25,6641.75,6640.75,6641.25,510
2026-03-25 16:16:00,6641.25,6643.0,6641.0,6642.75,276
2026-03-25 16:17:00,6642.75,6643.5,6642.5,6643.5,333
2026-03-25 16:18:00,6643.5,6644.0,6642.5,6642.75,339
2026-03-25 16:19:00,6642.75,6643.5,6642.75,6643.25,183
2026-03-25 16:20:00,6643.25,6643.25,6641.75,6642.25,253
2026-03-25 16:21:00,6642.25,6642.75,6642.0,6642.5,305
2026-03-25 16:22:00,6642.75,6643.0,6642.25,6642.25,206
2026-03-25 16:23:00,6642.25,6643.0,6642.0,6642.5,186
2026-03-25 16:24:00,6642.5,6642.5,6640.0,6640.75,479
2026-03-25 16:25:00,6640.5,6640.75,6639.0,6639.75,427
2026-03-25 16:26:00,6639.75,6639.75,6638.0,6638.25,277
2026-03-25 16:27:00,6638.25,6638.5,6636.0,6636.25,427
2026-03-25 16:28:00,6636.25,6637.25,6636.0,6636.75,239
2026-03-25 16:29:00,6636.5,6636.75,6636.0,6636.25,279
2026-03-25 16:30:00,6636.25,6637.0,6635.5,6635.5,285
2026-03-25 16:31:00,6635.75,6637.0,6635.5,6636.5,247
2026-03-25 16:32:00,6636.75,6637.5,6636.5,6637.0,203
2026-03-25 16:33:00,6637.25,6637.75,6637.0,6637.25,93
2026-03-25 16:34:00,6637.5,6637.75,6637.25,6637.5,78
2026-03-25 16:35:00,6637.25,6639.0,6637.25,6638.5,412
2026-03-25 16:36:00,6638.75,6639.25,6638.25,6639.0,218
2026-03-25 16:37:00,6639.0,6639.25,6638.5,6639.0,167
2026-03-25 16:38:00,6638.75,6639.25,6638.75,6639.0,97
2026-03-25 16:39:00,6639.25,6639.25,6638.75,6638.75,123
2026-03-25 16:40:00,6638.5,6639.0,6638.5,6638.5,132
2026-03-25 16:41:00,6638.5,6639.0,6638.5,6638.75,200
2026-03-25 16:42:00,6639.0,6639.0,6637.5,6637.75,328
2026-03-25 16:43:00,6637.75,6639.0,6637.75,6638.5,128
2026-03-25 16:44:00,6638.5,6638.75,6638.0,6638.25,289
2026-03-25 16:45:00,6638.25,6639.0,6638.0,6638.75,172
2026-03-25 16:46:00,6638.5,6639.0,6638.25,6639.0,242
2026-03-25 16:47:00,6638.75,6639.25,6638.5,6638.5,281
2026-03-25 16:48:00,6638.5,6639.0,6638.25,6638.5,161
2026-03-25 16:49:00,6638.5,6638.5,6637.75,6638.5,214
2026-03-25 16:50:00,6638.75,6639.0,6638.5,6638.75,186
2026-03-25 16:51:00,6638.75,6638.75,6638.25,6638.5,142
2026-03-25 16:52:00,6638.25,6638.75,6638.25,6638.75,89
2026-03-25 16:53:00,6638.75,6639.0,6638.25,6639.0,154
2026-03-25 16:54:00,6639.0,6639.75,6639.0,6639.25,530
2026-03-25 16:55:00,6639.25,6639.75,6638.75,6638.75,223
2026-03-25 16:56:00,6639.0,6639.75,6638.75,6639.25,240
2026-03-25 16:57:00,6639.5,6639.5,6638.75,6639.5,253
2026-03-25 16:58:00,6639.5,6640.75,6639.5,6640.5,277
2026-03-25 16:59:00,6640.5,6641.75,6640.25,6641.0,654
2026-03-25 18:00:00,6641.5,6641.5,6636.5,6637.75,274
2026-03-25 18:01:00,6637.75,6638.5,6636.0,6636.5,139
2026-03-25 18:02:00,6636.25,6636.5,6634.75,6634.75,189
2026-03-25 18:03:00,6635.25,6636.75,6634.0,6635.25,234
2026-03-25 18:04:00,6635.25,6636.75,6635.0,6636.5,87
2026-03-25 18:05:00,6636.25,6637.0,6634.75,6635.5,141
2026-03-25 18:06:00,6636.0,6637.5,6635.5,6635.75,555
2026-03-25 18:07:00,6635.75,6635.75,6634.0,6634.25,85
2026-03-25 18:08:00,6634.0,6635.0,6633.25,6633.75,64
2026-03-25 18:09:00,6634.0,6634.5,6632.5,6632.5,88
2026-03-25 18:10:00,6632.75,6635.25,6632.25,6634.5,180
2026-03-25 18:11:00,6634.25,6634.75,6633.25,6633.5,71
2026-03-25 18:12:00,6633.25,6634.0,6632.75,6633.25,132
2026-03-25 18:13:00,6633.0,6633.75,6633.0,6633.25,70
2026-03-25 18:14:00,6633.25,6634.0,6632.0,6633.25,118
2026-03-25 18:15:00,6633.5,6633.5,6632.5,6632.5,79
2026-03-25 18:16:00,6632.5,6632.5,6630.75,6631.75,146
2026-03-25 18:17:00,6632.0,6632.25,6630.75,6631.25,176
2026-03-25 18:18:00,6631.0,6631.0,6629.5,6630.0,298
2026-03-25 18:19:00,6630.5,6631.5,6630.25,6631.25,61
2026-03-25 18:20:00,6631.0,6631.25,6630.5,6630.75,81
2026-03-25 18:21:00,6631.0,6631.25,6630.25,6630.5,107
2026-03-25 18:22:00,6631.0,6631.25,6630.5,6630.5,29
2026-03-25 18:23:00,6630.25,6631.0,6630.25,6630.25,67
2026-03-25 18:24:00,6630.5,6630.75,6628.5,6629.25,236
2026-03-25 18:25:00,6629.5,6630.75,6629.5,6630.0,92
2026-03-25 18:26:00,6629.75,6630.5,6628.25,6629.75,173
2026-03-25 18:27:00,6629.5,6630.25,6629.25,6630.0,40
2026-03-25 18:28:00,6630.0,6630.0,6629.0,6629.25,81
2026-03-25 18:29:00,6629.5,6630.25,6629.0,6630.0,112
2026-03-25 18:30:00,6630.25,6630.5,6629.75,6630.25,71
2026-03-25 18:31:00,6630.25,6630.5,6630.0,6630.5,62
2026-03-25 18:32:00,6630.75,6632.5,6630.75,6631.75,223
2026-03-25 18:33:00,6631.75,6632.25,6631.5,6632.0,133
2026-03-25 18:34:00,6632.0,6632.5,6631.5,6632.0,45
2026-03-25 18:35:00,6632.0,6632.5,6632.0,6632.25,29
2026-03-25 18:36:00,6632.25,6632.75,6632.25,6632.75,31
2026-03-25 18:37:00,6632.25,6633.0,6632.25,6632.5,74
2026-03-25 18:38:00,6632.5,6632.75,6632.25,6632.25,56
2026-03-25 18:39:00,6632.5,6633.0,6632.5,6632.5,44
2026-03-25 18:40:00,6632.25,6632.75,6632.0,6632.5,30
2026-03-25 18:41:00,6632.25,6632.5,6632.0,6632.5,35
2026-03-25 18:42:00,6632.5,6632.5,6631.5,6631.75,84
2026-03-25 18:43:00,6632.0,6632.75,6631.75,6632.75,27
2026-03-25 18:44:00,6632.75,6633.75,6632.75,6633.75,175
2026-03-25 18:45:00,6634.0,6634.0,6633.0,6633.25,43
2026-03-25 18:46:00,6633.5,6634.0,6632.5,6634.0,37
2026-03-25 18:47:00,6634.0,6634.75,6634.0,6634.5,139
2026-03-25 18:48:00,6634.5,6635.25,6634.5,6635.0,49
2026-03-25 18:49:00,6635.0,6635.0,6634.25,6634.5,41
2026-03-25 18:50:00,6634.25,6634.5,6633.5,6633.75,72
2026-03-25 18:51:00,6633.75,6633.75,6632.5,6633.5,104
2026-03-25 18:52:00,6633.5,6634.0,6630.75,6631.0,244
2026-03-25 18:53:00,6631.0,6632.25,6629.75,6630.0,276
2026-03-25 18:54:00,6630.0,6631.0,6629.5,6629.75,95
2026-03-25 18:55:00,6630.25,6630.75,6629.75,6630.75,47
2026-03-25 18:56:00,6630.5,6631.0,6630.0,6630.75,87
2026-03-25 18:57:00,6630.75,6631.0,6630.25,6630.75,139
2026-03-25 18:58:00,6630.75,6631.5,6629.75,6630.5,111
2026-03-25 18:59:00,6630.25,6630.5,6628.75,6629.5,160
2026-03-25 19:00:00,6629.75,6632.75,6629.75,6632.0,155
2026-03-25 19:01:00,6632.0,6632.0,6631.0,6631.25,92
2026-03-25 19:02:00,6631.5,6632.0,6631.5,6631.75,31
2026-03-25 19:03:00,6631.5,6633.25,6631.5,6633.25,66
2026-03-25 19:04:00,6633.0,6633.25,6632.0,6632.25,137
2026-03-25 19:05:00,6632.5,6632.5,6630.5,6631.0,94
2026-03-25 19:06:00,6631.25,6631.25,6630.25,6631.0,56
2026-03-25 19:07:00,6631.0,6631.75,6630.75,6631.25,49
2026-03-25 19:08:00,6631.5,6631.5,6631.0,6631.25,32
2026-03-25 19:09:00,6631.0,6631.0,6629.75,6630.0,68
2026-03-25 19:10:00,6629.75,6631.0,6629.75,6630.75,26
2026-03-25 19:11:00,6630.5,6630.5,6629.5,6630.25,70
2026-03-25 19:12:00,6629.75,6630.25,6628.75,6628.75,119
2026-03-25 19:13:00,6628.75,6629.75,6628.75,6629.25,48
2026-03-25 19:14:00,6629.25,6629.25,6627.5,6628.25,181
2026-03-25 19:15:00,6628.25,6628.75,6627.75,6628.25,43
2026-03-25 19:16:00,6628.25,6628.25,6626.0,6626.25,246
2026-03-25 19:17:00,6626.0,6626.5,6623.5,6624.25,560
2026-03-25 19:18:00,6624.0,6625.25,6623.0,6625.0,181
2026-03-25 19:19:00,6625.0,6626.0,6624.75,6625.25,82
2026-03-25 19:20:00,6625.25,6626.0,6625.25,6625.75,70
2026-03-25 19:21:00,6625.75,6626.5,6625.5,6625.75,88
2026-03-25 19:22:00,6626.0,6626.0,6624.5,6625.5,133
2026-03-25 19:23:00,6625.5,6626.25,6625.5,6626.0,108
2026-03-25 19:24:00,6626.0,6626.0,6625.25,6625.75,72
2026-03-25 19:25:00,6625.75,6626.25,6625.5,6626.0,67
2026-03-25 19:26:00,6626.25,6626.75,6626.0,6626.75,115
2026-03-25 19:27:00,6626.75,6627.0,6626.25,6626.75,103
2026-03-25 19:28:00,6626.75,6628.0,6626.75,6627.0,101
2026-03-25 19:29:00,6627.25,6627.25,6626.0,6627.0,122
2026-03-25 19:30:00,6626.75,6626.75,6625.5,6626.25,129
2026-03-25 19:31:00,6626.25,6627.75,6625.75,6627.75,100
2026-03-25 19:32:00,6627.75,6628.0,6624.75,6625.75,243
2026-03-25 19:33:00,6625.5,6627.5,6624.25,6625.0,363
2026-03-25 19:34:00,6625.0,6625.75,6624.5,6625.75,97
2026-03-25 19:35:00,6625.75,6626.5,6625.75,6626.0,162
2026-03-25 19:36:00,6626.25,6626.5,6625.75,6626.0,83
2026-03-25 19:37:00,6626.0,6626.25,6625.0,6625.0,116
2026-03-25 19:38:00,6625.0,6625.25,6624.5,6625.25,63
2026-03-25 19:39:00,6625.25,6626.5,6625.25,6626.5,44
2026-03-25 19:40:00,6626.25,6627.0,6626.0,6626.75,39
2026-03-25 19:41:00,6626.5,6627.25,6626.5,6627.0,69
2026-03-25 19:42:00,6626.75,6626.75,6625.5,6625.5,29
2026-03-25 19:43:00,6625.5,6626.25,6625.0,6625.25,63
2026-03-25 19:44:00,6625.25,6625.25,6623.0,6623.25,181
2026-03-25 19:45:00,6623.0,6623.0,6621.5,6622.25,331
2026-03-25 19:46:00,6622.0,6625.0,6622.0,6625.0,185
2026-03-25 19:47:00,6625.25,6627.0,6625.25,6627.0,229
2026-03-25 19:48:00,6627.0,6628.5,6626.0,6628.5,283
2026-03-25 19:49:00,6628.25,6628.25,6626.75,6627.0,147
2026-03-25 19:50:00,6627.0,6627.25,6626.75,6627.0,58
2026-03-25 19:51:00,6627.0,6627.25,6626.25,6626.75,108
2026-03-25 19:52:00,6626.75,6628.75,6626.5,6628.75,151
2026-03-25 19:53:00,6628.75,6629.25,6628.0,6628.75,102
2026-03-25 19:54:00,6628.75,6629.75,6628.75,6629.0,101
2026-03-25 19:55:00,6629.0,6629.0,6627.5,6627.75,213
2026-03-25 19:56:00,6628.5,6631.5,6628.5,6631.0,196
2026-03-25 19:57:00,6631.25,6631.25,6630.25,6630.75,73
2026-03-25 19:58:00,6630.75,6630.75,6629.0,6630.0,89
2026-03-25 19:59:00,6630.25,6630.75,6629.75,6629.75,140
2026-03-25 20:00:00,6630.0,6632.0,6630.0,6631.25,184
2026-03-25 20:01:00,6631.25,6631.25,6630.25,6630.75,121
2026-03-25 20:02:00,6631.0,6631.25,6628.5,6630.75,171
2026-03-25 20:03:00,6630.75,6630.75,6629.5,6630.25,61
2026-03-25 20:04:00,6630.25,6630.75,6629.5,6629.75,121
2026-03-25 20:05:00,6629.75,6632.25,6629.0,6631.5,248
2026-03-25 20:06:00,6631.5,6631.5,6630.75,6631.25,113
2026-03-25 20:07:00,6631.25,6632.75,6630.75,6631.25,216
2026-03-25 20:08:00,6631.25,6631.5,6630.25,6631.25,153
2026-03-25 20:09:00,6631.25,6631.5,6630.25,6630.25,94
2026-03-25 20:10:00,6630.5,6631.0,6629.75,6629.75,157
2026-03-25 20:11:00,6630.0,6631.0,6629.75,6631.0,138
2026-03-25 20:12:00,6631.0,6633.5,6630.75,6633.0,191
2026-03-25 20:13:00,6633.0,6633.0,6632.25,6632.5,84
2026-03-25 20:14:00,6632.25,6633.5,6631.75,6633.25,88
2026-03-25 20:15:00,6633.25,6636.25,6632.75,6636.25,434
2026-03-25 20:16:00,6636.25,6640.75,6635.25,6640.75,784
2026-03-25 20:17:00,6640.75,6640.75,6638.0,6638.75,391
2026-03-25 20:18:00,6639.0,6640.25,6638.75,6640.0,238
2026-03-25 20:19:00,6639.75,6639.75,6638.5,6638.75,129
2026-03-25 20:20:00,6638.75,6639.75,6638.5,6639.75,202
2026-03-25 20:21:00,6640.0,6640.25,6639.0,6639.5,138
2026-03-25 20:22:00,6639.75,6643.0,6639.75,6642.75,524
2026-03-25 20:23:00,6642.75,6646.75,6642.25,6645.25,679
2026-03-25 20:24:00,6645.25,6647.0,6645.0,6645.25,643
2026-03-25 20:25:00,6645.5,6645.5,6643.75,6644.25,286
2026-03-25 20:26:00,6644.25,6645.0,6643.0,6643.0,217
2026-03-25 20:27:00,6643.25,6643.75,6641.75,6643.5,173
2026-03-25 20:28:00,6643.75,6643.75,6643.0,6643.0,116
2026-03-25 20:29:00,6643.25,6643.5,6642.0,6642.5,144
2026-03-25 20:30:00,6642.25,6643.25,6641.25,6643.0,183
2026-03-25 20:31:00,6643.0,6645.5,6643.0,6645.0,199
2026-03-25 20:32:00,6644.75,6644.75,6643.25,6644.5,129
2026-03-25 20:33:00,6644.5,6644.5,6644.0,6644.25,51
2026-03-25 20:34:00,6644.0,6644.25,6643.75,6643.75,125
2026-03-25 20:35:00,6643.75,6644.25,6643.75,6643.75,40
2026-03-25 20:36:00,6643.75,6644.5,6643.5,6644.25,47
2026-03-25 20:37:00,6644.0,6644.0,6643.25,6643.75,33
2026-03-25 20:38:00,6643.5,6644.0,6643.25,6643.25,53
2026-03-25 20:39:00,6643.25,6643.5,6641.25,6641.5,177
2026-03-25 20:40:00,6641.25,6641.75,6640.75,6641.5,126
2026-03-25 20:41:00,6641.75,6641.75,6640.5,6640.75,64
2026-03-25 20:42:00,6640.75,6641.0,6640.25,6641.0,77
2026-03-25 20:43:00,6641.0,6641.0,6640.5,6640.75,63
2026-03-25 20:44:00,6640.75,6641.0,6640.0,6640.0,147
2026-03-25 20:45:00,6640.0,6640.25,6639.25,6639.5,125
2026-03-25 20:46:00,6639.0,6640.0,6639.0,6640.0,92
2026-03-25 20:47:00,6640.25,6640.5,6639.25,6640.0,133
2026-03-25 20:48:00,6640.0,6640.75,6639.25,6640.75,68
2026-03-25 20:49:00,6640.75,6641.5,6639.25,6639.5,206
2026-03-25 20:50:00,6639.75,6640.0,6638.75,6639.0,129
2026-03-25 20:51:00,6638.75,6639.0,6636.5,6637.0,466
2026-03-25 20:52:00,6636.75,6637.75,6635.5,6636.25,338
2026-03-25 20:53:00,6636.0,6636.75,6634.25,6635.0,408
2026-03-25 20:54:00,6634.75,6635.0,6632.0,6632.75,619
2026-03-25 20:55:00,6632.75,6633.5,6630.75,6631.75,335
2026-03-25 20:56:00,6631.5,6633.5,6631.0,6631.25,487
2026-03-25 20:57:00,6631.0,6635.0,6631.0,6634.25,332
2026-03-25 20:58:00,6634.0,6634.25,6633.0,6633.5,109
2026-03-25 20:59:00,6633.5,6634.0,6633.5,6633.75,54
2026-03-25 21:00:00,6633.75,6636.75,6633.5,6636.5,813
2026-03-25 21:01:00,6636.25,6639.75,6635.5,6638.5,583
2026-03-25 21:02:00,6638.5,6638.75,6636.75,6637.75,219
2026-03-25 21:03:00,6637.75,6638.25,6637.0,6637.25,87
2026-03-25 21:04:00,6637.0,6637.0,6635.25,6636.25,152
2026-03-25 21:05:00,6636.25,6637.25,6635.0,6635.0,114
2026-03-25 21:06:00,6635.0,6635.5,6634.0,6635.0,133
2026-03-25 21:07:00,6635.25,6635.25,6631.75,6635.25,446
2026-03-25 21:08:00,6635.5,6635.5,6633.75,6634.25,89
2026-03-25 21:09:00,6634.0,6634.75,6633.75,6634.25,81
2026-03-25 21:10:00,6634.5,6636.25,6634.5,6635.25,159
2026-03-25 21:11:00,6635.5,6635.75,6635.0,6635.5,61
2026-03-25 21:12:00,6635.25,6636.25,6634.5,6635.25,96
2026-03-25 21:13:00,6635.0,6636.75,6635.0,6636.0,77
2026-03-25 21:14:00,6635.5,6636.0,6634.5,6635.75,60
2026-03-25 21:15:00,6636.0,6636.25,6633.0,6633.25,123
2026-03-25 21:16:00,6633.25,6634.5,6631.5,6631.75,129
2026-03-25 21:17:00,6632.0,6632.5,6631.0,6632.0,168
2026-03-25 21:18:00,6632.0,6633.25,6631.5,6632.0,92
2026-03-25 21:19:00,6632.0,6632.0,6630.75,6631.5,96
2026-03-25 21:20:00,6631.75,6633.0,6631.5,6632.75,144
2026-03-25 21:21:00,6632.5,6634.5,6632.5,6634.25,113
2026-03-25 21:22:00,6634.25,6634.25,6633.0,6633.25,112
2026-03-25 21:23:00,6633.0,6634.5,6633.0,6634.25,72
2026-03-25 21:24:00,6634.0,6634.25,6632.5,6633.0,79
2026-03-25 21:25:00,6632.75,6633.25,6632.25,6633.0,75
2026-03-25 21:26:00,6633.25,6634.0,6632.75,6632.75,44
2026-03-25 21:27:00,6632.5,6633.25,6631.75,6632.0,71
2026-03-25 21:28:00,6632.25,6632.5,6629.5,6630.5,385
2026-03-25 21:29:00,6630.75,6633.0,6630.75,6632.75,108
2026-03-25 21:30:00,6632.75,6633.5,6631.75,6633.0,72
2026-03-25 21:31:00,6633.25,6634.75,6632.5,6634.0,144
2026-03-25 21:32:00,6633.75,6635.0,6633.25,6635.0,95
2026-03-25 21:33:00,6635.0,6635.0,6633.75,6634.5,102
2026-03-25 21:34:00,6634.0,6635.0,6633.5,6634.0,107
2026-03-25 21:35:00,6634.5,6635.0,6633.25,6633.5,51
2026-03-25 21:36:00,6633.5,6633.75,6632.0,6633.0,93
2026-03-25 21:37:00,6633.0,6633.25,6631.5,6631.75,57
2026-03-25 21:38:00,6631.75,6634.25,6631.75,6633.5,112
2026-03-25 21:39:00,6633.5,6634.75,6633.5,6634.75,53
2026-03-25 21:40:00,6634.25,6635.0,6634.0,6634.5,70
2026-03-25 21:41:00,6634.5,6636.75,6634.25,6636.75,187
2026-03-25 21:42:00,6636.5,6636.75,6635.5,6636.0,163
2026-03-25 21:43:00,6635.5,6635.5,6634.0,6634.75,110
2026-03-25 21:44:00,6634.5,6634.5,6633.0,6633.0,74
2026-03-25 21:45:00,6633.25,6634.25,6633.0,6634.0,62
2026-03-25 21:46:00,6634.25,6636.25,6634.0,6635.5,108
2026-03-25 21:47:00,6635.5,6635.75,6634.75,6635.0,92
2026-03-25 21:48:00,6635.0,6635.75,6634.25,6635.5,69
2026-03-25 21:49:00,6635.75,6636.25,6634.5,6635.0,69
2026-03-25 21:50:00,6634.5,6634.75,6634.0,6634.25,47
2026-03-25 21:51:00,6634.25,6635.0,6634.0,6634.0,42
2026-03-25 21:52:00,6634.0,6635.75,6634.0,6635.75,56
2026-03-25 21:53:00,6635.5,6635.75,6634.75,6634.75,60
2026-03-25 21:54:00,6634.5,6634.5,6633.0,6634.0,82
2026-03-25 21:55:00,6634.5,6634.5,6633.75,6634.5,49
2026-03-25 21:56:00,6634.0,6636.0,6634.0,6636.0,91
2026-03-25 21:57:00,6636.0,6636.25,6635.75,6636.0,79
2026-03-25 21:58:00,6635.5,6635.75,6634.5,6634.5,76
2026-03-25 21:59:00,6634.5,6636.25,6634.5,6636.25,35
2026-03-25 22:00:00,6635.25,6637.25,6635.25,6637.0,192
2026-03-25 22:01:00,6636.75,6638.0,6636.75,6637.75,219
2026-03-25 22:02:00,6637.5,6639.25,6637.25,6638.5,192
2026-03-25 22:03:00,6638.5,6638.5,6637.25,6637.5,75
2026-03-25 22:04:00,6637.5,6639.0,6637.5,6639.0,104
2026-03-25 22:05:00,6638.75,6639.0,6638.0,6638.75,54
2026-03-25 22:06:00,6638.75,6638.75,6637.5,6637.5,74
2026-03-25 22:07:00,6637.25,6638.0,6635.5,6636.0,120
2026-03-25 22:08:00,6635.75,6636.25,6634.25,6634.25,148
2026-03-25 22:09:00,6634.25,6635.25,6634.0,6635.0,240
2026-03-25 22:10:00,6634.75,6635.75,6634.5,6635.25,123
2026-03-25 22:11:00,6635.25,6636.25,6635.25,6635.5,91
2026-03-25 22:12:00,6635.25,6636.25,6635.25,6636.25,31
2026-03-25 22:13:00,6636.0,6636.5,6635.0,6635.0,64
2026-03-25 22:14:00,6634.75,6636.25,6633.25,6635.5,232
2026-03-25 22:15:00,6635.25,6635.5,6633.75,6634.0,69
2026-03-25 22:16:00,6634.0,6635.0,6633.5,6634.0,89
2026-03-25 22:17:00,6634.25,6635.5,6634.25,6634.25,82
2026-03-25 22:18:00,6634.25,6634.75,6633.75,6634.25,153
2026-03-25 22:19:00,6634.25,6634.5,6633.5,6634.0,115
2026-03-25 22:20:00,6634.0,6636.5,6633.75,6636.5,144
2026-03-25 22:21:00,6636.5,6637.0,6635.0,6635.25,126
2026-03-25 22:22:00,6635.0,6635.0,6631.75,6632.0,235
2026-03-25 22:23:00,6631.75,6633.0,6631.5,6632.5,150
2026-03-25 22:24:00,6632.5,6633.5,6632.0,6632.5,101
2026-03-25 22:25:00,6632.25,6633.0,6631.5,6632.0,117
2026-03-25 22:26:00,6631.75,6632.75,6631.0,6632.5,194
2026-03-25 22:27:00,6632.25,6632.25,6630.75,6631.0,116
2026-03-25 22:28:00,6631.0,6631.5,6627.25,6628.5,444
2026-03-25 22:29:00,6628.5,6629.75,6628.25,6628.75,178
2026-03-25 22:30:00,6628.75,6630.25,6628.0,6628.25,357
2026-03-25 22:31:00,6628.25,6628.5,6624.75,6625.0,787
2026-03-25 22:32:00,6624.75,6625.0,6622.0,6622.25,384
2026-03-25 22:33:00,6622.25,6622.25,6619.5,6620.0,742
2026-03-25 22:34:00,6619.75,6620.5,6618.0,6618.5,361
2026-03-25 22:35:00,6618.25,6619.5,6616.75,6617.5,455
2026-03-25 22:36:00,6617.25,6620.25,6617.25,6618.0,290
2026-03-25 22:37:00,6617.75,6617.75,6608.5,6615.5,1683
2026-03-25 22:38:00,6615.25,6617.25,6615.0,6615.5,349
2026-03-25 22:39:00,6615.5,6616.0,6613.75,6614.75,401
2026-03-25 22:40:00,6614.75,6617.0,6614.5,6615.75,279
2026-03-25 22:41:00,6616.0,6617.5,6615.75,6616.75,239
2026-03-25 22:42:00,6617.0,6619.25,6616.25,6619.0,221
2026-03-25 22:43:00,6619.0,6619.5,6618.25,6618.25,177
2026-03-25 22:44:00,6618.5,6620.25,6617.75,6619.75,330
2026-03-25 22:45:00,6619.75,6622.0,6619.5,6621.5,255
2026-03-25 22:46:00,6621.5,6623.5,6620.5,6622.75,223
2026-03-25 22:47:00,6622.75,6622.75,6620.25,6621.0,179
2026-03-25 22:48:00,6620.75,6622.5,6620.75,6622.0,81
2026-03-25 22:49:00,6622.0,6622.0,6620.5,6621.5,176
2026-03-25 22:50:00,6622.0,6622.75,6621.75,6622.75,90
2026-03-25 22:51:00,6622.75,6623.25,6621.75,6622.5,111
2026-03-25 22:52:00,6622.25,6622.5,6620.0,6621.5,155
2026-03-25 22:53:00,6621.5,6621.75,6620.75,6621.25,114
2026-03-25 22:54:00,6621.5,6621.5,6620.5,6621.25,39
2026-03-25 22:55:00,6621.5,6622.0,6620.5,6621.0,113
2026-03-25 22:56:00,6620.75,6621.25,6620.0,6620.5,85
2026-03-25 22:57:00,6620.5,6620.5,6619.25,6619.5,142
2026-03-25 22:58:00,6619.75,6619.75,6618.75,6619.5,88
2026-03-25 22:59:00,6619.5,6621.0,6619.5,6620.0,243
2026-03-25 23:00:00,6619.75,6620.5,6619.5,6620.0,115
2026-03-25 23:01:00,6620.25,6622.25,6620.0,6621.5,161
2026-03-25 23:02:00,6621.75,6622.75,6621.75,6622.5,82
2026-03-25 23:03:00,6622.0,6622.0,6620.5,6621.75,86
2026-03-25 23:04:00,6622.0,6622.0,6620.0,6620.75,61
2026-03-25 23:05:00,6620.75,6621.5,6620.5,6621.0,53
2026-03-25 23:06:00,6621.25,6622.25,6621.0,6621.5,55
2026-03-25 23:07:00,6621.25,6621.25,6620.5,6620.75,247
2026-03-25 23:08:00,6620.75,6621.25,6619.25,6620.75,157
2026-03-25 23:09:00,6620.75,6621.25,6619.25,6619.25,131
2026-03-25 23:10:00,6619.5,6620.25,6619.25,6619.75,80
2026-03-25 23:11:00,6619.75,6620.75,6619.25,6620.75,94
2026-03-25 23:12:00,6620.5,6621.0,6620.25,6621.0,112
2026-03-25 23:13:00,6621.0,6623.75,6620.5,6623.5,255
2026-03-25 23:14:00,6623.5,6625.75,6623.25,6625.5,256
2026-03-25 23:15:00,6625.5,6625.5,6624.5,6625.25,153
2026-03-25 23:16:00,6625.25,6625.25,6624.25,6624.75,115
2026-03-25 23:17:00,6625.0,6625.25,6623.5,6624.75,121
2026-03-25 23:18:00,6624.5,6626.0,6623.75,6625.5,80
2026-03-25 23:19:00,6625.75,6626.25,6624.75,6625.25,135
2026-03-25 23:20:00,6625.25,6626.0,6625.0,6625.75,52
2026-03-25 23:21:00,6626.0,6627.0,6625.0,6626.75,86
2026-03-25 23:22:00,6627.0,6629.25,6627.0,6628.0,414
2026-03-25 23:23:00,6628.5,6629.0,6627.5,6628.5,117
2026-03-25 23:24:00,6628.75,6630.25,6628.75,6629.75,216
2026-03-25 23:25:00,6629.75,6630.75,6628.75,6630.5,248
2026-03-25 23:26:00,6630.75,6630.75,6630.0,6630.25,117
2026-03-25 23:27:00,6630.25,6630.25,6629.0,6629.25,129
2026-03-25 23:28:00,6629.5,6629.5,6628.75,6629.25,52
2026-03-25 23:29:00,6629.25,6629.5,6628.75,6629.25,74
2026-03-25 23:30:00,6629.0,6632.75,6629.0,6632.75,270
2026-03-25 23:31:00,6632.75,6634.75,6632.5,6634.75,283
2026-03-25 23:32:00,6635.0,6638.25,6634.25,6638.0,558
2026-03-25 23:33:00,6638.25,6638.5,6636.0,6638.25,502
2026-03-25 23:34:00,6638.25,6641.75,6637.75,6641.75,535
2026-03-25 23:35:00,6641.75,6643.75,6640.5,6643.5,515
2026-03-25 23:36:00,6643.75,6644.0,6642.5,6642.5,234
2026-03-25 23:37:00,6642.25,6644.5,6642.25,6644.25,288
2026-03-25 23:38:00,6644.25,6644.75,6643.5,6644.75,222
2026-03-25 23:39:00,6644.5,6644.75,6643.75,6644.25,199
2026-03-25 23:40:00,6644.0,6647.0,6643.75,6646.25,505
2026-03-25 23:41:00,6646.25,6646.5,6645.5,6645.75,191
2026-03-25 23:42:00,6645.5,6646.5,6645.25,6645.25,193
2026-03-25 23:43:00,6645.0,6645.25,6644.0,6644.5,188
2026-03-25 23:44:00,6644.25,6644.75,6643.75,6644.0,138
2026-03-25 23:45:00,6644.0,6644.75,6643.25,6643.25,154
2026-03-25 23:46:00,6643.5,6643.75,6642.25,6642.75,182
2026-03-25 23:47:00,6642.75,6642.75,6642.0,6642.25,93
2026-03-25 23:48:00,6642.25,6642.5,6640.5,6640.75,144
2026-03-25 23:49:00,6641.0,6641.25,6640.25,6640.5,95
2026-03-25 23:50:00,6640.5,6640.75,6639.25,6639.75,188
2026-03-25 23:51:00,6639.75,6640.25,6638.75,6638.75,134
2026-03-25 23:52:00,6638.75,6639.5,6638.5,6638.5,153
2026-03-25 23:53:00,6638.5,6639.0,6638.25,6638.75,72
2026-03-25 23:54:00,6638.5,6639.5,6638.5,6638.75,112
2026-03-25 23:55:00,6638.75,6640.5,6638.5,6640.25,114
2026-03-25 23:56:00,6640.0,6640.0,6639.0,6639.0,50
2026-03-25 23:57:00,6639.0,6639.75,6639.0,6639.75,68
2026-03-25 23:58:00,6639.5,6640.25,6638.75,6639.25,118
2026-03-25 23:59:00,6639.25,6639.75,6639.25,6639.5,45
2026-03-26 00:00:00,6639.5,6640.0,6639.25,6639.75,107
2026-03-26 00:01:00,6640.0,6640.5,6637.25,6637.5,309
2026-03-26 00:02:00,6637.5,6638.75,6637.5,6638.0,75
2026-03-26 00:03:00,6638.25,6638.25,6635.5,6635.75,226
2026-03-26 00:04:00,6635.75,6636.0,6635.0,6635.25,222
2026-03-26 00:05:00,6635.0,6636.5,6634.25,6635.75,270
2026-03-26 00:06:00,6635.5,6636.25,6634.75,6635.5,147
2026-03-26 00:07:00,6635.5,6637.25,6635.5,6636.25,76
2026-03-26 00:08:00,6636.25,6637.25,6636.0,6636.75,92
2026-03-26 00:09:00,6636.75,6637.25,6636.5,6637.0,64
2026-03-26 00:10:00,6637.0,6638.25,6636.5,6636.75,112
2026-03-26 00:11:00,6636.5,6636.75,6635.5,6636.25,127
2026-03-26 00:12:00,6636.25,6637.5,6636.25,6637.5,33
2026-03-26 00:13:00,6637.5,6638.5,6637.25,6638.0,74
2026-03-26 00:14:00,6638.25,6638.75,6636.25,6636.25,75
2026-03-26 00:15:00,6636.0,6636.5,6635.25,6636.25,86
2026-03-26 00:16:00,6636.5,6637.0,6636.5,6636.75,29
2026-03-26 00:17:00,6636.75,6636.75,6635.0,6635.5,81
2026-03-26 00:18:00,6635.25,6635.5,6633.75,6634.25,156
2026-03-26 00:19:00,6634.25,6634.75,6633.5,6634.25,164
2026-03-26 00:20:00,6634.75,6634.75,6633.75,6634.25,55
2026-03-26 00:21:00,6634.25,6634.25,6633.5,6633.75,100
2026-03-26 00:22:00,6634.0,6636.0,6634.0,6635.25,134
2026-03-26 00:23:00,6635.0,6635.75,6633.25,6633.75,116
2026-03-26 00:24:00,6633.75,6633.75,6633.25,6633.5,38
2026-03-26 00:25:00,6633.5,6635.5,6633.5,6635.0,85
2026-03-26 00:26:00,6635.25,6635.25,6634.0,6634.75,128
2026-03-26 00:27:00,6635.0,6635.25,6634.25,6634.5,62
2026-03-26 00:28:00,6634.5,6634.5,6634.0,6634.5,38
2026-03-26 00:29:00,6634.5,6634.5,6633.75,6634.25,51
2026-03-26 00:30:00,6634.5,6635.5,6634.5,6635.0,44
2026-03-26 00:31:00,6634.75,6634.75,6633.5,6633.75,36
2026-03-26 00:32:00,6634.0,6634.75,6632.75,6633.25,97
2026-03-26 00:33:00,6633.0,6633.75,6632.5,6633.5,130
2026-03-26 00:34:00,6633.5,6633.75,6632.5,6632.5,45
2026-03-26 00:35:00,6632.5,6633.25,6632.5,6632.75,42
2026-03-26 00:36:00,6633.0,6633.75,6633.0,6633.5,45
2026-03-26 00:37:00,6633.75,6634.25,6633.25,6633.5,49
2026-03-26 00:38:00,6633.5,6633.75,6632.75,6633.25,43
2026-03-26 00:39:00,6633.25,6633.25,6632.75,6632.75,31
2026-03-26 00:40:00,6633.0,6633.75,6633.0,6633.5,48
2026-03-26 00:41:00,6633.5,6633.5,6633.0,6633.5,32
2026-03-26 00:42:00,6633.5,6633.75,6633.25,6633.25,50
2026-03-26 00:43:00,6633.25,6633.5,6632.75,6633.0,139
2026-03-26 00:44:00,6633.0,6633.5,6632.25,6632.5,57
2026-03-26 00:45:00,6632.5,6633.25,6632.5,6633.0,66
2026-03-26 00:46:00,6632.75,6632.75,6631.0,6631.75,202
2026-03-26 00:47:00,6631.75,6632.5,6631.25,6631.5,65
2026-03-26 00:48:00,6631.75,6632.25,6631.75,6632.0,40
2026-03-26 00:49:00,6632.0,6632.25,6631.5,6632.0,112
2026-03-26 00:50:00,6632.0,6632.25,6630.75,6631.0,117
2026-03-26 00:51:00,6631.0,6631.75,6630.75,6631.5,83
2026-03-26 00:52:00,6631.25,6631.5,6630.75,6631.0,59
2026-03-26 00:53:00,6631.0,6631.0,6627.5,6628.75,203
2026-03-26 00:54:00,6628.5,6629.5,6628.25,6628.25,84
2026-03-26 00:55:00,6628.25,6628.75,6625.25,6625.25,319
2026-03-26 00:56:00,6625.25,6628.0,6625.25,6626.75,151
2026-03-26 00:57:00,6626.75,6627.0,6625.5,6625.5,184
2026-03-26 00:58:00,6625.5,6626.25,6625.25,6625.75,70
2026-03-26 00:59:00,6625.75,6627.0,6625.75,6626.5,70
2026-03-26 01:00:00,6626.5,6628.0,6625.75,6627.5,239
2026-03-26 01:01:00,6627.25,6628.75,6627.25,6628.25,90
2026-03-26 01:02:00,6628.25,6628.25,6627.5,6628.0,107
2026-03-26 01:03:00,6628.0,6628.75,6627.5,6628.5,74
2026-03-26 01:04:00,6628.5,6630.0,6628.5,6629.75,117
2026-03-26 01:05:00,6630.0,6630.5,6627.0,6627.25,166
2026-03-26 01:06:00,6627.25,6627.75,6625.25,6625.75,122
2026-03-26 01:07:00,6626.0,6626.5,6624.25,6624.75,145
2026-03-26 01:08:00,6624.75,6625.75,6622.75,6623.0,325
2026-03-26 01:09:00,6623.0,6624.25,6622.25,6622.75,156
2026-03-26 01:10:00,6622.5,6623.75,6622.0,6622.5,143
2026-03-26 01:11:00,6622.5,6623.25,6621.75,6622.75,109
2026-03-26 01:12:00,6622.75,6622.75,6620.5,6621.0,206
2026-03-26 01:13:00,6620.75,6621.75,6620.0,6621.25,287
2026-03-26 01:14:00,6621.0,6623.5,6621.0,6622.5,163
2026-03-26 01:15:00,6622.5,6623.75,6622.25,6622.5,118
2026-03-26 01:16:00,6622.5,6623.25,6621.75,6622.25,68
2026-03-26 01:17:00,6622.5,6623.0,6622.25,6622.75,101
2026-03-26 01:18:00,6622.75,6623.75,6622.25,6623.25,112
2026-03-26 01:19:00,6623.25,6623.75,6623.0,6623.0,69
2026-03-26 01:20:00,6623.0,6624.5,6622.75,6623.75,87
2026-03-26 01:21:00,6623.5,6623.5,6621.0,6621.0,120
2026-03-26 01:22:00,6621.0,6623.25,6620.5,6622.75,264
2026-03-26 01:23:00,6622.5,6622.75,6621.0,6621.25,152
2026-03-26 01:24:00,6621.25,6621.25,6619.75,6620.75,147
2026-03-26 01:25:00,6621.0,6621.0,6616.5,6616.5,405
2026-03-26 01:26:00,6616.25,6616.75,6614.75,6615.0,411
2026-03-26 01:27:00,6614.75,6616.0,6614.25,6616.0,269
2026-03-26 01:28:00,6615.75,6617.0,6615.75,6616.5,179
2026-03-26 01:29:00,6616.5,6618.0,6616.5,6616.75,206
2026-03-26 01:30:00,6617.0,6617.5,6615.75,6616.5,222
2026-03-26 01:31:00,6616.25,6616.25,6614.75,6615.75,230
2026-03-26 01:32:00,6616.0,6616.75,6615.5,6616.5,156
2026-03-26 01:33:00,6616.5,6618.5,6616.5,6618.25,239
2026-03-26 01:34:00,6618.25,6619.0,6617.5,6619.0,149
2026-03-26 01:35:00,6618.75,6621.0,6618.75,6621.0,234
2026-03-26 01:36:00,6620.75,6621.25,6619.75,6621.0,150
2026-03-26 01:37:00,6621.0,6621.25,6618.25,6618.25,206
2026-03-26 01:38:00,6618.25,6619.0,6617.25,6618.75,151
2026-03-26 01:39:00,6618.5,6619.5,6618.0,6618.75,123
2026-03-26 01:40:00,6618.75,6618.75,6617.5,6618.5,110
2026-03-26 01:41:00,6618.75,6621.25,6618.75,6620.75,85
2026-03-26 01:42:00,6620.75,6620.75,6619.75,6620.75,93
2026-03-26 01:43:00,6620.75,6620.75,6618.25,6618.5,98
2026-03-26 01:44:00,6618.5,6619.0,6617.25,6617.5,214
2026-03-26 01:45:00,6617.25,6618.0,6615.0,6615.5,906
2026-03-26 01:46:00,6615.5,6616.5,6615.0,6616.0,168
2026-03-26 01:47:00,6615.75,6617.25,6615.5,6616.75,111
2026-03-26 01:48:00,6617.0,6618.25,6616.5,6616.75,143
2026-03-26 01:49:00,6616.5,6617.0,6616.0,6616.75,137
2026-03-26 01:50:00,6616.75,6617.0,6615.25,6615.75,82
2026-03-26 01:51:00,6615.75,6616.25,6615.25,6615.5,52
2026-03-26 01:52:00,6615.0,6615.5,6613.25,6613.5,274
2026-03-26 01:53:00,6613.75,6614.75,6613.25,6613.25,102
2026-03-26 01:54:00,6613.5,6614.0,6612.75,6613.25,163
2026-03-26 01:55:00,6613.25,6614.5,6613.25,6614.0,45
2026-03-26 01:56:00,6613.75,6614.25,6612.0,6613.0,205
2026-03-26 01:57:00,6613.0,6614.0,6612.5,6613.0,112
2026-03-26 01:58:00,6613.0,6613.75,6612.75,6613.5,87
2026-03-26 01:59:00,6613.5,6613.5,6612.75,6613.0,63
2026-03-26 02:00:00,6613.0,6613.25,6611.75,6612.0,177
2026-03-26 02:01:00,6612.25,6613.25,6609.75,6610.5,328
2026-03-26 02:02:00,6610.75,6614.5,6610.5,6614.25,281
2026-03-26 02:03:00,6614.25,6615.25,6613.0,6613.25,177
2026-03-26 02:04:00,6613.5,6614.5,6612.75,6614.5,112
2026-03-26 02:05:00,6614.75,6615.0,6613.0,6613.5,141
2026-03-26 02:06:00,6613.5,6613.5,6610.75,6612.25,131
2026-03-26 02:07:00,6612.25,6614.25,6612.25,6613.75,90
2026-03-26 02:08:00,6613.5,6613.75,6611.0,6612.5,115
2026-03-26 02:09:00,6612.75,6613.25,6612.0,6613.0,79
2026-03-26 02:10:00,6613.0,6613.75,6612.0,6612.5,119
2026-03-26 02:11:00,6612.5,6613.25,6612.0,6612.0,313
2026-03-26 02:12:00,6611.5,6612.5,6611.25,6612.5,91
2026-03-26 02:13:00,6612.25,6612.25,6609.75,6610.5,156
2026-03-26 02:14:00,6610.5,6611.75,6610.25,6611.25,91
2026-03-26 02:15:00,6611.25,6611.75,6610.0,6611.0,148
2026-03-26 02:16:00,6610.75,6611.5,6610.25,6611.25,129
2026-03-26 02:17:00,6611.5,6612.5,6611.25,6612.0,120
2026-03-26 02:18:00,6612.0,6612.5,6609.25,6609.5,361
2026-03-26 02:19:00,6609.75,6611.5,6608.0,6611.5,333
2026-03-26 02:20:00,6611.5,6611.75,6610.0,6610.75,180
2026-03-26 02:21:00,6611.0,6611.25,6609.75,6610.75,102
2026-03-26 02:22:00,6610.75,6611.5,6609.25,6611.5,126
2026-03-26 02:23:00,6611.5,6611.5,6609.5,6610.75,123
2026-03-26 02:24:00,6610.75,6611.5,6609.75,6611.5,63
2026-03-26 02:25:00,6611.25,6612.0,6609.0,6609.25,207
2026-03-26 02:26:00,6609.25,6610.5,6609.25,6609.75,132
2026-03-26 02:27:00,6610.0,6614.0,6610.0,6613.25,366
2026-03-26 02:28:00,6613.5,6616.25,6613.25,6616.25,278
2026-03-26 02:29:00,6616.0,6619.5,6616.0,6618.5,526
2026-03-26 02:30:00,6618.25,6620.25,6616.75,6618.5,441
2026-03-26 02:31:00,6618.25,6618.25,6615.25,6617.75,249
2026-03-26 02:32:00,6617.75,6619.5,6617.25,6618.0,271
2026-03-26 02:33:00,6617.75,6618.0,6616.5,6616.5,97
2026-03-26 02:34:00,6616.5,6617.75,6616.5,6617.25,96
2026-03-26 02:35:00,6617.25,6619.5,6617.0,6619.5,162
2026-03-26 02:36:00,6619.5,6620.0,6617.0,6617.0,162
2026-03-26 02:37:00,6616.75,6618.0,6616.25,6617.75,131
2026-03-26 02:38:00,6618.0,6618.25,6616.75,6617.25,41
2026-03-26 02:39:00,6617.0,6618.5,6617.0,6618.5,104
2026-03-26 02:40:00,6618.5,6619.25,6618.25,6618.5,137
2026-03-26 02:41:00,6618.25,6618.5,6617.0,6617.0,97
2026-03-26 02:42:00,6617.0,6617.0,6614.75,6615.75,129
2026-03-26 02:43:00,6615.75,6619.25,6615.5,6618.75,105
2026-03-26 02:44:00,6619.0,6619.75,6617.75,6617.75,129
2026-03-26 02:45:00,6618.0,6618.75,6617.0,6618.5,81
2026-03-26 02:46:00,6618.75,6619.25,6618.25,6619.0,78
2026-03-26 02:47:00,6619.25,6619.25,6617.5,6617.75,75
2026-03-26 02:48:00,6617.75,6619.0,6617.75,6619.0,45
2026-03-26 02:49:00,6619.0,6619.25,6618.5,6618.75,64
2026-03-26 02:50:00,6618.75,6618.75,6618.25,6618.5,47
2026-03-26 02:51:00,6618.0,6618.0,6617.25,6617.5,79
2026-03-26 02:52:00,6617.5,6618.0,6617.0,6617.75,84
2026-03-26 02:53:00,6617.75,6617.75,6616.5,6616.75,93
2026-03-26 02:54:00,6616.5,6616.75,6615.5,6616.75,141
2026-03-26 02:55:00,6617.0,6620.75,6617.0,6619.75,170
2026-03-26 02:56:00,6620.0,6620.5,6618.75,6619.5,124
2026-03-26 02:57:00,6619.25,6619.5,6618.75,6619.0,54
2026-03-26 02:58:00,6619.25,6620.0,6619.25,6620.0,37
2026-03-26 02:59:00,6620.25,6620.5,6619.5,6620.0,39
2026-03-26 03:00:00,6620.0,6620.25,6618.5,6620.0,157
2026-03-26 03:01:00,6620.0,6620.5,6616.0,6617.5,330
2026-03-26 03:02:00,6617.25,6617.25,6615.75,6616.5,168
2026-03-26 03:03:00,6616.75,6622.25,6616.25,6620.0,322
2026-03-26 03:04:00,6620.0,6620.25,6616.75,6617.25,239
2026-03-26 03:05:00,6617.25,6617.5,6612.75,6614.25,399
2026-03-26 03:06:00,6614.25,6614.75,6610.5,6612.25,314
2026-03-26 03:07:00,6612.5,6613.25,6608.75,6611.75,775
2026-03-26 03:08:00,6611.75,6613.5,6611.75,6612.75,224
2026-03-26 03:09:00,6612.5,6614.25,6611.5,6613.0,151
2026-03-26 03:10:00,6613.25,6613.5,6610.5,6611.25,132
2026-03-26 03:11:00,6611.25,6612.75,6611.0,6612.5,68
2026-03-26 03:12:00,6612.75,6613.75,6611.25,6612.0,154
2026-03-26 03:13:00,6612.0,6613.25,6611.75,6612.25,93
2026-03-26 03:14:00,6612.0,6613.0,6611.5,6612.5,50
2026-03-26 03:15:00,6612.25,6613.0,6612.0,6613.0,67
2026-03-26 03:16:00,6613.25,6613.5,6610.5,6611.0,98
2026-03-26 03:17:00,6611.0,6613.25,6610.0,6612.5,161
2026-03-26 03:18:00,6612.5,6612.75,6611.25,6611.5,138
2026-03-26 03:19:00,6611.5,6612.5,6611.5,6611.75,58
2026-03-26 03:20:00,6611.75,6611.75,6600.0,6607.75,2331
2026-03-26 03:21:00,6608.0,6611.5,6607.0,6611.5,319
2026-03-26 03:22:00,6611.75,6617.5,6611.75,6616.75,642
2026-03-26 03:23:00,6617.0,6620.0,6616.5,6617.0,696
2026-03-26 03:24:00,6617.5,6617.5,6615.0,6615.25,128
2026-03-26 03:25:00,6615.25,6616.0,6614.75,6615.25,77
2026-03-26 03:26:00,6615.0,6615.25,6612.75,6614.25,132
2026-03-26 03:27:00,6614.5,6615.0,6613.0,6613.5,90
2026-03-26 03:28:00,6613.75,6614.0,6611.25,6611.75,153
2026-03-26 03:29:00,6611.75,6613.0,6611.5,6612.5,67
2026-03-26 03:30:00,6612.25,6612.5,6611.5,6612.5,115
2026-03-26 03:31:00,6612.25,6612.25,6610.0,6610.25,99
2026-03-26 03:32:00,6610.25,6610.5,6609.0,6609.5,111
2026-03-26 03:33:00,6609.5,6611.0,6609.25,6611.0,100
2026-03-26 03:34:00,6610.75,6611.5,6610.25,6611.25,68
2026-03-26 03:35:00,6611.5,6613.0,6611.25,6613.0,92
2026-03-26 03:36:00,6612.75,6613.0,6611.0,6612.75,91
2026-03-26 03:37:00,6612.75,6615.25,6612.75,6614.75,119
2026-03-26 03:38:00,6615.0,6616.25,6615.0,6615.75,128
2026-03-26 03:39:00,6615.75,6616.25,6615.0,6616.0,141
2026-03-26 03:40:00,6616.0,6617.5,6616.0,6616.0,145
2026-03-26 03:41:00,6616.25,6616.25,6614.25,6614.5,105
2026-03-26 03:42:00,6614.5,6615.0,6612.5,6612.5,137
2026-03-26 03:43:00,6612.25,6613.25,6611.75,6612.75,64
2026-03-26 03:44:00,6612.5,6613.25,6611.75,6613.0,139
2026-03-26 03:45:00,6613.25,6617.5,6613.25,6616.5,215
2026-03-26 03:46:00,6616.75,6616.75,6614.5,6615.25,144
2026-03-26 03:47:00,6615.0,6615.25,6613.25,6614.5,106
2026-03-26 03:48:00,6614.25,6616.5,6614.25,6616.5,62
2026-03-26 03:49:00,6616.25,6617.25,6615.75,6616.75,78
2026-03-26 03:50:00,6616.5,6617.5,6616.0,6616.25,144
2026-03-26 03:51:00,6616.5,6617.0,6614.25,6614.75,209
2026-03-26 03:52:00,6614.75,6615.75,6614.0,6614.75,113
2026-03-26 03:53:00,6614.75,6615.5,6614.25,6614.5,85
2026-03-26 03:54:00,6614.25,6615.75,6613.5,6615.0,103
2026-03-26 03:55:00,6615.25,6616.0,6614.75,6615.25,124
2026-03-26 03:56:00,6615.5,6616.25,6614.0,6614.75,121
2026-03-26 03:57:00,6614.75,6615.25,6613.25,6613.75,112
2026-03-26 03:58:00,6613.75,6614.5,6613.25,6613.75,85
2026-03-26 03:59:00,6614.0,6614.75,6613.25,6614.5,123
2026-03-26 04:00:00,6614.5,6619.0,6614.25,6617.5,593
2026-03-26 04:01:00,6617.25,6619.25,6616.25,6616.75,338
2026-03-26 04:02:00,6617.0,6617.25,6614.75,6616.5,200
2026-03-26 04:03:00,6616.75,6617.0,6615.0,6617.0,250
2026-03-26 04:04:00,6617.0,6618.0,6616.25,6617.5,217
2026-03-26 04:05:00,6617.75,6618.5,6616.0,6616.0,266
2026-03-26 04:06:00,6616.0,6622.25,6616.0,6620.5,837
2026-03-26 04:07:00,6620.25,6622.75,6619.5,6621.75,570
2026-03-26 04:08:00,6621.75,6621.75,6619.5,6620.75,360
2026-03-26 04:09:00,6620.75,6621.5,6615.75,6616.75,405
2026-03-26 04:10:00,6616.5,6617.5,6615.25,6615.5,250
2026-03-26 04:11:00,6616.0,6616.75,6614.75,6615.0,168
2026-03-26 04:12:00,6614.75,6615.75,6613.25,6613.5,291
2026-03-26 04:13:00,6613.0,6613.75,6608.25,6608.75,588
2026-03-26 04:14:00,6608.25,6608.75,6604.25,6605.5,647
2026-03-26 04:15:00,6605.25,6608.25,6605.25,6606.5,618
2026-03-26 04:16:00,6606.5,6608.0,6606.25,6607.75,335
2026-03-26 04:17:00,6608.0,6610.75,6607.75,6609.0,362
2026-03-26 04:18:00,6609.25,6609.25,6605.0,6607.0,483
2026-03-26 04:19:00,6606.75,6607.0,6603.25,6605.0,364
2026-03-26 04:20:00,6604.75,6608.0,6604.5,6607.75,309
2026-03-26 04:21:00,6607.5,6607.75,6605.5,6606.0,285
2026-03-26 04:22:00,6606.0,6607.5,6604.0,6605.25,262
2026-03-26 04:23:00,6605.5,6608.25,6605.5,6606.5,325
2026-03-26 04:24:00,6606.5,6607.25,6604.75,6605.5,282
2026-03-26 04:25:00,6605.5,6606.5,6604.0,6605.0,259
2026-03-26 04:26:00,6605.25,6608.25,6605.25,6607.25,331
2026-03-26 04:27:00,6607.0,6607.0,6605.5,6606.75,201
2026-03-26 04:28:00,6606.5,6607.5,6604.0,6604.0,219
2026-03-26 04:29:00,6603.75,6604.0,6601.0,6601.75,480
2026-03-26 04:30:00,6601.75,6602.75,6600.5,6602.0,879
2026-03-26 04:31:00,6602.25,6604.0,6601.0,6602.75,573
2026-03-26 04:32:00,6602.5,6605.5,6602.25,6605.5,238
2026-03-26 04:33:00,6605.5,6605.5,6603.75,6604.25,221
2026-03-26 04:34:00,6604.5,6606.75,6604.0,6605.0,331
2026-03-26 04:35:00,6605.0,6607.0,6604.0,6605.0,337
2026-03-26 04:36:00,6605.0,6606.0,6604.5,6605.0,313
2026-03-26 04:37:00,6605.0,6606.0,6600.5,6601.0,387
2026-03-26 04:38:00,6601.0,6602.25,6600.5,6602.25,307
2026-03-26 04:39:00,6602.5,6603.5,6601.25,6602.25,450
2026-03-26 04:40:00,6602.5,6605.25,6601.75,6605.0,308
2026-03-26 04:41:00,6604.75,6605.75,6603.0,6603.25,310
2026-03-26 04:42:00,6603.5,6605.25,6602.75,6603.5,85
2026-03-26 04:43:00,6603.5,6603.5,6598.75,6599.25,910
2026-03-26 04:44:00,6599.5,6599.5,6595.5,6596.25,973
2026-03-26 04:45:00,6596.25,6598.25,6595.25,6596.75,569
2026-03-26 04:46:00,6596.75,6599.25,6596.25,6598.75,445
2026-03-26 04:47:00,6599.0,6600.75,6597.25,6597.75,439
2026-03-26 04:48:00,6597.75,6597.75,6593.25,6593.75,650
2026-03-26 04:49:00,6594.0,6595.0,6593.75,6594.5,243
2026-03-26 04:50:00,6594.5,6597.5,6594.25,6597.25,266
2026-03-26 04:51:00,6597.0,6599.75,6596.75,6597.5,364
2026-03-26 04:52:00,6597.75,6598.0,6596.25,6597.5,235
2026-03-26 04:53:00,6597.5,6599.5,6597.5,6599.25,248
2026-03-26 04:54:00,6599.5,6600.25,6598.25,6599.0,239
2026-03-26 04:55:00,6598.75,6602.25,6598.0,6602.25,279
2026-03-26 04:56:00,6602.25,6604.5,6601.5,6603.75,351
2026-03-26 04:57:00,6603.75,6604.0,6602.5,6602.5,212
2026-03-26 04:58:00,6602.75,6603.5,6601.25,6601.5,354
2026-03-26 04:59:00,6602.0,6602.5,6601.5,6602.0,232
2026-03-26 05:00:00,6602.0,6602.75,6595.75,6596.0,835
2026-03-26 05:01:00,6595.75,6597.0,6594.25,6594.5,702
2026-03-26 05:02:00,6595.0,6598.5,6595.0,6597.5,501
2026-03-26 05:03:00,6597.5,6597.75,6592.75,6594.5,464
2026-03-26 05:04:00,6594.5,6599.0,6594.25,6598.5,451
2026-03-26 05:05:00,6598.5,6603.0,6597.75,6602.5,869
2026-03-26 05:06:00,6602.5,6602.5,6599.25,6601.75,339
2026-03-26 05:07:00,6601.5,6602.5,6599.75,6601.5,328
2026-03-26 05:08:00,6601.75,6602.5,6596.75,6597.0,567
2026-03-26 05:09:00,6597.0,6598.75,6596.25,6598.5,271
2026-03-26 05:10:00,6598.5,6602.25,6598.5,6601.75,289
2026-03-26 05:11:00,6602.0,6603.5,6600.25,6600.25,476
2026-03-26 05:12:00,6600.25,6600.25,6596.75,6598.0,334
2026-03-26 05:13:00,6598.0,6599.0,6595.75,6597.5,461
2026-03-26 05:14:00,6597.5,6599.25,6596.0,6596.5,206
2026-03-26 05:15:00,6596.25,6596.5,6594.75,6595.75,307
2026-03-26 05:16:00,6596.0,6596.5,6594.75,6595.25,221
2026-03-26 05:17:00,6595.25,6596.75,6594.25,6595.75,278
2026-03-26 05:18:00,6595.75,6596.0,6593.25,6594.25,347
2026-03-26 05:19:00,6594.5,6596.0,6594.0,6595.0,277
2026-03-26 05:20:00,6595.0,6597.5,6595.0,6595.75,282
2026-03-26 05:21:00,6595.75,6596.5,6594.0,6594.5,212
2026-03-26 05:22:00,6594.75,6596.5,6594.5,6596.25,319
2026-03-26 05:23:00,6596.25,6596.25,6592.0,6594.25,430
2026-03-26 05:24:00,6594.5,6594.5,6591.75,6592.25,428
2026-03-26 05:25:00,6592.0,6593.75,6591.75,6591.75,254
2026-03-26 05:26:00,6592.0,6593.25,6590.75,6593.25,386
2026-03-26 05:27:00,6592.75,6595.0,6592.5,6594.0,480
2026-03-26 05:28:00,6594.0,6594.25,6591.5,6592.0,348
2026-03-26 05:29:00,6591.75,6591.75,6589.25,6591.25,832
2026-03-26 05:30:00,6591.0,6591.0,6581.5,6584.0,1750
2026-03-26 05:31:00,6583.75,6585.25,6581.75,6585.0,819
2026-03-26 05:32:00,6584.75,6585.0,6581.25,6583.5,765
2026-03-26 05:33:00,6583.5,6585.75,6582.75,6584.25,635
2026-03-26 05:34:00,6584.5,6586.75,6584.5,6584.5,403
2026-03-26 05:35:00,6584.5,6586.5,6583.75,6585.25,417
2026-03-26 05:36:00,6585.25,6587.0,6583.5,6587.0,532
2026-03-26 05:37:00,6587.0,6588.25,6585.25,6585.75,360
2026-03-26 05:38:00,6585.75,6586.5,6584.75,6585.25,231
2026-03-26 05:39:00,6585.25,6586.25,6584.25,6585.5,286
2026-03-26 05:40:00,6585.5,6588.5,6585.5,6586.5,421
2026-03-26 05:41:00,6586.0,6587.0,6585.25,6587.0,293
2026-03-26 05:42:00,6587.0,6588.0,6585.5,6587.75,202
2026-03-26 05:43:00,6588.0,6589.75,6587.0,6587.0,329
2026-03-26 05:44:00,6587.25,6589.5,6586.5,6587.5,519
2026-03-26 05:45:00,6587.75,6589.25,6585.25,6587.25,639
2026-03-26 05:46:00,6587.0,6587.0,6584.75,6585.75,209
2026-03-26 05:47:00,6586.0,6590.25,6586.0,6588.0,465
2026-03-26 05:48:00,6588.0,6588.25,6585.5,6586.0,405
2026-03-26 05:49:00,6586.25,6586.25,6585.0,6585.5,291
2026-03-26 05:50:00,6585.5,6589.25,6585.25,6588.75,449
2026-03-26 05:51:00,6588.75,6590.75,6588.75,6590.0,363
2026-03-26 05:52:00,6590.25,6591.75,6590.0,6590.0,346
2026-03-26 05:53:00,6590.0,6590.25,6588.75,6589.25,201
2026-03-26 05:54:00,6589.5,6591.0,6589.0,6591.0,143
2026-03-26 05:55:00,6591.25,6593.0,6590.5,6592.0,180
2026-03-26 05:56:00,6591.5,6592.75,6591.0,6591.75,229
2026-03-26 05:57:00,6591.75,6592.75,6591.5,6592.25,173
2026-03-26 05:58:00,6592.5,6593.25,6591.75,6592.5,272
2026-03-26 05:59:00,6592.5,6592.5,6590.5,6590.75,196
2026-03-26 06:00:00,6590.75,6591.5,6588.5,6589.25,395
2026-03-26 06:01:00,6589.25,6589.5,6586.0,6588.5,416
2026-03-26 06:02:00,6588.75,6590.25,6588.25,6589.75,283
2026-03-26 06:03:00,6590.0,6590.75,6589.5,6590.0,166
2026-03-26 06:04:00,6590.0,6595.0,6589.25,6592.75,510
2026-03-26 06:05:00,6592.5,6600.25,6592.5,6597.25,1071
2026-03-26 06:06:00,6597.5,6597.5,6594.5,6595.5,557
2026-03-26 06:07:00,6595.5,6596.0,6593.75,6595.5,254
2026-03-26 06:08:00,6595.5,6597.0,6594.5,6594.75,295
2026-03-26 06:09:00,6594.5,6597.0,6594.0,6596.0,203
2026-03-26 06:10:00,6596.0,6597.25,6596.0,6597.25,137
2026-03-26 06:11:00,6597.0,6597.75,6596.0,6597.5,161
2026-03-26 06:12:00,6597.25,6597.25,6594.75,6595.75,291
2026-03-26 06:13:00,6595.5,6597.5,6595.25,6597.0,201
2026-03-26 06:14:00,6597.0,6597.75,6596.25,6597.5,185
2026-03-26 06:15:00,6597.75,6599.5,6597.75,6598.75,403
2026-03-26 06:16:00,6599.25,6600.75,6598.0,6600.25,368
2026-03-26 06:17:00,6599.5,6600.5,6596.5,6597.0,355
2026-03-26 06:18:00,6597.0,6597.0,6594.75,6595.0,243
2026-03-26 06:19:00,6595.0,6597.0,6594.75,6595.25,275
2026-03-26 06:20:00,6595.25,6596.5,6594.75,6596.0,304
2026-03-26 06:21:00,6596.0,6598.5,6596.0,6598.0,194
2026-03-26 06:22:00,6598.25,6599.0,6597.5,6598.75,199
2026-03-26 06:23:00,6598.75,6598.75,6595.5,6596.25,409
2026-03-26 06:24:00,6596.25,6597.75,6595.75,6597.0,232
2026-03-26 06:25:00,6597.25,6598.5,6596.0,6597.75,398
2026-03-26 06:26:00,6597.75,6598.5,6597.0,6597.75,204
2026-03-26 06:27:00,6597.5,6598.5,6597.25,6597.75,116
2026-03-26 06:28:00,6597.75,6600.75,6597.75,6600.5,293
2026-03-26 06:29:00,6600.75,6601.75,6600.0,6600.5,475
2026-03-26 06:30:00,6600.25,6600.75,6598.75,6599.25,238
2026-03-26 06:31:00,6599.0,6601.0,6599.0,6600.25,196
2026-03-26 06:32:00,6600.25,6602.0,6600.0,6601.5,307
2026-03-26 06:33:00,6601.5,6602.0,6600.75,6601.75,247
2026-03-26 06:34:00,6601.5,6601.75,6600.5,6601.0,150
2026-03-26 06:35:00,6601.25,6601.25,6600.0,6600.5,181
2026-03-26 06:36:00,6600.5,6601.0,6599.75,6600.5,120
2026-03-26 06:37:00,6600.75,6600.75,6598.75,6599.5,159
2026-03-26 06:38:00,6599.5,6600.25,6598.5,6598.75,303
2026-03-26 06:39:00,6598.25,6599.0,6592.0,6592.25,2420
2026-03-26 06:40:00,6592.5,6596.75,6589.75,6594.0,1338
2026-03-26 06:41:00,6594.5,6595.75,6594.0,6595.0,283
2026-03-26 06:42:00,6595.0,6595.5,6591.5,6592.0,496
2026-03-26 06:43:00,6592.25,6593.5,6590.25,6591.0,334
2026-03-26 06:44:00,6591.0,6593.75,6591.0,6592.25,406
2026-03-26 06:45:00,6592.0,6595.25,6591.5,6594.75,500
2026-03-26 06:46:00,6594.75,6594.75,6591.75,6593.5,349
2026-03-26 06:47:00,6593.5,6594.25,6591.5,6592.0,207
2026-03-26 06:48:00,6592.0,6593.75,6592.0,6593.0,190
2026-03-26 06:49:00,6593.25,6593.75,6592.25,6593.75,144
2026-03-26 06:50:00,6593.75,6594.0,6592.25,6593.25,273
2026-03-26 06:51:00,6593.0,6594.0,6593.0,6594.0,198
2026-03-26 06:52:00,6594.0,6596.75,6593.0,6595.75,346
2026-03-26 06:53:00,6595.75,6596.0,6594.0,6594.0,243
2026-03-26 06:54:00,6594.25,6595.0,6592.5,6592.75,190
2026-03-26 06:55:00,6593.0,6595.0,6593.0,6594.75,308
2026-03-26 06:56:00,6595.0,6595.5,6594.5,6594.5,233
2026-03-26 06:57:00,6594.5,6595.5,6593.25,6594.0,143
2026-03-26 06:58:00,6594.25,6594.75,6593.5,6594.25,120
2026-03-26 06:59:00,6594.0,6595.0,6593.75,6594.5,99
2026-03-26 07:00:00,6594.75,6596.0,6593.0,6594.0,381
2026-03-26 07:01:00,6594.25,6594.5,6591.5,6591.75,241
2026-03-26 07:02:00,6592.0,6594.25,6591.75,6594.0,224
2026-03-26 07:03:00,6593.75,6595.75,6593.25,6595.5,202
2026-03-26 07:04:00,6595.5,6597.25,6595.0,6595.5,385
2026-03-26 07:05:00,6595.25,6598.5,6595.0,6598.5,641
2026-03-26 07:06:00,6598.5,6598.5,6592.75,6593.0,449
2026-03-26 07:07:00,6593.0,6595.75,6593.0,6595.0,237
2026-03-26 07:08:00,6595.25,6597.25,6595.25,6597.25,219
2026-03-26 07:09:00,6597.5,6598.25,6597.0,6597.75,317
2026-03-26 07:10:00,6597.75,6598.0,6595.5,6595.75,213
2026-03-26 07:11:00,6595.5,6595.75,6593.0,6595.0,325
2026-03-26 07:12:00,6594.75,6596.0,6593.75,6594.0,124
2026-03-26 07:13:00,6594.0,6595.0,6593.5,6594.25,167
2026-03-26 07:14:00,6594.25,6594.25,6593.0,6593.5,119
2026-03-26 07:15:00,6593.5,6595.5,6593.25,6594.75,268
2026-03-26 07:16:00,6594.5,6594.5,6593.0,6593.25,371
2026-03-26 07:17:00,6593.25,6594.5,6593.25,6593.75,205
2026-03-26 07:18:00,6593.75,6595.0,6593.5,6595.0,173
2026-03-26 07:19:00,6595.25,6596.0,6594.5,6594.75,195
2026-03-26 07:20:00,6594.75,6595.25,6591.75,6592.25,245
2026-03-26 07:21:00,6592.25,6595.0,6592.25,6593.5,206
2026-03-26 07:22:00,6593.5,6594.25,6592.75,6593.0,100
2026-03-26 07:23:00,6593.25,6593.5,6592.0,6592.25,207
2026-03-26 07:24:00,6592.0,6593.5,6591.5,6592.5,280
2026-03-26 07:25:00,6592.75,6592.75,6590.0,6590.0,560
2026-03-26 07:26:00,6590.25,6591.5,6586.25,6586.25,1129
2026-03-26 07:27:00,6586.5,6589.75,6585.5,6589.0,566
2026-03-26 07:28:00,6589.25,6591.0,6588.75,6589.5,313
2026-03-26 07:29:00,6589.25,6590.25,6588.25,6589.0,265
2026-03-26 07:30:00,6589.0,6591.0,6587.0,6589.5,686
2026-03-26 07:31:00,6589.25,6589.5,6585.25,6586.75,606
2026-03-26 07:32:00,6586.5,6589.0,6586.5,6588.25,428
2026-03-26 07:33:00,6588.25,6588.5,6587.75,6587.75,231
2026-03-26 07:34:00,6588.0,6590.0,6588.0,6588.25,188
2026-03-26 07:35:00,6588.5,6589.75,6587.25,6587.5,238
2026-03-26 07:36:00,6587.75,6588.0,6585.25,6586.5,301
2026-03-26 07:37:00,6586.5,6588.0,6586.25,6586.5,236
2026-03-26 07:38:00,6586.5,6588.25,6586.25,6587.25,190
2026-03-26 07:39:00,6587.25,6589.0,6586.75,6588.75,220
2026-03-26 07:40:00,6588.75,6589.5,6588.5,6589.25,192
2026-03-26 07:41:00,6589.0,6589.5,6587.0,6588.0,200
2026-03-26 07:42:00,6587.75,6587.75,6585.25,6586.0,329
2026-03-26 07:43:00,6585.75,6586.0,6584.25,6584.75,477
2026-03-26 07:44:00,6584.75,6586.0,6584.25,6585.5,257
2026-03-26 07:45:00,6585.5,6587.75,6585.0,6587.25,231
2026-03-26 07:46:00,6587.25,6587.75,6585.5,6585.5,238
2026-03-26 07:47:00,6585.75,6586.75,6585.5,6586.25,155
2026-03-26 07:48:00,6586.25,6587.75,6585.5,6586.75,395
2026-03-26 07:49:00,6586.75,6586.75,6583.5,6584.0,522
2026-03-26 07:50:00,6584.0,6584.5,6582.75,6583.5,330
2026-03-26 07:51:00,6583.75,6585.5,6583.0,6585.0,385
2026-03-26 07:52:00,6584.75,6585.5,6583.75,6584.0,175
2026-03-26 07:53:00,6584.25,6585.5,6583.75,6585.25,191
2026-03-26 07:54:00,6585.0,6587.75,6584.75,6586.5,806
2026-03-26 07:55:00,6586.5,6586.5,6585.25,6585.5,289
2026-03-26 07:56:00,6585.5,6586.5,6582.75,6583.0,614
2026-03-26 07:57:00,6583.25,6583.75,6582.0,6582.75,427
2026-03-26 07:58:00,6582.75,6583.0,6581.0,6581.25,394
2026-03-26 07:59:00,6581.25,6581.25,6578.75,6579.5,1098
2026-03-26 08:00:00,6579.75,6581.0,6577.25,6577.5,862
2026-03-26 08:01:00,6577.5,6579.0,6576.0,6577.25,872
2026-03-26 08:02:00,6577.5,6578.0,6575.5,6576.0,563
2026-03-26 08:03:00,6576.0,6577.25,6574.25,6577.0,1049
2026-03-26 08:04:00,6576.75,6579.75,6576.75,6578.75,541
2026-03-26 08:05:00,6578.75,6581.25,6578.75,6580.0,712
2026-03-26 08:06:00,6580.0,6582.75,6579.75,6582.75,705
2026-03-26 08:07:00,6582.5,6585.5,6582.25,6585.0,801
2026-03-26 08:08:00,6585.0,6587.75,6584.25,6586.5,916
2026-03-26 08:09:00,6586.75,6587.5,6586.5,6587.0,505
2026-03-26 08:10:00,6587.0,6589.25,6586.75,6588.5,611
2026-03-26 08:11:00,6588.75,6591.25,6588.25,6590.75,482
2026-03-26 08:12:00,6591.0,6592.0,6590.0,6591.0,777
2026-03-26 08:13:00,6591.25,6592.75,6590.25,6592.75,627
2026-03-26 08:14:00,6592.25,6593.0,6591.25,6591.25,437
2026-03-26 08:15:00,6591.5,6593.25,6590.5,6593.0,293
2026-03-26 08:16:00,6592.75,6593.5,6591.75,6593.0,312
2026-03-26 08:17:00,6592.75,6593.5,6592.25,6593.0,231
2026-03-26 08:18:00,6593.0,6593.0,6590.75,6590.75,257
2026-03-26 08:19:00,6590.75,6591.5,6589.25,6590.25,472
2026-03-26 08:20:00,6590.25,6590.5,6588.5,6590.25,240
2026-03-26 08:21:00,6590.25,6591.0,6589.25,6589.75,297
2026-03-26 08:22:00,6590.0,6591.5,6589.75,6591.0,206
2026-03-26 08:23:00,6590.75,6591.25,6590.0,6591.25,283
2026-03-26 08:24:00,6591.0,6591.0,6588.25,6588.75,484
2026-03-26 08:25:00,6589.0,6590.0,6588.5,6588.5,325
2026-03-26 08:26:00,6588.5,6589.5,6588.25,6589.5,223
2026-03-26 08:27:00,6589.75,6589.75,6587.75,6588.25,537
2026-03-26 08:28:00,6588.5,6589.25,6588.25,6589.25,130
2026-03-26 08:29:00,6589.5,6590.25,6587.5,6589.25,1032
2026-03-26 08:30:00,6588.75,6588.75,6583.75,6584.5,981
2026-03-26 08:31:00,6584.5,6585.5,6583.0,6584.25,805
2026-03-26 08:32:00,6584.5,6584.5,6582.5,6584.0,520
2026-03-26 08:33:00,6584.0,6584.5,6578.75,6580.5,967
2026-03-26 08:34:00,6580.25,6581.5,6579.0,6579.25,611
2026-03-26 08:35:00,6579.25,6579.25,6575.5,6576.25,1147
2026-03-26 08:36:00,6576.25,6579.5,6576.25,6579.0,758
2026-03-26 08:37:00,6579.25,6580.75,6576.75,6580.25,1243
2026-03-26 08:38:00,6580.25,6581.75,6579.25,6581.75,851
2026-03-26 08:39:00,6581.5,6581.5,6579.5,6581.5,471
2026-03-26 08:40:00,6581.25,6582.75,6579.0,6579.75,619
2026-03-26 08:41:00,6580.0,6580.75,6577.5,6578.5,726
2026-03-26 08:42:00,6578.5,6580.25,6577.75,6580.0,423
2026-03-26 08:43:00,6580.0,6581.5,6579.25,6580.0,373
2026-03-26 08:44:00,6580.25,6581.25,6578.75,6579.75,411
2026-03-26 08:45:00,6579.75,6583.0,6579.75,6582.75,759
2026-03-26 08:46:00,6582.75,6586.0,6582.25,6584.5,1059
2026-03-26 08:47:00,6584.5,6585.5,6583.25,6583.5,332
2026-03-26 08:48:00,6583.25,6584.5,6582.5,6583.25,391
2026-03-26 08:49:00,6583.0,6583.75,6580.5,6582.5,467
2026-03-26 08:50:00,6582.25,6584.75,6581.5,6584.0,295
2026-03-26 08:51:00,6584.25,6585.25,6583.25,6584.0,369
2026-03-26 08:52:00,6584.0,6585.75,6584.0,6584.25,292
2026-03-26 08:53:00,6584.25,6584.5,6581.75,6582.0,332
2026-03-26 08:54:00,6582.25,6583.25,6581.25,6583.25,878
2026-03-26 08:55:00,6583.0,6586.25,6582.5,6585.5,576
2026-03-26 08:56:00,6585.5,6585.75,6582.75,6584.0,819
2026-03-26 08:57:00,6584.0,6586.5,6584.0,6585.5,514
2026-03-26 08:58:00,6585.5,6585.5,6584.0,6585.0,742
2026-03-26 08:59:00,6585.25,6587.0,6585.0,6586.25,574
2026-03-26 09:00:00,6586.0,6590.25,6586.0,6589.5,1599
2026-03-26 09:01:00,6589.5,6591.0,6588.25,6588.75,982
2026-03-26 09:02:00,6589.0,6590.0,6586.0,6586.5,1024
2026-03-26 09:03:00,6586.5,6588.75,6585.75,6588.25,1036
2026-03-26 09:04:00,6588.25,6590.0,6587.75,6588.0,627
2026-03-26 09:05:00,6588.0,6588.25,6586.5,6587.5,726
2026-03-26 09:06:00,6587.75,6588.0,6585.75,6586.5,797
2026-03-26 09:07:00,6586.25,6587.75,6585.5,6587.5,449
2026-03-26 09:08:00,6587.75,6589.0,6586.75,6588.5,696
2026-03-26 09:09:00,6588.25,6588.75,6587.75,6588.25,291
2026-03-26 09:10:00,6588.0,6588.25,6586.25,6587.0,418
2026-03-26 09:11:00,6587.0,6588.25,6587.0,6588.0,371
2026-03-26 09:12:00,6588.0,6589.25,6587.75,6588.5,544
2026-03-26 09:13:00,6588.5,6593.25,6588.5,6592.75,1595
2026-03-26 09:14:00,6592.5,6593.0,6589.75,6589.75,1471
2026-03-26 09:15:00,6589.75,6592.25,6587.75,6591.5,1284
2026-03-26 09:16:00,6591.5,6592.75,6591.25,6592.0,816
2026-03-26 09:17:00,6592.0,6596.25,6592.0,6594.5,1345
2026-03-26 09:18:00,6594.75,6595.5,6593.5,6594.25,780
2026-03-26 09:19:00,6594.25,6594.5,6592.25,6593.0,824
2026-03-26 09:20:00,6593.0,6594.25,6592.0,6592.25,604
2026-03-26 09:21:00,6592.0,6592.0,6590.75,6591.5,586
2026-03-26 09:22:00,6591.25,6592.25,6590.25,6590.75,520
2026-03-26 09:23:00,6590.75,6592.5,6590.5,6592.25,533
2026-03-26 09:24:00,6592.25,6592.25,6589.75,6590.0,627
2026-03-26 09:25:00,6590.0,6592.0,6588.5,6592.0,1222
2026-03-26 09:26:00,6591.75,6592.0,6588.75,6589.5,643
2026-03-26 09:27:00,6589.75,6591.25,6589.5,6590.25,902
2026-03-26 09:28:00,6590.5,6591.75,6590.0,6591.0,997
2026-03-26 09:29:00,6591.0,6594.5,6590.0,6593.25,2042
2026-03-26 09:30:00,6593.0,6593.75,6585.75,6589.0,10776
2026-03-26 09:31:00,6589.0,6592.0,6588.0,6590.75,6267
2026-03-26 09:32:00,6590.75,6594.0,6582.75,6585.5,9154
2026-03-26 09:33:00,6585.75,6586.25,6583.0,6585.5,4874
2026-03-26 09:34:00,6585.5,6589.25,6584.25,6589.0,4591
2026-03-26 09:35:00,6589.25,6589.75,6583.25,6584.0,5761
2026-03-26 09:36:00,6584.25,6587.0,6582.75,6585.5,4759
2026-03-26 09:37:00,6585.5,6590.25,6585.5,6589.25,4541
2026-03-26 09:38:00,6589.25,6589.25,6584.75,6585.25,4407
2026-03-26 09:39:00,6585.5,6587.25,6580.25,6580.75,4711
2026-03-26 09:40:00,6580.5,6587.75,6579.75,6583.5,5640
2026-03-26 09:41:00,6583.5,6587.75,6583.0,6585.5,2836
2026-03-26 09:42:00,6585.5,6591.25,6584.75,6591.25,4003
2026-03-26 09:43:00,6591.0,6597.25,6590.0,6596.0,5632
2026-03-26 09:44:00,6596.0,6603.5,6594.5,6603.25,5510
2026-03-26 09:45:00,6603.25,6610.25,6602.0,6607.0,7671
2026-03-26 09:46:00,6607.0,6608.75,6603.75,6605.25,6296
2026-03-26 09:47:00,6605.0,6613.75,6603.0,6612.5,6994
2026-03-26 09:48:00,6612.5,6613.75,6608.75,6610.0,7301
2026-03-26 09:49:00,6610.25,6610.5,6605.5,6607.0,4769
2026-03-26 09:50:00,6607.0,6609.5,6605.25,6608.5,4569
2026-03-26 09:51:00,6608.25,6614.5,6607.75,6613.25,4925
2026-03-26 09:52:00,6613.5,6617.75,6610.75,6611.75,7434
2026-03-26 09:53:00,6611.75,6619.5,6608.75,6618.75,6559
2026-03-26 09:54:00,6618.5,6618.75,6614.0,6617.5,4698
2026-03-26 09:55:00,6617.75,6617.75,6612.25,6613.5,3620
2026-03-26 09:56:00,6613.5,6615.75,6611.5,6615.25,3858
2026-03-26 09:57:00,6615.25,6616.0,6609.0,6611.0,6018
2026-03-26 09:58:00,6611.0,6611.75,6604.25,6604.5,7866
2026-03-26 09:59:00,6604.5,6619.0,6601.0,6617.75,10139
2026-03-26 10:00:00,6618.25,6620.25,6614.25,6616.5,5643
2026-03-26 10:01:00,6616.25,6618.75,6614.0,6618.5,3524
2026-03-26 10:02:00,6618.25,6618.5,6614.5,6616.0,2973
2026-03-26 10:03:00,6616.0,6618.0,6613.25,6617.0,3363
2026-03-26 10:04:00,6617.0,6618.25,6611.0,6613.0,3317
2026-03-26 10:05:00,6612.75,6613.5,6608.25,6613.0,4728
2026-03-26 10:06:00,6612.75,6618.0,6612.0,6617.75,3251
2026-03-26 10:07:00,6617.5,6621.25,6615.25,6617.25,4436
2026-03-26 10:08:00,6617.25,6618.5,6609.25,6609.75,5875
2026-03-26 10:09:00,6609.5,6613.5,6609.0,6612.5,3176
2026-03-26 10:10:00,6612.25,6613.5,6609.5,6611.5,2457
2026-03-26 10:11:00,6611.5,6611.5,6606.75,6607.5,3180
2026-03-26 10:12:00,6607.25,6614.25,6607.0,6612.75,2980
2026-03-26 10:13:00,6612.5,6615.25,6609.75,6614.75,2473
2026-03-26 10:14:00,6614.5,6617.75,6612.75,6617.75,3068
2026-03-26 10:15:00,6617.5,6622.0,6615.0,6620.0,4345
2026-03-26 10:16:00,6620.0,6621.0,6618.0,6618.75,2800
2026-03-26 10:17:00,6618.75,6619.0,6616.5,6618.0,2336
2026-03-26 10:18:00,6618.0,6620.0,6616.25,6616.25,2283
2026-03-26 10:19:00,6616.25,6617.0,6612.0,6613.0,2877
2026-03-26 10:20:00,6613.0,6616.0,6610.25,6614.0,3337
2026-03-26 10:21:00,6614.25,6615.5,6612.5,6613.75,2124
2026-03-26 10:22:00,6613.75,6620.5,6613.75,6619.75,3493
2026-03-26 10:23:00,6619.5,6619.5,6616.25,6618.0,1859
2026-03-26 10:24:00,6618.0,6618.75,6615.25,6615.75,2619
2026-03-26 10:25:00,6615.5,6616.5,6613.0,6616.0,3021
2026-03-26 10:26:00,6616.0,6617.75,6615.0,6615.25,1849
2026-03-26 10:27:00,6615.0,6616.0,6612.5,6613.5,2022
2026-03-26 10:28:00,6613.5,6614.25,6612.0,6613.25,2133
2026-03-26 10:29:00,6613.25,6614.0,6608.75,6609.25,3181
2026-03-26 10:30:00,6609.25,6613.75,6609.0,6612.75,3092
2026-03-26 10:31:00,6613.0,6617.25,6613.0,6616.5,2621
2026-03-26 10:32:00,6616.75,6617.75,6614.0,6615.75,2846
2026-03-26 10:33:00,6615.75,6616.25,6611.5,6613.5,2600
2026-03-26 10:34:00,6613.75,6617.25,6613.0,6616.25,2022
2026-03-26 10:35:00,6616.5,6616.75,6612.5,6612.5,2221
2026-03-26 10:36:00,6612.75,6616.75,6611.75,6612.5,2640
2026-03-26 10:37:00,6612.5,6613.25,6608.25,6610.25,3299
2026-03-26 10:38:00,6610.25,6611.25,6607.5,6609.0,2899
2026-03-26 10:39:00,6609.0,6613.0,6608.5,6610.75,3151
2026-03-26 10:40:00,6610.75,6622.0,6609.75,6610.75,8488
2026-03-26 10:41:00,6611.0,6612.25,6602.25,6609.5,10039
2026-03-26 10:42:00,6609.5,6610.0,6602.0,6604.5,5080
2026-03-26 10:43:00,6604.25,6606.25,6599.25,6601.75,5289
2026-03-26 10:44:00,6601.75,6603.75,6597.0,6599.25,5317
2026-03-26 10:45:00,6599.25,6602.75,6598.25,6600.0,3819
2026-03-26 10:46:00,6600.25,6601.75,6595.5,6597.25,4990
2026-03-26 10:47:00,6597.25,6604.5,6596.5,6599.0,5104
2026-03-26 10:48:00,6598.75,6603.5,6597.5,6598.75,3526
2026-03-26 10:49:00,6598.75,6599.0,6594.5,6598.0,3592
2026-03-26 10:50:00,6598.0,6601.0,6596.25,6599.0,3424
2026-03-26 10:51:00,6599.0,6601.0,6596.25,6597.75,3114
2026-03-26 10:52:00,6597.5,6599.0,6591.75,6593.75,4270
2026-03-26 10:53:00,6594.0,6595.5,6588.75,6589.25,4899
2026-03-26 10:54:00,6589.25,6590.5,6586.5,6586.75,6091
2026-03-26 10:55:00,6586.75,6590.25,6580.75,6588.75,8822
2026-03-26 10:56:00,6588.5,6595.0,6586.0,6592.0,7863
2026-03-26 10:57:00,6592.25,6595.5,6591.5,6593.0,5220
2026-03-26 10:58:00,6592.75,6595.25,6591.0,6594.0,4066
2026-03-26 10:59:00,6593.75,6597.0,6591.5,6594.5,5329
2026-03-26 11:00:00,6594.75,6599.5,6594.75,6596.75,5260
2026-03-26 11:01:00,6596.5,6597.75,6593.0,6596.25,3516
2026-03-26 11:02:00,6596.0,6598.75,6595.75,6596.5,3242
2026-03-26 11:03:00,6596.5,6599.5,6594.25,6597.5,3213
2026-03-26 11:04:00,6597.25,6598.0,6593.5,6594.0,2163
2026-03-26 11:05:00,6593.75,6602.0,6593.5,6598.25,9395
2026-03-26 11:06:00,6598.0,6598.75,6594.25,6598.5,4597
2026-03-26 11:07:00,6598.0,6599.25,6593.75,6594.5,2984
2026-03-26 11:08:00,6594.5,6596.5,6592.25,6593.75,2435
2026-03-26 11:09:00,6593.5,6596.5,6593.0,6595.0,2346
2026-03-26 11:10:00,6595.0,6597.25,6594.75,6597.0,1789
2026-03-26 11:11:00,6597.0,6598.5,6595.25,6596.75,1709
2026-03-26 11:12:00,6596.75,6600.5,6596.0,6596.25,2344
2026-03-26 11:13:00,6596.25,6599.0,6595.25,6596.75,1551
2026-03-26 11:14:00,6596.5,6598.25,6594.75,6595.0,1410
2026-03-26 11:15:00,6595.25,6597.0,6594.75,6595.75,1470
2026-03-26 11:16:00,6595.5,6596.75,6591.25,6592.0,2349
2026-03-26 11:17:00,6592.25,6592.75,6589.25,6590.25,3348
2026-03-26 11:18:00,6590.5,6591.25,6588.5,6590.0,2307
2026-03-26 11:19:00,6589.75,6592.0,6589.5,6591.5,2056
2026-03-26 11:20:00,6591.25,6594.0,6590.0,6593.25,2418
2026-03-26 11:21:00,6593.25,6595.25,6592.25,6593.75,2315
2026-03-26 11:22:00,6594.0,6594.5,6592.25,6592.75,2013
2026-03-26 11:23:00,6592.75,6593.25,6590.75,6592.75,1945
2026-03-26 11:24:00,6592.75,6594.0,6591.75,6593.0,1613
2026-03-26 11:25:00,6593.0,6594.0,6590.5,6591.0,1913
2026-03-26 11:26:00,6591.0,6592.75,6590.25,6591.25,1542
2026-03-26 11:27:00,6591.25,6592.25,6589.5,6591.25,2446
2026-03-26 11:28:00,6591.25,6594.5,6590.25,6592.25,1581
2026-03-26 11:29:00,6592.5,6593.75,6589.0,6589.5,3999
2026-03-26 11:30:00,6589.5,6589.5,6586.0,6587.75,3379
2026-03-26 11:31:00,6587.75,6588.0,6581.25,6582.25,3133
2026-03-26 11:32:00,6582.5,6585.0,6582.25,6584.75,2900
2026-03-26 11:33:00,6584.75,6586.5,6582.75,6584.0,2687
2026-03-26 11:34:00,6583.75,6585.5,6583.0,6585.25,1901
2026-03-26 11:35:00,6585.5,6589.0,6584.5,6587.75,3292
2026-03-26 11:36:00,6587.5,6589.0,6586.5,6586.75,2514
2026-03-26 11:37:00,6586.75,6588.75,6585.0,6588.0,1598
2026-03-26 11:38:00,6587.75,6590.5,6587.25,6589.25,2404
2026-03-26 11:39:00,6589.25,6590.0,6587.5,6589.0,1388
2026-03-26 11:40:00,6588.75,6590.0,6587.75,6589.75,1487
2026-03-26 11:41:00,6589.5,6590.75,6585.5,6586.5,2660
2026-03-26 11:42:00,6586.25,6587.0,6585.0,6586.75,2033
2026-03-26 11:43:00,6586.5,6587.5,6584.75,6585.0,1493
2026-03-26 11:44:00,6584.75,6585.0,6583.25,6584.75,1899
2026-03-26 11:45:00,6585.0,6586.75,6584.0,6584.25,1775
2026-03-26 11:46:00,6584.25,6595.5,6582.5,6590.75,11006
2026-03-26 11:47:00,6591.0,6592.5,6585.75,6588.25,5100
2026-03-26 11:48:00,6588.0,6589.75,6586.0,6589.25,2857
2026-03-26 11:49:00,6589.0,6590.5,6587.75,6588.5,1758
2026-03-26 11:50:00,6588.5,6591.0,6586.75,6588.75,2888
2026-03-26 11:51:00,6588.5,6590.75,6588.25,6590.25,1856
2026-03-26 11:52:00,6590.0,6593.75,6589.5,6593.5,2098
2026-03-26 11:53:00,6593.25,6593.25,6591.5,6592.25,1891
2026-03-26 11:54:00,6592.0,6593.0,6589.25,6591.25,2308
2026-03-26 11:55:00,6591.0,6591.5,6587.75,6588.25,2409
2026-03-26 11:56:00,6588.25,6588.25,6585.0,6586.25,2259
2026-03-26 11:57:00,6586.25,6588.0,6586.25,6587.25,1613
2026-03-26 11:58:00,6587.25,6589.25,6586.5,6587.25,1573
2026-03-26 11:59:00,6587.0,6588.75,6585.25,6587.75,2845
2026-03-26 12:00:00,6587.5,6589.25,6586.0,6587.0,2129
2026-03-26 12:01:00,6587.0,6588.0,6586.25,6586.75,1225
2026-03-26 12:02:00,6586.75,6588.0,6584.5,6585.75,1856
2026-03-26 12:03:00,6585.5,6586.25,6583.25,6584.5,1841
2026-03-26 12:04:00,6584.25,6585.5,6584.0,6584.75,1031
2026-03-26 12:05:00,6584.5,6586.25,6583.0,6584.0,1869
2026-03-26 12:06:00,6584.0,6587.0,6584.0,6586.25,2443
2026-03-26 12:07:00,6586.25,6589.0,6584.5,6586.25,2413
2026-03-26 12:08:00,6586.0,6589.5,6586.0,6588.25,1936
2026-03-26 12:09:00,6588.0,6588.5,6586.5,6586.75,1821
2026-03-26 12:10:00,6586.75,6588.5,6585.0,6585.25,1355
2026-03-26 12:11:00,6585.25,6586.25,6580.75,6581.5,2611
2026-03-26 12:12:00,6581.75,6585.25,6581.75,6584.75,1834
2026-03-26 12:13:00,6584.75,6584.75,6582.25,6583.5,1556
2026-03-26 12:14:00,6583.75,6586.75,6583.0,6585.75,2310
2026-03-26 12:15:00,6585.5,6585.5,6582.5,6582.75,1508
2026-03-26 12:16:00,6582.75,6582.75,6576.75,6577.25,6588
2026-03-26 12:17:00,6577.25,6578.25,6570.5,6574.5,7319
2026-03-26 12:18:00,6574.75,6582.25,6574.5,6580.0,4463
2026-03-26 12:19:00,6580.0,6581.5,6579.5,6580.5,2205
2026-03-26 12:20:00,6580.75,6580.75,6576.5,6577.5,2399
2026-03-26 12:21:00,6577.25,6578.5,6575.0,6575.5,2321
2026-03-26 12:22:00,6575.5,6576.5,6571.0,6571.25,3326
2026-03-26 12:23:00,6571.25,6574.0,6570.25,6573.5,2885
2026-03-26 12:24:00,6573.75,6576.25,6572.5,6575.75,2559
2026-03-26 12:25:00,6575.75,6576.75,6570.0,6571.0,3593
2026-03-26 12:26:00,6571.0,6571.5,6567.5,6569.75,4553
2026-03-26 12:27:00,6570.0,6570.25,6566.25,6569.0,4527
2026-03-26 12:28:00,6569.0,6570.0,6564.75,6565.75,3783
2026-03-26 12:29:00,6565.75,6567.5,6564.75,6566.75,3163
2026-03-26 12:30:00,6567.0,6567.25,6564.75,6565.0,3495
2026-03-26 12:31:00,6565.0,6566.25,6563.25,6565.0,3142
2026-03-26 12:32:00,6565.0,6565.25,6560.75,6563.0,4012
2026-03-26 12:33:00,6563.25,6564.75,6562.25,6563.25,3839
2026-03-26 12:34:00,6563.25,6567.25,6562.0,6566.0,3644
2026-03-26 12:35:00,6566.0,6568.5,6565.25,6566.75,3328
2026-03-26 12:36:00,6567.0,6568.5,6564.75,6568.0,2445
2026-03-26 12:37:00,6568.0,6568.75,6567.25,6568.25,2219
2026-03-26 12:38:00,6568.25,6568.25,6565.0,6565.25,2160
2026-03-26 12:39:00,6565.25,6566.25,6562.5,6563.0,2098
2026-03-26 12:40:00,6563.0,6564.25,6562.25,6564.25,1722
2026-03-26 12:41:00,6564.25,6567.25,6563.25,6565.5,2738
2026-03-26 12:42:00,6565.5,6566.25,6564.0,6564.75,1698
2026-03-26 12:43:00,6564.5,6566.0,6564.0,6565.5,1513
2026-03-26 12:44:00,6565.75,6568.5,6564.75,6567.0,1942
2026-03-26 12:45:00,6567.0,6569.0,6566.25,6567.5,2037
2026-03-26 12:46:00,6567.5,6567.75,6563.75,6564.5,2018
2026-03-26 12:47:00,6564.25,6566.0,6564.0,6565.75,1170
2026-03-26 12:48:00,6565.5,6566.0,6563.5,6564.25,2203
2026-03-26 12:49:00,6564.25,6564.5,6561.25,6563.25,2194
2026-03-26 12:50:00,6563.25,6563.75,6561.5,6562.25,2858
2026-03-26 12:51:00,6562.0,6565.5,6562.0,6564.75,1907
2026-03-26 12:52:00,6564.5,6567.25,6564.5,6565.5,2697
2026-03-26 12:53:00,6565.5,6567.75,6565.25,6566.75,2436
2026-03-26 12:54:00,6566.75,6567.5,6566.0,6566.75,1587
2026-03-26 12:55:00,6566.75,6567.5,6565.5,6566.0,1481
2026-03-26 12:56:00,6565.75,6567.5,6565.0,6567.0,1728
2026-03-26 12:57:00,6566.75,6567.5,6566.25,6567.0,1424
2026-03-26 12:58:00,6566.75,6567.5,6565.25,6567.0,1368
2026-03-26 12:59:00,6567.25,6569.5,6566.25,6568.5,2330
2026-03-26 13:00:00,6568.5,6573.0,6567.75,6572.25,3025
2026-03-26 13:01:00,6572.25,6573.0,6570.5,6571.75,2152
2026-03-26 13:02:00,6571.5,6571.5,6568.25,6570.0,2844
2026-03-26 13:03:00,6570.0,6570.25,6567.5,6568.75,1615
2026-03-26 13:04:00,6568.5,6569.5,6565.75,6566.5,2070
2026-03-26 13:05:00,6566.25,6569.0,6566.25,6568.75,1646
2026-03-26 13:06:00,6568.75,6569.25,6567.0,6567.5,1897
2026-03-26 13:07:00,6567.25,6568.0,6565.75,6566.25,1019
2026-03-26 13:08:00,6566.25,6567.0,6565.75,6567.0,1313
2026-03-26 13:09:00,6567.25,6568.25,6566.25,6567.5,1096
2026-03-26 13:10:00,6567.25,6567.25,6564.75,6565.75,1886
2026-03-26 13:11:00,6565.5,6565.5,6564.25,6564.75,1189
2026-03-26 13:12:00,6564.75,6566.0,6563.25,6565.0,1805
2026-03-26 13:13:00,6565.0,6565.0,6563.25,6564.0,881
2026-03-26 13:14:00,6564.0,6565.25,6561.5,6561.75,1758
2026-03-26 13:15:00,6561.75,6562.75,6561.25,6561.75,1645
2026-03-26 13:16:00,6561.75,6564.0,6561.75,6564.0,1746
2026-03-26 13:17:00,6563.75,6565.0,6563.25,6564.5,1665
2026-03-26 13:18:00,6564.75,6565.0,6561.0,6561.75,2447
2026-03-26 13:19:00,6561.75,6563.75,6561.0,6563.5,1291
2026-03-26 13:20:00,6563.75,6563.75,6559.25,6559.75,2708
2026-03-26 13:21:00,6559.75,6560.5,6556.5,6557.0,3221
2026-03-26 13:22:00,6557.0,6558.5,6555.5,6556.25,3163
2026-03-26 13:23:00,6556.25,6558.0,6555.75,6557.25,1787
2026-03-26 13:24:00,6557.25,6558.0,6554.0,6555.0,2363
2026-03-26 13:25:00,6555.25,6555.75,6553.25,6554.0,2919
2026-03-26 13:26:00,6554.25,6556.0,6554.0,6554.0,1597
2026-03-26 13:27:00,6554.25,6554.25,6551.5,6553.5,3172
2026-03-26 13:28:00,6553.75,6555.75,6553.25,6555.0,2015
2026-03-26 13:29:00,6555.25,6558.25,6555.0,6558.0,4240
2026-03-26 13:30:00,6557.75,6560.0,6557.25,6557.75,2647
2026-03-26 13:31:00,6557.75,6558.0,6555.0,6555.25,2096
2026-03-26 13:32:00,6555.5,6558.5,6554.25,6557.5,1877
2026-03-26 13:33:00,6557.5,6560.75,6557.5,6560.25,1940
2026-03-26 13:34:00,6560.25,6561.5,6560.0,6561.5,1660
2026-03-26 13:35:00,6561.5,6562.75,6558.75,6560.25,2490
2026-03-26 13:36:00,6560.0,6561.25,6559.0,6559.75,1274
2026-03-26 13:37:00,6559.75,6559.75,6557.25,6557.75,1435
2026-03-26 13:38:00,6558.0,6560.5,6557.75,6558.75,1354
2026-03-26 13:39:00,6558.75,6559.0,6556.5,6557.0,1105
2026-03-26 13:40:00,6557.0,6557.0,6554.25,6556.0,2414
2026-03-26 13:41:00,6556.0,6556.5,6553.5,6554.25,1502
2026-03-26 13:42:00,6554.25,6555.75,6552.0,6553.0,1803
2026-03-26 13:43:00,6553.0,6553.75,6550.0,6551.0,2641
2026-03-26 13:44:00,6551.25,6552.0,6551.0,6551.25,1635
2026-03-26 13:45:00,6551.25,6552.75,6550.25,6551.75,2175
2026-03-26 13:46:00,6552.0,6552.25,6550.25,6551.0,1824
2026-03-26 13:47:00,6550.75,6551.5,6548.0,6550.75,3552
2026-03-26 13:48:00,6550.5,6552.0,6549.0,6549.5,1957
2026-03-26 13:49:00,6549.25,6550.0,6547.5,6547.5,1808
2026-03-26 13:50:00,6547.5,6547.75,6543.5,6545.0,4801
2026-03-26 13:51:00,6545.0,6546.25,6544.0,6544.75,2671
2026-03-26 13:52:00,6544.75,6547.0,6544.75,6545.25,2090
2026-03-26 13:53:00,6545.0,6545.5,6543.75,6544.0,1786
2026-03-26 13:54:00,6544.0,6544.5,6542.25,6543.0,2323
2026-03-26 13:55:00,6543.0,6543.75,6541.5,6541.5,2919
2026-03-26 13:56:00,6541.5,6543.0,6540.75,6541.0,2196
2026-03-26 13:57:00,6541.25,6542.25,6540.5,6542.0,2272
2026-03-26 13:58:00,6542.0,6542.0,6538.5,6538.5,2663
2026-03-26 13:59:00,6538.75,6538.75,6536.0,6538.25,3718
2026-03-26 14:00:00,6538.25,6542.5,6538.0,6542.0,5553
2026-03-26 14:01:00,6542.0,6545.25,6541.25,6544.5,4699
2026-03-26 14:02:00,6544.5,6547.0,6544.0,6545.0,3300
2026-03-26 14:03:00,6545.0,6547.25,6542.5,6543.75,2707
2026-03-26 14:04:00,6543.75,6544.5,6542.0,6543.75,1973
2026-03-26 14:05:00,6543.75,6546.0,6543.25,6544.5,2092
2026-03-26 14:06:00,6544.5,6545.5,6541.25,6543.0,3223
2026-03-26 14:07:00,6543.25,6545.75,6543.25,6544.75,1909
2026-03-26 14:08:00,6545.0,6545.5,6543.5,6544.5,1605
2026-03-26 14:09:00,6544.75,6545.75,6544.0,6544.75,1770
2026-03-26 14:10:00,6545.0,6545.5,6541.25,6542.25,2593
2026-03-26 14:11:00,6542.25,6542.75,6540.5,6540.75,2135
2026-03-26 14:12:00,6540.75,6543.25,6540.5,6543.0,1710
2026-03-26 14:13:00,6543.0,6543.5,6541.75,6543.0,1300
2026-03-26 14:14:00,6543.0,6543.25,6541.5,6542.25,1224
2026-03-26 14:15:00,6542.5,6542.5,6540.25,6540.5,1724
2026-03-26 14:16:00,6540.5,6542.75,6539.0,6542.25,1817
2026-03-26 14:17:00,6542.25,6542.75,6539.75,6540.25,1704
2026-03-26 14:18:00,6540.5,6541.75,6539.5,6541.0,1237
2026-03-26 14:19:00,6541.0,6542.25,6540.0,6540.25,1341
2026-03-26 14:20:00,6540.25,6540.5,6537.0,6538.25,1987
2026-03-26 14:21:00,6538.5,6540.25,6538.0,6540.0,2046
2026-03-26 14:22:00,6540.0,6541.5,6539.25,6540.5,1417
2026-03-26 14:23:00,6540.5,6542.5,6540.5,6541.75,1411
2026-03-26 14:24:00,6541.75,6543.75,6541.0,6542.5,1947
2026-03-26 14:25:00,6542.75,6544.25,6542.0,6542.0,2598
2026-03-26 14:26:00,6542.0,6542.25,6538.75,6540.5,2241
2026-03-26 14:27:00,6540.5,6541.0,6538.25,6538.25,1614
2026-03-26 14:28:00,6538.25,6538.5,6536.25,6537.5,2778
2026-03-26 14:29:00,6537.5,6538.5,6537.25,6537.75,1419
2026-03-26 14:30:00,6537.75,6541.75,6537.75,6540.75,2741
2026-03-26 14:31:00,6540.75,6542.5,6540.25,6541.75,2279
2026-03-26 14:32:00,6541.75,6543.75,6540.0,6542.75,2282
2026-03-26 14:33:00,6543.0,6543.0,6541.75,6542.5,1231
2026-03-26 14:34:00,6542.5,6544.0,6541.75,6543.25,1506
2026-03-26 14:35:00,6543.5,6544.5,6541.75,6544.0,2177
2026-03-26 14:36:00,6544.0,6545.25,6542.75,6544.25,2686
2026-03-26 14:37:00,6544.0,6544.0,6541.75,6542.25,1346
2026-03-26 14:38:00,6542.5,6546.0,6542.5,6545.75,1839
2026-03-26 14:39:00,6545.75,6546.5,6544.75,6545.75,1999
2026-03-26 14:40:00,6545.75,6547.25,6544.5,6545.75,3020
2026-03-26 14:41:00,6545.5,6545.75,6543.25,6544.5,2109
2026-03-26 14:42:00,6544.5,6544.75,6541.0,6541.75,1950
2026-03-26 14:43:00,6541.5,6542.5,6540.25,6541.0,1627
2026-03-26 14:44:00,6541.0,6543.75,6541.0,6543.25,1403
2026-03-26 14:45:00,6543.25,6543.5,6540.75,6541.0,1567
2026-03-26 14:46:00,6541.25,6543.5,6540.75,6543.25,1632
2026-03-26 14:47:00,6543.25,6545.5,6543.0,6545.25,2219
2026-03-26 14:48:00,6545.0,6546.75,6544.0,6544.75,2563
2026-03-26 14:49:00,6544.5,6547.25,6544.5,6546.5,2120
2026-03-26 14:50:00,6546.25,6548.5,6544.75,6547.25,3288
2026-03-26 14:51:00,6547.0,6548.0,6545.75,6547.0,2100
2026-03-26 14:52:00,6547.0,6547.75,6546.0,6546.0,1449
2026-03-26 14:53:00,6545.75,6547.0,6544.75,6546.5,1324
2026-03-26 14:54:00,6546.5,6547.75,6546.0,6547.25,1446
2026-03-26 14:55:00,6547.0,6547.0,6544.75,6546.5,1360
2026-03-26 14:56:00,6546.5,6546.5,6542.5,6544.75,2090
2026-03-26 14:57:00,6544.75,6546.0,6544.25,6544.25,1239
2026-03-26 14:58:00,6544.25,6546.25,6544.25,6546.25,1107
2026-03-26 14:59:00,6546.25,6547.0,6545.0,6546.25,1680
2026-03-26 15:00:00,6546.25,6547.25,6544.25,6545.0,2116
2026-03-26 15:01:00,6545.0,6545.75,6544.0,6544.5,1602
2026-03-26 15:02:00,6544.5,6545.25,6541.5,6542.0,2340
2026-03-26 15:03:00,6542.0,6542.5,6538.25,6539.0,2989
2026-03-26 15:04:00,6539.25,6539.75,6538.25,6538.75,1719
2026-03-26 15:05:00,6539.0,6539.5,6537.25,6538.25,1892
2026-03-26 15:06:00,6538.0,6538.75,6535.0,6536.0,3286
2026-03-26 15:07:00,6536.25,6538.0,6535.25,6535.25,2091
2026-03-26 15:08:00,6535.25,6535.75,6530.75,6534.5,4848
2026-03-26 15:09:00,6534.75,6535.5,6533.75,6534.0,2098
2026-03-26 15:10:00,6534.25,6535.25,6530.75,6532.25,2134
2026-03-26 15:11:00,6532.25,6533.25,6531.25,6532.25,2752
2026-03-26 15:12:00,6532.25,6533.25,6531.0,6532.0,3547
2026-03-26 15:13:00,6532.0,6532.25,6530.5,6531.25,1902
2026-03-26 15:14:00,6531.25,6534.75,6531.25,6534.25,3129
2026-03-26 15:15:00,6534.25,6537.75,6533.75,6537.25,3626
2026-03-26 15:16:00,6537.0,6537.5,6535.25,6537.0,2609
2026-03-26 15:17:00,6536.75,6538.5,6536.0,6538.0,1951
2026-03-26 15:18:00,6538.0,6538.75,6535.75,6537.5,2009
2026-03-26 15:19:00,6537.75,6538.5,6536.75,6537.5,1608
2026-03-26 15:20:00,6537.25,6537.75,6534.75,6535.75,2120
2026-03-26 15:21:00,6535.75,6536.25,6534.25,6535.5,1705
2026-03-26 15:22:00,6535.25,6535.25,6533.25,6534.75,1624
2026-03-26 15:23:00,6534.5,6535.5,6533.75,6534.0,1532
2026-03-26 15:24:00,6533.75,6534.0,6532.5,6533.0,1820
2026-03-26 15:25:00,6532.75,6533.75,6530.0,6530.5,2661
2026-03-26 15:26:00,6530.5,6532.0,6530.5,6531.5,1789
2026-03-26 15:27:00,6531.25,6532.5,6531.0,6531.75,1524
2026-03-26 15:28:00,6532.0,6532.5,6530.25,6531.25,1712
2026-03-26 15:29:00,6531.0,6534.25,6530.75,6534.0,2366
2026-03-26 15:30:00,6534.0,6534.5,6531.25,6532.25,2584
2026-03-26 15:31:00,6532.0,6532.25,6526.5,6527.5,4351
2026-03-26 15:32:00,6527.25,6528.0,6526.0,6527.0,2777
2026-03-26 15:33:00,6526.75,6528.0,6526.0,6527.25,2141
2026-03-26 15:34:00,6527.25,6529.25,6526.75,6529.0,2159
2026-03-26 15:35:00,6529.25,6532.75,6528.0,6532.25,3643
2026-03-26 15:36:00,6532.25,6533.0,6531.75,6532.0,2484
2026-03-26 15:37:00,6532.0,6533.0,6531.0,6532.0,2231
2026-03-26 15:38:00,6531.75,6532.75,6530.25,6530.5,1864
2026-03-26 15:39:00,6530.25,6530.75,6529.0,6530.25,2246
2026-03-26 15:40:00,6530.0,6532.25,6529.25,6531.75,2658
2026-03-26 15:41:00,6531.75,6532.5,6529.75,6530.25,1990
2026-03-26 15:42:00,6530.25,6530.75,6529.5,6530.5,1629
2026-03-26 15:43:00,6530.5,6530.5,6528.0,6528.0,2046
2026-03-26 15:44:00,6528.0,6528.5,6525.75,6526.75,3579
2026-03-26 15:45:00,6527.0,6527.25,6525.25,6526.0,3241
2026-03-26 15:46:00,6525.75,6527.75,6525.5,6527.0,3241
2026-03-26 15:47:00,6527.0,6527.25,6525.25,6525.75,2605
2026-03-26 15:48:00,6525.5,6528.25,6525.5,6528.25,2776
2026-03-26 15:49:00,6528.25,6529.5,6527.0,6529.0,3047
2026-03-26 15:50:00,6529.25,6530.5,6526.25,6527.5,5512
2026-03-26 15:51:00,6527.5,6529.0,6525.5,6526.5,3514
2026-03-26 15:52:00,6526.5,6527.25,6525.75,6526.5,3270
2026-03-26 15:53:00,6526.5,6526.75,6524.25,6524.5,4380
2026-03-26 15:54:00,6524.5,6525.0,6521.5,6522.25,6326
2026-03-26 15:55:00,6522.0,6525.0,6521.0,6524.75,8242
2026-03-26 15:56:00,6524.75,6526.25,6523.75,6526.0,5046
2026-03-26 15:57:00,6525.75,6526.75,6525.0,6525.75,6392
2026-03-26 15:58:00,6526.0,6526.0,6523.25,6523.5,8575
2026-03-26 15:59:00,6523.5,6527.5,6520.25,6523.0,59653
2026-03-26 16:00:00,6523.0,6524.75,6520.5,6524.25,17124
2026-03-26 16:01:00,6524.25,6525.5,6522.0,6522.5,4205
2026-03-26 16:02:00,6522.75,6523.0,6519.5,6520.75,2425
2026-03-26 16:03:00,6521.0,6521.5,6517.0,6518.5,2813
2026-03-26 16:04:00,6518.5,6520.75,6518.0,6520.25,1705
2026-03-26 16:05:00,6520.25,6523.5,6520.25,6523.25,1626
2026-03-26 16:06:00,6523.25,6523.25,6522.25,6523.25,1390
2026-03-26 16:07:00,6523.25,6523.75,6522.75,6522.75,1564
2026-03-26 16:08:00,6522.75,6524.5,6522.75,6524.0,1087
2026-03-26 16:09:00,6524.25,6525.75,6523.75,6525.0,1430
2026-03-26 16:10:00,6525.25,6526.5,6524.25,6526.25,1729
2026-03-26 16:11:00,6526.25,6587.5,6525.0,6587.5,17288
2026-03-26 16:12:00,6587.25,6597.25,6550.5,6562.25,15284
2026-03-26 16:13:00,6562.0,6562.75,6548.0,6558.25,7578
2026-03-26 16:14:00,6558.0,6564.25,6550.75,6554.25,6831
2026-03-26 16:15:00,6554.25,6554.75,6543.75,6553.75,5880
2026-03-26 16:16:00,6554.0,6561.5,6550.25,6553.75,5103
2026-03-26 16:17:00,6553.25,6555.5,6549.25,6554.0,2917
2026-03-26 16:18:00,6553.75,6553.75,6547.25,6552.75,2308
2026-03-26 16:19:00,6553.0,6553.5,6545.25,6545.5,2233
2026-03-26 16:20:00,6545.75,6548.5,6542.75,6544.5,1957
2026-03-26 16:21:00,6544.75,6549.0,6544.75,6548.75,1857
2026-03-26 16:22:00,6548.75,6550.25,6544.5,6546.5,1383
2026-03-26 16:23:00,6546.75,6549.5,6545.75,6549.5,1187
2026-03-26 16:24:00,6549.0,6549.0,6540.0,6543.25,1821
2026-03-26 16:25:00,6543.0,6545.0,6531.75,6536.25,3523
2026-03-26 16:26:00,6536.5,6540.5,6533.25,6538.75,1889
2026-03-26 16:27:00,6539.25,6544.0,6538.5,6541.75,1138
2026-03-26 16:28:00,6541.75,6543.0,6538.0,6542.75,1532
2026-03-26 16:29:00,6542.75,6546.5,6541.75,6546.25,774
2026-03-26 16:30:00,6546.5,6547.25,6543.75,6546.25,754
2026-03-26 16:31:00,6546.25,6551.25,6545.25,6548.75,1243
2026-03-26 16:32:00,6548.25,6549.75,6545.5,6549.5,1024
2026-03-26 16:33:00,6549.5,6551.5,6548.25,6548.25,992
2026-03-26 16:34:00,6548.25,6548.25,6545.75,6547.0,806
2026-03-26 16:35:00,6546.75,6548.5,6546.75,6548.25,764
2026-03-26 16:36:00,6548.25,6550.75,6548.0,6549.75,839
2026-03-26 16:37:00,6549.75,6552.5,6549.75,6551.0,1097
2026-03-26 16:38:00,6550.75,6553.75,6550.75,6552.75,693
2026-03-26 16:39:00,6552.5,6554.5,6552.25,6553.25,669
2026-03-26 16:40:00,6553.0,6553.5,6551.0,6552.25,763
2026-03-26 16:41:00,6552.25,6553.25,6547.75,6549.25,974
2026-03-26 16:42:00,6549.5,6549.5,6548.0,6548.75,383
2026-03-26 16:43:00,6549.0,6550.75,6548.25,6549.75,628
2026-03-26 16:44:00,6549.75,6549.75,6547.75,6549.5,268
2026-03-26 16:45:00,6549.25,6550.25,6546.5,6547.0,529
2026-03-26 16:46:00,6547.0,6548.5,6546.75,6547.75,347
2026-03-26 16:47:00,6547.5,6548.5,6546.5,6547.5,436
2026-03-26 16:48:00,6547.75,6549.25,6546.75,6547.5,685
2026-03-26 16:49:00,6547.5,6548.0,6547.0,6547.25,355
2026-03-26 16:50:00,6547.25,6547.75,6545.0,6545.75,558
2026-03-26 16:51:00,6545.75,6546.25,6544.5,6544.75,411
2026-03-26 16:52:00,6544.75,6545.75,6544.0,6545.0,352
2026-03-26 16:53:00,6545.0,6545.75,6542.0,6542.0,562
2026-03-26 16:54:00,6542.25,6543.5,6541.25,6542.0,569
2026-03-26 16:55:00,6542.25,6543.5,6541.5,6543.5,351
2026-03-26 16:56:00,6543.75,6543.75,6542.25,6543.0,364
2026-03-26 16:57:00,6543.0,6543.0,6538.75,6539.0,811
2026-03-26 16:58:00,6539.0,6539.5,6533.75,6536.0,1579
2026-03-26 16:59:00,6536.25,6538.25,6535.0,6535.5,1010
2026-03-26 18:00:00,6536.0,6542.5,6536.0,6539.0,789
2026-03-26 18:01:00,6539.25,6540.5,6536.0,6539.0,409
2026-03-26 18:02:00,6539.0,6540.0,6536.0,6537.5,375
2026-03-26 18:03:00,6537.75,6540.25,6536.25,6540.0,279
2026-03-26 18:04:00,6540.25,6543.25,6540.25,6540.75,287
2026-03-26 18:05:00,6540.5,6542.0,6539.25,6541.75,102
2026-03-26 18:06:00,6541.75,6542.75,6540.5,6540.5,108
2026-03-26 18:07:00,6540.75,6540.75,6537.75,6538.75,149
2026-03-26 18:08:00,6539.25,6541.0,6538.5,6538.5,136
2026-03-26 18:09:00,6538.75,6539.5,6537.5,6539.5,148
2026-03-26 18:10:00,6539.75,6541.5,6539.75,6541.25,112
2026-03-26 18:11:00,6541.5,6543.5,6541.5,6543.25,191
2026-03-26 18:12:00,6542.75,6546.5,6542.75,6545.75,355
2026-03-26 18:13:00,6545.75,6546.25,6544.5,6546.0,157
2026-03-26 18:14:00,6545.5,6546.0,6544.75,6545.75,82
2026-03-26 18:15:00,6546.0,6547.5,6545.5,6547.25,254
2026-03-26 18:16:00,6547.0,6547.5,6545.75,6547.0,128
2026-03-26 18:17:00,6547.25,6547.75,6547.0,6547.0,101
2026-03-26 18:18:00,6546.75,6547.0,6544.0,6544.75,101
2026-03-26 18:19:00,6545.0,6545.0,6543.75,6544.25,171
2026-03-26 18:20:00,6544.25,6545.75,6543.75,6545.5,61
2026-03-26 18:21:00,6545.75,6547.0,6545.75,6546.75,81
2026-03-26 18:22:00,6546.5,6546.5,6545.75,6545.75,53
2026-03-26 18:23:00,6545.5,6546.0,6544.25,6544.25,70
2026-03-26 18:24:00,6544.0,6546.75,6543.75,6546.5,138
2026-03-26 18:25:00,6546.25,6546.25,6544.0,6544.0,181
2026-03-26 18:26:00,6543.75,6543.75,6537.25,6539.0,403
2026-03-26 18:27:00,6539.0,6540.75,6539.0,6539.75,67
2026-03-26 18:28:00,6540.0,6543.0,6539.75,6541.75,178
2026-03-26 18:29:00,6541.5,6543.75,6541.0,6543.5,91
2026-03-26 18:30:00,6543.0,6544.5,6540.75,6542.5,174
2026-03-26 18:31:00,6543.0,6543.0,6540.5,6540.5,117
2026-03-26 18:32:00,6541.0,6541.25,6539.75,6539.75,110
2026-03-26 18:33:00,6540.0,6545.5,6540.0,6545.0,197
2026-03-26 18:34:00,6545.0,6545.0,6543.0,6543.5,58
2026-03-26 18:35:00,6543.75,6544.25,6541.25,6541.75,123
2026-03-26 18:36:00,6541.75,6542.5,6540.75,6541.5,110
2026-03-26 18:37:00,6541.5,6544.0,6541.25,6543.75,80
2026-03-26 18:38:00,6544.0,6546.75,6543.0,6546.25,189
2026-03-26 18:39:00,6546.0,6547.0,6545.0,6546.25,315
2026-03-26 18:40:00,6546.25,6548.25,6545.75,6548.0,236
2026-03-26 18:41:00,6548.0,6549.5,6547.75,6548.0,315
2026-03-26 18:42:00,6548.25,6549.0,6544.75,6545.5,150
2026-03-26 18:43:00,6545.5,6545.75,6543.0,6544.75,152
2026-03-26 18:44:00,6544.5,6546.75,6543.0,6544.0,220
2026-03-26 18:45:00,6544.0,6546.25,6543.75,6544.75,161
2026-03-26 18:46:00,6544.5,6545.25,6543.25,6544.75,175
2026-03-26 18:47:00,6544.75,6545.0,6541.5,6542.5,158
2026-03-26 18:48:00,6542.75,6543.75,6542.25,6543.5,56
2026-03-26 18:49:00,6543.5,6545.0,6543.5,6544.75,74
2026-03-26 18:50:00,6545.5,6547.75,6545.25,6547.5,156
2026-03-26 18:51:00,6547.0,6548.0,6546.5,6547.5,204
2026-03-26 18:52:00,6547.5,6549.75,6547.5,6548.25,323
2026-03-26 18:53:00,6548.0,6549.25,6546.5,6548.0,194
2026-03-26 18:54:00,6548.0,6549.5,6548.0,6549.0,81
2026-03-26 18:55:00,6548.75,6549.0,6546.75,6547.75,197
2026-03-26 18:56:00,6547.75,6551.0,6547.75,6548.25,294
2026-03-26 18:57:00,6548.5,6548.75,6547.25,6547.5,92
2026-03-26 18:58:00,6547.75,6548.0,6546.25,6546.25,139
2026-03-26 18:59:00,6546.25,6547.5,6545.25,6547.0,140
2026-03-26 19:00:00,6546.75,6549.0,6546.25,6549.0,98
2026-03-26 19:01:00,6549.0,6549.0,6547.75,6547.75,65
2026-03-26 19:02:00,6547.5,6548.0,6547.0,6548.0,41
2026-03-26 19:03:00,6548.0,6549.5,6548.0,6548.75,75
2026-03-26 19:04:00,6548.5,6549.25,6548.25,6548.5,35
2026-03-26 19:05:00,6548.75,6548.75,6546.75,6547.5,88
2026-03-26 19:06:00,6547.25,6547.75,6546.25,6546.5,55
2026-03-26 19:07:00,6546.5,6546.75,6545.25,6546.25,74
2026-03-26 19:08:00,6546.0,6546.25,6544.75,6545.25,113
2026-03-26 19:09:00,6545.75,6546.0,6545.0,6545.0,64
2026-03-26 19:10:00,6544.75,6545.25,6542.5,6544.5,217
2026-03-26 19:11:00,6544.25,6545.5,6543.75,6544.25,60
2026-03-26 19:12:00,6544.25,6546.5,6544.0,6545.25,193
2026-03-26 19:13:00,6545.0,6545.0,6544.5,6545.0,46
2026-03-26 19:14:00,6544.75,6545.5,6544.75,6544.75,29
2026-03-26 19:15:00,6544.75,6544.75,6542.0,6543.5,178
2026-03-26 19:16:00,6544.0,6545.75,6544.0,6545.25,83
2026-03-26 19:17:00,6545.25,6546.25,6545.25,6546.0,50
2026-03-26 19:18:00,6546.0,6547.5,6545.25,6547.0,82
2026-03-26 19:19:00,6547.0,6548.0,6546.75,6547.75,92
2026-03-26 19:20:00,6547.75,6548.0,6545.5,6546.25,87
2026-03-26 19:21:00,6546.5,6546.5,6543.75,6545.0,134
2026-03-26 19:22:00,6545.0,6545.25,6543.25,6543.25,95
2026-03-26 19:23:00,6543.0,6543.75,6542.25,6543.5,180
2026-03-26 19:24:00,6543.25,6543.75,6543.0,6543.25,103
2026-03-26 19:25:00,6543.0,6543.25,6542.0,6542.75,83
2026-03-26 19:26:00,6542.75,6543.75,6542.75,6543.25,55
2026-03-26 19:27:00,6543.0,6544.25,6543.0,6543.0,76
2026-03-26 19:28:00,6543.0,6543.25,6542.25,6543.25,53
2026-03-26 19:29:00,6543.5,6544.0,6543.0,6543.75,38
2026-03-26 19:30:00,6543.75,6545.25,6543.75,6544.75,112
2026-03-26 19:31:00,6545.0,6547.75,6545.0,6547.0,270
2026-03-26 19:32:00,6547.25,6547.75,6546.5,6547.0,111
2026-03-26 19:33:00,6547.0,6547.25,6546.5,6547.0,87
2026-03-26 19:34:00,6547.0,6548.0,6546.75,6548.0,78
2026-03-26 19:35:00,6547.75,6549.75,6547.5,6548.25,187
2026-03-26 19:36:00,6548.5,6549.25,6548.0,6549.0,87
2026-03-26 19:37:00,6549.25,6552.0,6549.25,6551.25,309
2026-03-26 19:38:00,6551.5,6552.0,6550.75,6551.0,80
2026-03-26 19:39:00,6551.0,6551.0,6549.25,6550.0,80
2026-03-26 19:40:00,6550.0,6550.25,6549.5,6550.0,57
2026-03-26 19:41:00,6550.0,6550.75,6549.5,6550.75,47
2026-03-26 19:42:00,6550.75,6551.5,6549.75,6549.75,83
2026-03-26 19:43:00,6550.0,6550.25,6548.75,6549.0,105
2026-03-26 19:44:00,6549.0,6550.5,6548.75,6550.5,65
2026-03-26 19:45:00,6550.25,6550.5,6549.25,6549.5,60
2026-03-26 19:46:00,6549.5,6551.75,6549.5,6551.75,126
2026-03-26 19:47:00,6551.75,6552.75,6551.0,6551.25,260
2026-03-26 19:48:00,6551.0,6551.75,6550.5,6551.75,131
2026-03-26 19:49:00,6551.75,6552.0,6551.25,6551.5,71
2026-03-26 19:50:00,6551.25,6554.0,6550.75,6553.0,345
2026-03-26 19:51:00,6553.0,6553.0,6551.25,6552.0,242
2026-03-26 19:52:00,6552.25,6553.5,6552.0,6553.0,142
2026-03-26 19:53:00,6553.0,6554.0,6551.5,6552.0,189
2026-03-26 19:54:00,6551.5,6552.25,6551.5,6552.0,55
2026-03-26 19:55:00,6552.0,6552.0,6551.5,6552.0,47
2026-03-26 19:56:00,6551.75,6551.75,6550.75,6551.25,95
2026-03-26 19:57:00,6551.0,6551.5,6549.75,6550.5,226
2026-03-26 19:58:00,6550.5,6551.25,6549.75,6550.5,237
2026-03-26 19:59:00,6550.5,6551.5,6550.5,6551.5,85
2026-03-26 20:00:00,6551.5,6557.25,6551.25,6556.0,732
2026-03-26 20:01:00,6555.75,6557.5,6555.5,6556.5,292
2026-03-26 20:02:00,6556.5,6556.75,6554.75,6556.0,270
2026-03-26 20:03:00,6555.75,6557.25,6555.5,6557.25,118
2026-03-26 20:04:00,6557.25,6557.75,6556.0,6556.25,164
2026-03-26 20:05:00,6556.25,6556.5,6555.0,6555.5,140
2026-03-26 20:06:00,6555.25,6556.0,6554.0,6554.5,172
2026-03-26 20:07:00,6554.75,6554.75,6553.5,6553.5,157
2026-03-26 20:08:00,6553.75,6555.75,6553.75,6555.5,175
2026-03-26 20:09:00,6555.5,6558.0,6555.0,6558.0,195
2026-03-26 20:10:00,6557.75,6558.0,6555.5,6556.25,419
2026-03-26 20:11:00,6556.25,6556.25,6554.75,6555.25,173
2026-03-26 20:12:00,6555.25,6556.25,6554.0,6555.75,144
2026-03-26 20:13:00,6555.75,6556.0,6553.25,6553.5,243
2026-03-26 20:14:00,6553.75,6554.0,6551.5,6552.0,181
2026-03-26 20:15:00,6552.0,6552.0,6550.5,6551.75,231
2026-03-26 20:16:00,6551.75,6552.25,6548.5,6549.75,365
2026-03-26 20:17:00,6549.75,6550.0,6546.75,6549.75,398
2026-03-26 20:18:00,6549.75,6551.5,6549.25,6549.25,231
2026-03-26 20:19:00,6549.25,6550.25,6547.0,6547.5,316
2026-03-26 20:20:00,6547.5,6548.25,6544.25,6547.75,507
2026-03-26 20:21:00,6547.5,6549.25,6547.25,6548.25,177
2026-03-26 20:22:00,6548.25,6548.5,6538.25,6540.5,2223
2026-03-26 20:23:00,6540.25,6542.25,6538.0,6539.25,580
2026-03-26 20:24:00,6539.75,6544.0,6539.0,6543.75,562
2026-03-26 20:25:00,6543.75,6543.75,6540.5,6542.5,220
2026-03-26 20:26:00,6542.25,6543.75,6537.25,6542.75,556
2026-03-26 20:27:00,6542.5,6543.25,6540.5,6541.5,208
2026-03-26 20:28:00,6540.75,6543.0,6540.25,6540.75,192
2026-03-26 20:29:00,6541.0,6541.75,6540.0,6541.5,98
2026-03-26 20:30:00,6541.5,6544.0,6539.5,6540.0,400
2026-03-26 20:31:00,6540.25,6542.0,6539.5,6542.0,136
2026-03-26 20:32:00,6542.0,6542.75,6541.0,6541.75,121
2026-03-26 20:33:00,6541.75,6542.75,6538.0,6539.25,298
2026-03-26 20:34:00,6538.75,6541.25,6538.75,6540.75,239
2026-03-26 20:35:00,6540.0,6541.5,6538.0,6538.0,170
2026-03-26 20:36:00,6538.25,6539.25,6537.5,6538.5,208
2026-03-26 20:37:00,6538.75,6539.5,6537.5,6537.75,135
2026-03-26 20:38:00,6538.0,6538.75,6536.0,6537.5,268
2026-03-26 20:39:00,6537.25,6538.5,6536.75,6538.5,174
2026-03-26 20:40:00,6538.25,6540.25,6537.5,6539.75,201
2026-03-26 20:41:00,6539.75,6540.0,6537.0,6538.25,155
2026-03-26 20:42:00,6538.5,6539.0,6537.5,6538.25,57
2026-03-26 20:43:00,6538.5,6538.75,6534.75,6535.0,281
2026-03-26 20:44:00,6535.0,6537.25,6535.0,6536.5,104
2026-03-26 20:45:00,6536.75,6536.75,6534.25,6535.75,190
2026-03-26 20:46:00,6535.5,6537.25,6534.75,6536.0,218
2026-03-26 20:47:00,6536.25,6537.0,6535.25,6536.5,173
2026-03-26 20:48:00,6536.5,6537.5,6535.0,6535.5,385
2026-03-26 20:49:00,6535.5,6537.25,6535.0,6536.75,189
2026-03-26 20:50:00,6536.5,6537.0,6534.75,6535.0,190
2026-03-26 20:51:00,6535.25,6536.75,6534.75,6535.75,138
2026-03-26 20:52:00,6535.75,6538.0,6535.25,6537.5,228
2026-03-26 20:53:00,6537.75,6538.5,6537.25,6537.25,163
2026-03-26 20:54:00,6537.25,6538.25,6535.75,6537.0,215
2026-03-26 20:55:00,6536.75,6540.0,6536.75,6539.25,225
2026-03-26 20:56:00,6539.25,6539.5,6538.0,6539.0,174
2026-03-26 20:57:00,6539.25,6539.5,6537.75,6538.0,144
2026-03-26 20:58:00,6538.0,6538.5,6536.75,6537.5,187
2026-03-26 20:59:00,6537.75,6538.0,6536.5,6537.0,126
2026-03-26 21:00:00,6537.0,6538.75,6537.0,6537.75,228
2026-03-26 21:01:00,6537.75,6538.5,6534.25,6536.75,449
2026-03-26 21:02:00,6537.0,6539.75,6536.75,6539.25,237
2026-03-26 21:03:00,6539.0,6540.0,6538.0,6539.75,205
2026-03-26 21:04:00,6539.25,6540.0,6538.75,6538.75,113
2026-03-26 21:05:00,6538.75,6541.25,6538.75,6540.75,228
2026-03-26 21:06:00,6540.5,6541.5,6540.5,6541.0,236
2026-03-26 21:07:00,6541.0,6541.25,6539.75,6540.0,122
2026-03-26 21:08:00,6540.0,6541.25,6539.25,6541.25,144
2026-03-26 21:09:00,6541.0,6542.0,6540.75,6541.0,286
2026-03-26 21:10:00,6541.0,6543.75,6541.0,6543.75,283
2026-03-26 21:11:00,6543.75,6545.25,6543.5,6545.25,378
2026-03-26 21:12:00,6545.25,6545.25,6543.75,6544.5,305
2026-03-26 21:13:00,6544.5,6546.0,6544.5,6545.25,275
2026-03-26 21:14:00,6545.25,6545.25,6543.25,6544.25,215
2026-03-26 21:15:00,6544.5,6545.75,6544.5,6545.0,105
2026-03-26 21:16:00,6544.75,6546.0,6544.25,6546.0,154
2026-03-26 21:17:00,6545.75,6547.5,6545.25,6545.5,268
2026-03-26 21:18:00,6545.25,6545.25,6543.0,6543.0,194
2026-03-26 21:19:00,6543.0,6543.75,6542.5,6543.5,159
2026-03-26 21:20:00,6543.25,6543.25,6542.0,6543.0,180
2026-03-26 21:21:00,6543.0,6544.25,6542.25,6544.25,128
2026-03-26 21:22:00,6544.25,6545.25,6543.75,6545.0,132
2026-03-26 21:23:00,6545.25,6545.25,6544.0,6544.5,75
2026-03-26 21:24:00,6544.5,6545.25,6544.25,6544.75,105
2026-03-26 21:25:00,6545.0,6545.25,6544.0,6544.25,78
2026-03-26 21:26:00,6544.5,6544.5,6543.75,6544.0,48
2026-03-26 21:27:00,6544.25,6546.75,6544.25,6546.25,141
2026-03-26 21:28:00,6546.25,6548.75,6545.75,6547.75,246
2026-03-26 21:29:00,6547.75,6548.0,6547.0,6547.5,115
2026-03-26 21:30:00,6547.75,6548.0,6546.75,6547.0,174
2026-03-26 21:31:00,6547.0,6549.0,6547.0,6549.0,283
2026-03-26 21:32:00,6549.0,6549.5,6547.5,6549.0,276
2026-03-26 21:33:00,6548.75,6548.75,6547.5,6548.0,117
2026-03-26 21:34:00,6548.0,6548.25,6547.0,6547.5,134
2026-03-26 21:35:00,6547.5,6548.5,6547.5,6548.5,144
2026-03-26 21:36:00,6548.5,6549.0,6548.0,6548.75,132
2026-03-26 21:37:00,6548.75,6548.75,6547.0,6547.25,169
2026-03-26 21:38:00,6547.25,6547.5,6546.75,6547.25,116
2026-03-26 21:39:00,6547.25,6547.75,6545.75,6546.25,257
2026-03-26 21:40:00,6546.5,6547.25,6545.5,6546.75,165
2026-03-26 21:41:00,6546.75,6548.0,6546.5,6547.25,282
2026-03-26 21:42:00,6547.25,6548.25,6546.5,6547.25,849
2026-03-26 21:43:00,6547.0,6547.75,6546.25,6546.75,154
2026-03-26 21:44:00,6547.0,6547.0,6546.0,6546.25,166
2026-03-26 21:45:00,6546.25,6546.75,6545.25,6545.75,204
2026-03-26 21:46:00,6545.75,6545.75,6542.5,6542.75,413
2026-03-26 21:47:00,6543.0,6544.75,6543.0,6544.75,152
2026-03-26 21:48:00,6545.0,6545.75,6545.0,6545.75,70
2026-03-26 21:49:00,6546.0,6546.0,6545.0,6545.25,77
2026-03-26 21:50:00,6545.25,6545.5,6543.75,6545.0,110
2026-03-26 21:51:00,6545.0,6545.25,6544.5,6545.25,78
2026-03-26 21:52:00,6545.25,6545.5,6544.5,6544.5,105
2026-03-26 21:53:00,6544.5,6544.75,6543.75,6544.0,68
2026-03-26 21:54:00,6544.25,6545.5,6544.25,6545.0,51
2026-03-26 21:55:00,6545.25,6546.25,6545.25,6545.75,60
2026-03-26 21:56:00,6545.75,6546.25,6545.75,6546.25,69
2026-03-26 21:57:00,6546.25,6547.0,6546.25,6546.25,68
2026-03-26 21:58:00,6546.25,6546.25,6545.25,6545.75,55
2026-03-26 21:59:00,6546.25,6547.5,6546.25,6547.5,136
2026-03-26 22:00:00,6547.75,6550.5,6547.75,6549.75,1542
2026-03-26 22:01:00,6549.5,6550.25,6548.25,6549.0,281
2026-03-26 22:02:00,6549.25,6550.0,6548.5,6549.25,192
2026-03-26 22:03:00,6549.25,6549.75,6548.25,6548.25,334
2026-03-26 22:04:00,6548.5,6549.75,6548.25,6549.25,463
2026-03-26 22:05:00,6549.0,6549.0,6547.0,6547.5,275
2026-03-26 22:06:00,6547.75,6548.25,6547.0,6547.5,122
2026-03-26 22:07:00,6547.5,6548.75,6547.5,6548.25,232
2026-03-26 22:08:00,6548.5,6548.75,6547.5,6548.0,252
2026-03-26 22:09:00,6548.0,6548.25,6547.5,6548.0,145
2026-03-26 22:10:00,6548.25,6548.5,6547.5,6548.25,164
2026-03-26 22:11:00,6548.25,6548.25,6547.0,6547.25,122
2026-03-26 22:12:00,6547.5,6548.0,6547.25,6547.25,106
2026-03-26 22:13:00,6547.5,6547.75,6547.0,6547.5,97
2026-03-26 22:14:00,6547.75,6547.75,6546.5,6546.75,198
2026-03-26 22:15:00,6546.75,6546.75,6545.25,6545.5,290
2026-03-26 22:16:00,6545.5,6546.25,6544.75,6545.5,321
2026-03-26 22:17:00,6545.25,6545.5,6544.25,6545.0,232
2026-03-26 22:18:00,6544.75,6545.0,6544.5,6544.5,71
2026-03-26 22:19:00,6544.75,6546.0,6544.75,6546.0,159
2026-03-26 22:20:00,6545.75,6545.75,6542.5,6542.5,255
2026-03-26 22:21:00,6542.75,6543.5,6541.75,6542.75,248
2026-03-26 22:22:00,6542.5,6543.0,6541.5,6541.75,204
2026-03-26 22:23:00,6541.75,6542.25,6540.75,6541.75,184
2026-03-26 22:24:00,6541.5,6543.5,6541.5,6543.25,122
2026-03-26 22:25:00,6543.0,6543.75,6542.25,6542.25,85
2026-03-26 22:26:00,6542.25,6542.75,6541.25,6541.5,144
2026-03-26 22:27:00,6541.25,6543.5,6541.25,6542.75,129
2026-03-26 22:28:00,6543.0,6544.75,6542.75,6543.5,266
2026-03-26 22:29:00,6543.5,6544.25,6543.0,6544.25,64
2026-03-26 22:30:00,6544.25,6544.25,6543.0,6543.75,121
2026-03-26 22:31:00,6544.0,6546.5,6543.75,6546.0,171
2026-03-26 22:32:00,6545.75,6547.75,6544.5,6547.5,116
2026-03-26 22:33:00,6547.5,6547.5,6545.5,6546.75,158
2026-03-26 22:34:00,6546.75,6548.0,6546.75,6548.0,239
2026-03-26 22:35:00,6547.75,6548.5,6547.0,6547.0,222
2026-03-26 22:36:00,6546.75,6547.0,6545.75,6546.75,87
2026-03-26 22:37:00,6546.75,6546.75,6545.25,6545.25,47
2026-03-26 22:38:00,6545.5,6545.75,6544.75,6544.75,59
2026-03-26 22:39:00,6544.5,6546.25,6544.5,6545.75,56
2026-03-26 22:40:00,6546.0,6546.0,6545.0,6545.75,70
2026-03-26 22:41:00,6545.75,6545.75,6544.0,6544.25,61
2026-03-26 22:42:00,6544.25,6544.5,6543.75,6544.5,107
2026-03-26 22:43:00,6544.5,6545.0,6543.75,6543.75,104
2026-03-26 22:44:00,6544.0,6544.75,6543.75,6544.25,64
2026-03-26 22:45:00,6544.25,6545.0,6543.5,6544.75,140
2026-03-26 22:46:00,6544.75,6545.5,6544.25,6545.5,65
2026-03-26 22:47:00,6545.5,6546.5,6544.75,6545.75,53
2026-03-26 22:48:00,6546.0,6546.0,6543.75,6543.75,188
2026-03-26 22:49:00,6544.0,6544.0,6541.75,6543.0,333
2026-03-26 22:50:00,6543.0,6543.0,6542.0,6542.5,140
2026-03-26 22:51:00,6542.75,6543.5,6542.25,6543.5,65
2026-03-26 22:52:00,6543.75,6543.75,6543.25,6543.5,56
2026-03-26 22:53:00,6543.5,6544.0,6542.75,6543.0,55
2026-03-26 22:54:00,6543.5,6543.5,6543.0,6543.25,26
2026-03-26 22:55:00,6543.5,6543.75,6543.0,6543.5,40
2026-03-26 22:56:00,6543.5,6543.5,6542.5,6542.75,56
2026-03-26 22:57:00,6542.5,6542.75,6541.75,6542.0,69
2026-03-26 22:58:00,6542.25,6542.75,6541.25,6541.25,77
2026-03-26 22:59:00,6541.25,6542.0,6541.0,6541.75,52
2026-03-26 23:00:00,6541.75,6543.25,6541.75,6543.0,137
2026-03-26 23:01:00,6543.0,6543.25,6542.25,6543.0,57
2026-03-26 23:02:00,6543.0,6544.25,6542.25,6543.75,132
2026-03-26 23:03:00,6543.5,6544.5,6543.25,6544.0,92
2026-03-26 23:04:00,6544.5,6544.5,6542.5,6542.75,91
2026-03-26 23:05:00,6542.75,6542.75,6541.0,6541.25,79
2026-03-26 23:06:00,6541.25,6541.5,6539.75,6540.0,184
2026-03-26 23:07:00,6540.25,6541.0,6540.0,6540.75,139
2026-03-26 23:08:00,6541.0,6541.25,6538.25,6539.0,164
2026-03-26 23:09:00,6539.0,6540.5,6539.0,6540.0,114
2026-03-26 23:10:00,6540.25,6541.25,6539.25,6539.25,75
2026-03-26 23:11:00,6539.25,6540.25,6539.0,6540.25,70
2026-03-26 23:12:00,6540.25,6543.0,6540.0,6542.0,193
2026-03-26 23:13:00,6542.0,6542.75,6541.0,6541.25,87
2026-03-26 23:14:00,6541.25,6541.25,6540.25,6540.5,58
2026-03-26 23:15:00,6540.25,6540.5,6539.25,6540.0,83
2026-03-26 23:16:00,6539.75,6540.5,6539.0,6540.0,90
2026-03-26 23:17:00,6540.5,6541.0,6540.25,6540.5,35
2026-03-26 23:18:00,6540.25,6540.75,6539.5,6540.0,58
2026-03-26 23:19:00,6540.25,6541.25,6539.75,6540.0,80
2026-03-26 23:20:00,6540.25,6540.5,6539.25,6540.25,79
2026-03-26 23:21:00,6540.0,6540.5,6540.0,6540.25,68
2026-03-26 23:22:00,6540.25,6540.5,6539.25,6539.75,36
2026-03-26 23:23:00,6540.0,6540.25,6539.5,6539.5,32
2026-03-26 23:24:00,6540.0,6540.5,6539.25,6539.25,36
2026-03-26 23:25:00,6539.25,6539.75,6538.75,6539.5,55
2026-03-26 23:26:00,6539.5,6539.5,6538.75,6539.5,32
2026-03-26 23:27:00,6539.75,6540.25,6539.5,6539.75,43
2026-03-26 23:28:00,6539.75,6541.0,6539.75,6540.75,60
2026-03-26 23:29:00,6541.0,6541.25,6540.25,6540.5,107
2026-03-26 23:30:00,6540.75,6543.0,6540.75,6542.25,248
2026-03-26 23:31:00,6542.25,6543.5,6541.75,6543.5,106
2026-03-26 23:32:00,6543.75,6543.75,6542.0,6543.5,97
2026-03-26 23:33:00,6543.5,6543.5,6542.0,6542.5,52
2026-03-26 23:34:00,6542.25,6544.25,6542.0,6544.0,75
2026-03-26 23:35:00,6543.75,6546.5,6543.75,6545.5,261
2026-03-26 23:36:00,6545.25,6545.75,6544.5,6545.75,95
2026-03-26 23:37:00,6546.0,6547.0,6545.75,6545.75,132
2026-03-26 23:38:00,6545.75,6547.75,6545.25,6547.5,225
2026-03-26 23:39:00,6547.5,6550.0,6547.25,6549.5,301
2026-03-26 23:40:00,6549.75,6550.5,6549.25,6549.75,318
2026-03-26 23:41:00,6549.5,6549.5,6548.75,6549.25,98
2026-03-26 23:42:00,6549.0,6549.75,6548.75,6549.75,85
2026-03-26 23:43:00,6549.5,6549.5,6548.75,6549.25,76
2026-03-26 23:44:00,6549.25,6549.25,6548.5,6548.75,96
2026-03-26 23:45:00,6549.0,6549.0,6547.25,6548.25,147
2026-03-26 23:46:00,6548.25,6550.0,6548.0,6549.25,180
2026-03-26 23:47:00,6549.25,6549.5,6547.5,6547.75,83
2026-03-26 23:48:00,6548.0,6548.5,6547.5,6548.0,87
2026-03-26 23:49:00,6548.0,6549.5,6548.0,6548.5,79
2026-03-26 23:50:00,6548.5,6549.25,6548.25,6549.25,63
2026-03-26 23:51:00,6549.0,6549.5,6548.75,6549.5,37
2026-03-26 23:52:00,6549.5,6551.0,6549.5,6550.75,166
2026-03-26 23:53:00,6550.5,6551.0,6550.0,6550.5,51
2026-03-26 23:54:00,6550.25,6550.75,6550.0,6550.5,90
2026-03-26 23:55:00,6550.25,6550.5,6549.5,6550.5,55
2026-03-26 23:56:00,6550.5,6551.75,6550.5,6550.75,136
2026-03-26 23:57:00,6550.75,6551.25,6550.75,6551.0,92
2026-03-26 23:58:00,6551.0,6552.25,6550.75,6552.0,116
2026-03-26 23:59:00,6552.0,6552.0,6551.25,6551.5,146
2026-03-27 00:00:00,6551.5,6551.5,6549.25,6550.25,139
2026-03-27 00:01:00,6550.25,6550.75,6549.75,6550.5,87
2026-03-27 00:02:00,6550.0,6550.75,6549.75,6550.5,44
2026-03-27 00:03:00,6550.75,6551.0,6550.0,6550.0,90
2026-03-27 00:04:00,6550.0,6550.0,6549.25,6549.5,101
2026-03-27 00:05:00,6549.5,6549.5,6548.75,6549.25,111
2026-03-27 00:06:00,6549.5,6550.0,6549.0,6549.0,58
2026-03-27 00:07:00,6549.25,6549.5,6548.5,6548.75,80
2026-03-27 00:08:00,6548.75,6549.25,6548.5,6548.5,38
2026-03-27 00:09:00,6548.75,6548.75,6548.0,6548.5,73
2026-03-27 00:10:00,6548.75,6549.75,6548.75,6549.75,83
2026-03-27 00:11:00,6549.75,6550.5,6549.5,6549.75,113
2026-03-27 00:12:00,6550.0,6550.25,6549.25,6550.25,55
2026-03-27 00:13:00,6550.25,6550.25,6549.75,6549.75,27
2026-03-27 00:14:00,6549.5,6549.75,6549.25,6549.5,36
2026-03-27 00:15:00,6549.5,6550.0,6549.5,6549.75,31
2026-03-27 00:16:00,6549.75,6550.5,6549.75,6550.0,80
2026-03-27 00:17:00,6550.0,6550.25,6549.75,6550.25,42
2026-03-27 00:18:00,6550.0,6550.75,6550.0,6550.75,45
2026-03-27 00:19:00,6550.5,6551.25,6550.5,6551.25,67
2026-03-27 00:20:00,6551.0,6552.0,6551.0,6552.0,86
2026-03-27 00:21:00,6552.0,6552.5,6551.5,6552.5,94
2026-03-27 00:22:00,6552.5,6553.0,6552.25,6553.0,129
2026-03-27 00:23:00,6553.0,6553.0,6551.0,6551.25,126
2026-03-27 00:24:00,6551.5,6551.75,6550.75,6550.75,234
2026-03-27 00:25:00,6550.75,6551.5,6549.75,6551.25,219
2026-03-27 00:26:00,6551.25,6552.0,6551.25,6551.75,77
2026-03-27 00:27:00,6551.5,6552.25,6551.5,6551.75,215
2026-03-27 00:28:00,6551.75,6552.0,6551.5,6551.5,67
2026-03-27 00:29:00,6551.75,6551.75,6550.5,6551.25,123
2026-03-27 00:30:00,6551.25,6552.25,6551.0,6551.75,94
2026-03-27 00:31:00,6551.5,6551.5,6550.75,6551.5,51
2026-03-27 00:32:00,6551.5,6551.5,6551.0,6551.25,55
2026-03-27 00:33:00,6551.5,6553.0,6551.25,6552.5,90
2026-03-27 00:34:00,6552.5,6553.25,6552.5,6553.0,105
2026-03-27 00:35:00,6552.75,6553.25,6552.5,6552.5,63
2026-03-27 00:36:00,6552.25,6552.75,6552.0,6552.5,79
2026-03-27 00:37:00,6552.5,6553.0,6552.5,6553.0,62
2026-03-27 00:38:00,6553.0,6553.5,6552.75,6552.75,176
2026-03-27 00:39:00,6553.0,6554.0,6553.0,6553.75,149
2026-03-27 00:40:00,6553.5,6554.0,6553.25,6553.5,69
2026-03-27 00:41:00,6553.25,6553.75,6553.25,6553.5,34
2026-03-27 00:42:00,6553.5,6553.5,6552.75,6553.0,56
2026-03-27 00:43:00,6553.0,6553.75,6553.0,6553.5,70
2026-03-27 00:44:00,6553.25,6553.5,6553.0,6553.0,142
2026-03-27 00:45:00,6553.0,6554.0,6553.0,6553.75,47
2026-03-27 00:46:00,6554.0,6555.0,6553.25,6553.75,161
2026-03-27 00:47:00,6553.75,6553.75,6553.25,6553.5,74
2026-03-27 00:48:00,6553.5,6553.75,6553.5,6553.5,45
2026-03-27 00:49:00,6553.25,6554.5,6553.0,6554.0,79
2026-03-27 00:50:00,6554.0,6554.0,6553.25,6554.0,54
2026-03-27 00:51:00,6554.0,6554.25,6553.75,6554.0,37
2026-03-27 00:52:00,6554.25,6554.5,6553.75,6553.75,57
2026-03-27 00:53:00,6553.75,6553.75,6552.75,6552.75,83
2026-03-27 00:54:00,6553.0,6554.0,6552.75,6553.75,82
2026-03-27 00:55:00,6553.75,6555.0,6553.75,6554.75,119
2026-03-27 00:56:00,6555.0,6556.75,6555.0,6555.75,276
2026-03-27 00:57:00,6555.75,6556.25,6555.25,6556.0,110
2026-03-27 00:58:00,6556.0,6556.0,6555.25,6555.5,66
2026-03-27 00:59:00,6555.5,6556.0,6555.25,6555.5,65
2026-03-27 01:00:00,6555.5,6557.0,6555.5,6556.75,124
2026-03-27 01:01:00,6556.75,6557.25,6555.5,6557.0,205
2026-03-27 01:02:00,6556.75,6557.25,6556.0,6557.0,110
2026-03-27 01:03:00,6556.75,6556.75,6556.0,6556.25,98
2026-03-27 01:04:00,6556.0,6557.0,6556.0,6556.5,118
2026-03-27 01:05:00,6556.5,6557.5,6556.5,6557.25,148
2026-03-27 01:06:00,6557.25,6559.25,6557.0,6558.5,412
2026-03-27 01:07:00,6558.5,6559.75,6558.5,6559.5,450
2026-03-27 01:08:00,6559.5,6561.5,6559.25,6561.0,417
2026-03-27 01:09:00,6561.5,6561.75,6560.5,6561.0,377
2026-03-27 01:10:00,6560.75,6563.0,6560.5,6562.75,714
2026-03-27 01:11:00,6562.5,6562.5,6561.5,6562.0,417
2026-03-27 01:12:00,6562.0,6564.75,6561.5,6564.5,937
2026-03-27 01:13:00,6564.25,6566.0,6562.5,6565.25,448
2026-03-27 01:14:00,6565.25,6568.0,6565.25,6567.25,765
2026-03-27 01:15:00,6567.0,6568.5,6567.0,6567.5,880
2026-03-27 01:16:00,6567.25,6568.5,6566.75,6566.75,250
2026-03-27 01:17:00,6566.75,6567.0,6565.0,6565.25,227
2026-03-27 01:18:00,6565.5,6566.25,6564.75,6565.25,230
2026-03-27 01:19:00,6565.25,6566.0,6565.0,6565.25,137
2026-03-27 01:20:00,6565.0,6565.0,6562.75,6563.5,241
2026-03-27 01:21:00,6563.5,6564.25,6562.75,6564.0,131
2026-03-27 01:22:00,6563.75,6564.0,6563.0,6563.5,158
2026-03-27 01:23:00,6563.5,6563.5,6561.75,6562.25,151
2026-03-27 01:24:00,6562.25,6562.25,6560.25,6560.75,188
2026-03-27 01:25:00,6560.5,6561.25,6559.75,6559.75,232
2026-03-27 01:26:00,6559.5,6560.0,6558.75,6559.25,132
2026-03-27 01:27:00,6559.5,6562.0,6559.25,6561.25,181
2026-03-27 01:28:00,6561.25,6562.25,6561.25,6561.75,118
2026-03-27 01:29:00,6562.0,6562.0,6560.75,6561.75,143
2026-03-27 01:30:00,6562.0,6562.75,6561.75,6562.5,144
2026-03-27 01:31:00,6562.5,6563.0,6561.75,6561.75,142
2026-03-27 01:32:00,6561.5,6563.0,6561.5,6562.5,85
2026-03-27 01:33:00,6562.25,6562.25,6559.75,6560.5,170
2026-03-27 01:34:00,6560.5,6561.25,6560.25,6560.5,73
2026-03-27 01:35:00,6560.75,6561.0,6559.5,6560.5,110
2026-03-27 01:36:00,6560.5,6560.75,6559.0,6559.75,103
2026-03-27 01:37:00,6559.75,6562.5,6559.75,6562.5,149
2026-03-27 01:38:00,6562.5,6562.5,6561.5,6562.0,155
2026-03-27 01:39:00,6561.75,6562.0,6561.5,6562.0,148
2026-03-27 01:40:00,6562.0,6563.5,6562.0,6562.25,268
2026-03-27 01:41:00,6562.0,6562.5,6561.75,6562.25,88
2026-03-27 01:42:00,6562.5,6562.5,6561.25,6562.0,147
2026-03-27 01:43:00,6561.75,6563.0,6561.25,6561.5,118
2026-03-27 01:44:00,6561.25,6561.75,6560.75,6561.0,79
2026-03-27 01:45:00,6560.75,6562.5,6560.5,6562.0,64
2026-03-27 01:46:00,6562.0,6562.75,6561.25,6562.5,82
2026-03-27 01:47:00,6562.5,6563.5,6562.25,6563.25,132
2026-03-27 01:48:00,6563.5,6563.75,6562.75,6562.75,112
2026-03-27 01:49:00,6562.75,6562.75,6561.25,6562.0,200
2026-03-27 01:50:00,6562.0,6562.25,6561.5,6561.75,131
2026-03-27 01:51:00,6561.5,6563.0,6561.25,6562.5,105
2026-03-27 01:52:00,6562.5,6562.75,6562.25,6562.25,76
2026-03-27 01:53:00,6562.5,6562.75,6562.25,6562.5,118
2026-03-27 01:54:00,6563.0,6563.0,6561.5,6562.0,102
2026-03-27 01:55:00,6562.25,6563.0,6562.25,6562.5,70
2026-03-27 01:56:00,6562.5,6563.0,6562.25,6562.25,71
2026-03-27 01:57:00,6562.25,6562.25,6560.5,6560.75,182
2026-03-27 01:58:00,6560.5,6560.5,6559.5,6559.75,217
2026-03-27 01:59:00,6559.5,6560.25,6559.25,6559.5,141
2026-03-27 02:00:00,6559.75,6560.25,6558.0,6558.5,379
2026-03-27 02:01:00,6558.5,6558.5,6557.25,6558.0,204
2026-03-27 02:02:00,6557.5,6557.75,6556.25,6556.75,221
2026-03-27 02:03:00,6557.0,6557.5,6557.0,6557.25,106
2026-03-27 02:04:00,6557.25,6558.25,6556.75,6557.0,177
2026-03-27 02:05:00,6557.0,6558.25,6557.0,6558.0,207
2026-03-27 02:06:00,6558.0,6559.5,6557.5,6559.0,170
2026-03-27 02:07:00,6558.75,6560.5,6558.75,6558.75,239
2026-03-27 02:08:00,6558.75,6560.0,6558.75,6559.5,205
2026-03-27 02:09:00,6559.75,6561.0,6559.25,6559.5,219
2026-03-27 02:10:00,6559.75,6562.25,6559.5,6561.75,181
2026-03-27 02:11:00,6561.75,6561.75,6559.5,6559.75,299
2026-03-27 02:12:00,6559.5,6560.25,6557.75,6558.25,225
2026-03-27 02:13:00,6558.5,6559.0,6558.0,6558.75,132
2026-03-27 02:14:00,6559.0,6561.25,6558.75,6561.0,348
2026-03-27 02:15:00,6561.0,6562.5,6561.0,6562.0,346
2026-03-27 02:16:00,6562.25,6564.0,6561.75,6562.75,335
2026-03-27 02:17:00,6563.0,6564.25,6562.5,6563.5,227
2026-03-27 02:18:00,6563.5,6564.5,6563.5,6563.75,220
2026-03-27 02:19:00,6563.5,6564.75,6563.5,6564.0,178
2026-03-27 02:20:00,6564.0,6565.25,6563.5,6565.25,378
2026-03-27 02:21:00,6564.75,6565.5,6564.25,6565.25,233
2026-03-27 02:22:00,6565.0,6565.5,6564.25,6565.0,232
2026-03-27 02:23:00,6565.0,6565.25,6564.0,6565.0,189
2026-03-27 02:24:00,6565.25,6567.0,6565.25,6566.5,299
2026-03-27 02:25:00,6566.75,6566.75,6564.75,6565.0,299
2026-03-27 02:26:00,6565.0,6565.75,6564.0,6565.75,279
2026-03-27 02:27:00,6566.0,6566.25,6564.5,6564.75,371
2026-03-27 02:28:00,6565.0,6566.25,6565.0,6565.5,320
2026-03-27 02:29:00,6565.25,6565.75,6564.0,6564.25,289
2026-03-27 02:30:00,6564.25,6564.75,6562.25,6562.75,493
2026-03-27 02:31:00,6562.5,6564.0,6560.75,6560.75,236
2026-03-27 02:32:00,6560.5,6561.75,6559.25,6559.75,163
2026-03-27 02:33:00,6559.5,6560.0,6558.25,6559.0,325
2026-03-27 02:34:00,6558.75,6559.75,6558.0,6558.25,110
2026-03-27 02:35:00,6558.25,6559.25,6558.0,6558.0,150
2026-03-27 02:36:00,6558.0,6559.0,6557.75,6558.75,91
2026-03-27 02:37:00,6559.0,6560.0,6558.25,6558.5,153
2026-03-27 02:38:00,6558.5,6558.75,6557.0,6557.75,127
2026-03-27 02:39:00,6557.75,6559.0,6557.25,6557.75,114
2026-03-27 02:40:00,6557.75,6559.5,6557.75,6559.0,103
2026-03-27 02:41:00,6559.0,6559.5,6558.25,6558.75,105
2026-03-27 02:42:00,6558.75,6560.25,6558.75,6559.25,147
2026-03-27 02:43:00,6559.25,6560.0,6559.0,6559.5,113
2026-03-27 02:44:00,6559.0,6559.75,6557.75,6558.0,112
2026-03-27 02:45:00,6557.75,6558.5,6557.0,6558.0,81
2026-03-27 02:46:00,6557.75,6558.25,6557.25,6557.5,62
2026-03-27 02:47:00,6557.5,6558.0,6555.0,6555.25,222
2026-03-27 02:48:00,6555.25,6555.75,6553.75,6554.25,313
2026-03-27 02:49:00,6554.25,6555.0,6553.5,6554.5,125
2026-03-27 02:50:00,6554.25,6554.5,6552.5,6553.0,236
2026-03-27 02:51:00,6553.25,6554.0,6553.25,6553.25,68
2026-03-27 02:52:00,6553.25,6553.5,6552.0,6552.0,181
2026-03-27 02:53:00,6552.25,6553.0,6552.25,6553.0,109
2026-03-27 02:54:00,6552.75,6555.25,6552.75,6555.0,132
2026-03-27 02:55:00,6554.75,6555.25,6553.75,6553.75,82
2026-03-27 02:56:00,6554.25,6554.5,6553.75,6554.25,79
2026-03-27 02:57:00,6554.25,6554.5,6553.75,6554.5,89
2026-03-27 02:58:00,6554.25,6554.25,6553.5,6554.25,60
2026-03-27 02:59:00,6554.25,6554.5,6553.5,6554.5,51
2026-03-27 03:00:00,6554.5,6554.75,6552.5,6552.5,299
2026-03-27 03:01:00,6552.5,6554.0,6552.5,6552.75,169
2026-03-27 03:02:00,6552.5,6553.25,6551.5,6552.75,372
2026-03-27 03:03:00,6553.0,6553.0,6551.75,6552.25,121
2026-03-27 03:04:00,6552.5,6553.5,6552.0,6552.5,148
2026-03-27 03:05:00,6552.75,6553.25,6552.0,6552.0,138
2026-03-27 03:06:00,6551.75,6552.0,6549.25,6550.0,243
2026-03-27 03:07:00,6550.0,6550.75,6549.25,6549.25,131
2026-03-27 03:08:00,6549.25,6550.0,6547.25,6548.25,254
2026-03-27 03:09:00,6548.5,6550.25,6548.0,6549.75,148
2026-03-27 03:10:00,6549.75,6551.25,6549.25,6550.5,115
2026-03-27 03:11:00,6550.75,6552.25,6550.75,6552.25,145
2026-03-27 03:12:00,6552.25,6552.25,6551.25,6551.5,96
2026-03-27 03:13:00,6551.75,6551.75,6549.0,6549.25,167
2026-03-27 03:14:00,6549.0,6550.0,6548.0,6549.75,151
2026-03-27 03:15:00,6549.75,6549.75,6547.75,6548.5,73
2026-03-27 03:16:00,6548.75,6549.0,6548.25,6548.75,65
2026-03-27 03:17:00,6548.5,6549.25,6548.25,6548.5,101
2026-03-27 03:18:00,6548.25,6548.75,6548.0,6548.25,62
2026-03-27 03:19:00,6548.0,6548.25,6547.5,6548.25,120
2026-03-27 03:20:00,6548.5,6549.5,6548.5,6549.25,87
2026-03-27 03:21:00,6549.25,6549.5,6547.75,6547.75,96
2026-03-27 03:22:00,6547.75,6548.0,6547.5,6547.75,99
2026-03-27 03:23:00,6547.75,6547.75,6545.5,6546.5,194
2026-03-27 03:24:00,6546.5,6547.0,6545.75,6546.25,171
2026-03-27 03:25:00,6546.25,6547.75,6546.25,6546.5,132
2026-03-27 03:26:00,6546.5,6546.5,6544.25,6545.0,235
2026-03-27 03:27:00,6545.0,6545.25,6543.75,6545.0,260
2026-03-27 03:28:00,6544.5,6544.5,6542.75,6543.25,214
2026-03-27 03:29:00,6543.5,6544.5,6542.5,6543.0,185
2026-03-27 03:30:00,6543.25,6544.75,6542.75,6542.75,292
2026-03-27 03:31:00,6543.0,6543.0,6541.75,6542.0,214
2026-03-27 03:32:00,6542.25,6544.25,6542.25,6543.5,268
2026-03-27 03:33:00,6543.5,6544.75,6542.5,6544.75,139
2026-03-27 03:34:00,6544.5,6544.75,6544.0,6544.0,111
2026-03-27 03:35:00,6544.0,6545.0,6543.0,6544.75,186
2026-03-27 03:36:00,6545.0,6546.25,6545.0,6545.75,127
2026-03-27 03:37:00,6546.0,6547.25,6546.0,6546.5,165
2026-03-27 03:38:00,6546.25,6547.25,6545.5,6547.0,173
2026-03-27 03:39:00,6547.25,6547.25,6544.5,6544.75,181
2026-03-27 03:40:00,6545.0,6546.0,6543.0,6543.75,179
2026-03-27 03:41:00,6543.5,6544.5,6542.25,6542.75,288
2026-03-27 03:42:00,6542.75,6544.0,6542.75,6543.0,177
2026-03-27 03:43:00,6543.0,6546.5,6543.0,6546.25,174
2026-03-27 03:44:00,6546.0,6546.25,6545.25,6545.5,167
2026-03-27 03:45:00,6545.25,6546.0,6544.5,6545.5,235
2026-03-27 03:46:00,6545.75,6547.75,6545.5,6547.5,181
2026-03-27 03:47:00,6547.75,6549.5,6547.5,6549.5,324
2026-03-27 03:48:00,6549.75,6550.0,6547.75,6548.25,240
2026-03-27 03:49:00,6548.25,6549.75,6547.5,6548.75,274
2026-03-27 03:50:00,6548.75,6549.5,6546.0,6546.5,162
2026-03-27 03:51:00,6546.5,6547.25,6546.0,6546.25,172
2026-03-27 03:52:00,6546.0,6546.25,6543.5,6544.5,278
2026-03-27 03:53:00,6544.5,6546.5,6544.5,6545.5,144
2026-03-27 03:54:00,6545.0,6547.25,6545.0,6545.75,125
2026-03-27 03:55:00,6545.75,6546.25,6545.25,6545.5,77
2026-03-27 03:56:00,6545.5,6547.25,6545.5,6547.0,157
2026-03-27 03:57:00,6547.0,6547.5,6546.75,6547.25,79
2026-03-27 03:58:00,6547.25,6547.25,6546.0,6547.0,146
2026-03-27 03:59:00,6546.75,6547.5,6546.0,6546.75,188
2026-03-27 04:00:00,6546.5,6547.25,6543.75,6546.75,652
2026-03-27 04:01:00,6546.5,6551.75,6542.75,6544.0,1560
2026-03-27 04:02:00,6544.25,6546.0,6541.0,6542.25,970
2026-03-27 04:03:00,6542.5,6545.5,6538.0,6544.0,1533
2026-03-27 04:04:00,6544.0,6545.75,6542.25,6542.25,383
2026-03-27 04:05:00,6542.25,6542.75,6537.25,6538.5,496
2026-03-27 04:06:00,6538.5,6542.0,6538.5,6541.25,436
2026-03-27 04:07:00,6541.25,6541.25,6537.5,6537.5,464
2026-03-27 04:08:00,6537.75,6539.5,6535.75,6536.0,627
2026-03-27 04:09:00,6536.25,6537.5,6534.5,6536.75,477
2026-03-27 04:10:00,6537.0,6538.5,6535.5,6535.5,490
2026-03-27 04:11:00,6536.0,6539.25,6535.5,6538.5,330
2026-03-27 04:12:00,6538.25,6539.0,6536.0,6538.5,391
2026-03-27 04:13:00,6538.75,6540.75,6538.5,6539.25,350
2026-03-27 04:14:00,6539.0,6539.5,6537.0,6538.25,351
2026-03-27 04:15:00,6538.25,6540.5,6536.25,6540.25,388
2026-03-27 04:16:00,6540.25,6540.5,6536.5,6538.0,709
2026-03-27 04:17:00,6538.25,6539.0,6532.25,6532.5,617
2026-03-27 04:18:00,6532.5,6535.5,6531.75,6533.0,515
2026-03-27 04:19:00,6532.75,6534.25,6531.25,6532.5,663
2026-03-27 04:20:00,6532.25,6533.0,6530.0,6531.0,597
2026-03-27 04:21:00,6531.25,6537.5,6531.0,6536.25,787
2026-03-27 04:22:00,6536.5,6536.5,6532.5,6534.75,345
2026-03-27 04:23:00,6534.25,6534.5,6533.0,6533.0,228
2026-03-27 04:24:00,6533.0,6533.0,6531.5,6532.0,351
2026-03-27 04:25:00,6531.75,6533.0,6530.0,6531.25,352
2026-03-27 04:26:00,6531.25,6532.5,6530.25,6531.25,346
2026-03-27 04:27:00,6531.25,6531.25,6529.25,6529.75,480
2026-03-27 04:28:00,6529.75,6530.0,6527.5,6528.25,541
2026-03-27 04:29:00,6528.25,6529.5,6527.75,6528.75,347
2026-03-27 04:30:00,6528.75,6533.0,6528.75,6530.75,841
2026-03-27 04:31:00,6530.75,6532.25,6530.0,6530.25,359
2026-03-27 04:32:00,6530.5,6533.75,6530.5,6533.5,360
2026-03-27 04:33:00,6533.5,6534.75,6531.25,6532.75,379
2026-03-27 04:34:00,6532.5,6533.0,6531.0,6531.5,292
2026-03-27 04:35:00,6531.75,6533.0,6527.25,6527.75,541
2026-03-27 04:36:00,6527.75,6529.25,6524.5,6528.5,736
2026-03-27 04:37:00,6528.5,6528.5,6526.25,6526.25,441
2026-03-27 04:38:00,6526.5,6528.5,6526.0,6526.75,402
2026-03-27 04:39:00,6526.5,6527.25,6524.25,6524.5,514
2026-03-27 04:40:00,6524.75,6525.25,6523.25,6524.5,865
2026-03-27 04:41:00,6524.5,6527.25,6524.0,6527.25,726
2026-03-27 04:42:00,6527.25,6528.5,6525.75,6527.25,386
2026-03-27 04:43:00,6527.25,6528.5,6525.75,6526.25,535
2026-03-27 04:44:00,6526.25,6528.0,6524.75,6527.5,529
2026-03-27 04:45:00,6527.25,6529.75,6526.5,6529.0,327
2026-03-27 04:46:00,6529.25,6529.25,6525.75,6526.0,257
2026-03-27 04:47:00,6526.0,6527.75,6525.5,6525.75,208
2026-03-27 04:48:00,6525.75,6527.25,6524.75,6527.25,347
2026-03-27 04:49:00,6527.25,6527.75,6525.5,6526.25,288
2026-03-27 04:50:00,6526.25,6530.0,6526.25,6529.25,265
2026-03-27 04:51:00,6529.25,6529.25,6525.75,6525.75,252
2026-03-27 04:52:00,6526.0,6527.0,6523.75,6524.25,362
2026-03-27 04:53:00,6524.25,6524.25,6522.5,6523.5,471
2026-03-27 04:54:00,6523.75,6525.25,6522.75,6525.0,320
2026-03-27 04:55:00,6525.25,6525.5,6522.25,6522.75,323
2026-03-27 04:56:00,6523.0,6524.25,6522.75,6522.75,222
2026-03-27 04:57:00,6522.75,6525.75,6522.25,6524.75,382
2026-03-27 04:58:00,6524.75,6525.0,6523.5,6524.25,296
2026-03-27 04:59:00,6524.25,6525.5,6523.25,6523.5,515
2026-03-27 05:00:00,6523.5,6524.75,6523.0,6524.0,423
2026-03-27 05:01:00,6523.75,6526.25,6520.75,6520.75,2216
2026-03-27 05:02:00,6520.75,6524.5,6520.25,6523.0,759
2026-03-27 05:03:00,6523.0,6524.5,6522.0,6522.75,345
2026-03-27 05:04:00,6522.75,6523.0,6517.5,6518.0,1010
2026-03-27 05:05:00,6517.75,6519.0,6515.25,6516.75,991
2026-03-27 05:06:00,6516.75,6517.25,6513.0,6513.75,1045
2026-03-27 05:07:00,6513.75,6515.25,6513.0,6514.25,448
2026-03-27 05:08:00,6514.25,6515.5,6512.0,6512.5,738
2026-03-27 05:09:00,6512.75,6513.5,6511.25,6511.75,826
2026-03-27 05:10:00,6511.75,6513.0,6509.75,6510.0,931
2026-03-27 05:11:00,6510.0,6512.5,6508.75,6512.25,683
2026-03-27 05:12:00,6512.25,6517.5,6512.25,6517.0,571
2026-03-27 05:13:00,6516.75,6520.0,6515.75,6518.25,639
2026-03-27 05:14:00,6518.25,6519.75,6515.75,6516.5,384
2026-03-27 05:15:00,6516.75,6520.0,6515.5,6519.25,573
2026-03-27 05:16:00,6519.0,6519.0,6517.0,6518.5,391
2026-03-27 05:17:00,6518.5,6519.5,6517.25,6518.0,262
2026-03-27 05:18:00,6518.0,6520.0,6516.5,6519.75,374
2026-03-27 05:19:00,6520.0,6524.25,6520.0,6522.5,684
2026-03-27 05:20:00,6522.5,6524.0,6521.25,6521.25,460
2026-03-27 05:21:00,6521.75,6524.75,6521.25,6522.0,651
2026-03-27 05:22:00,6521.75,6523.75,6520.0,6521.25,656
2026-03-27 05:23:00,6521.25,6521.75,6518.0,6518.75,752
2026-03-27 05:24:00,6518.75,6521.5,6518.75,6521.0,323
2026-03-27 05:25:00,6521.0,6525.75,6521.0,6525.25,464
2026-03-27 05:26:00,6525.5,6528.75,6523.75,6528.0,649
2026-03-27 05:27:00,6528.0,6529.25,6526.75,6527.25,699
2026-03-27 05:28:00,6527.25,6527.25,6524.75,6525.25,271
2026-03-27 05:29:00,6525.5,6527.75,6525.5,6526.75,252
2026-03-27 05:30:00,6526.75,6527.0,6524.25,6524.5,451
2026-03-27 05:31:00,6524.5,6526.75,6524.0,6526.0,275
2026-03-27 05:32:00,6526.0,6532.0,6526.0,6530.75,542
2026-03-27 05:33:00,6530.5,6530.75,6529.25,6530.25,275
2026-03-27 05:34:00,6530.25,6530.25,6528.25,6528.75,272
2026-03-27 05:35:00,6528.75,6529.5,6526.0,6526.0,248
2026-03-27 05:36:00,6526.0,6527.75,6525.75,6526.0,537
2026-03-27 05:37:00,6526.0,6526.5,6522.75,6525.0,360
2026-03-27 05:38:00,6525.0,6526.75,6525.0,6525.0,413
2026-03-27 05:39:00,6525.25,6526.25,6523.75,6524.75,247
2026-03-27 05:40:00,6525.0,6525.25,6522.5,6523.0,228
2026-03-27 05:41:00,6522.75,6524.5,6522.5,6524.25,296
2026-03-27 05:42:00,6524.25,6525.0,6523.25,6524.25,153
2026-03-27 05:43:00,6524.25,6525.75,6523.25,6525.25,376
2026-03-27 05:44:00,6525.0,6526.5,6524.75,6525.5,143
2026-03-27 05:45:00,6525.5,6525.5,6520.25,6521.25,457
2026-03-27 05:46:00,6521.5,6522.0,6519.25,6521.0,568
2026-03-27 05:47:00,6521.5,6521.5,6519.75,6519.75,424
2026-03-27 05:48:00,6520.25,6520.25,6516.75,6518.25,318
2026-03-27 05:49:00,6518.25,6519.0,6515.75,6517.25,354
2026-03-27 05:50:00,6517.5,6520.75,6517.0,6519.0,432
2026-03-27 05:51:00,6519.25,6519.25,6517.25,6518.5,187
2026-03-27 05:52:00,6518.25,6518.75,6517.25,6517.25,183
2026-03-27 05:53:00,6517.5,6518.5,6516.5,6517.0,252
2026-03-27 05:54:00,6517.0,6518.25,6516.75,6517.5,199
2026-03-27 05:55:00,6517.5,6518.25,6516.0,6516.5,603
2026-03-27 05:56:00,6516.25,6518.75,6516.25,6518.5,164
2026-03-27 05:57:00,6518.25,6518.75,6517.75,6517.75,267
2026-03-27 05:58:00,6517.5,6518.75,6516.75,6517.25,275
2026-03-27 05:59:00,6517.25,6517.25,6513.5,6515.25,576
2026-03-27 06:00:00,6515.5,6515.75,6511.75,6513.75,736
2026-03-27 06:01:00,6513.75,6514.5,6512.5,6514.25,383
2026-03-27 06:02:00,6514.25,6517.5,6511.75,6517.25,572
2026-03-27 06:03:00,6517.5,6517.5,6514.75,6517.25,561
2026-03-27 06:04:00,6516.5,6516.75,6514.5,6514.75,173
2026-03-27 06:05:00,6514.75,6517.25,6514.5,6517.25,195
2026-03-27 06:06:00,6517.25,6519.25,6516.5,6518.0,370
2026-03-27 06:07:00,6518.25,6521.25,6518.25,6520.75,315
2026-03-27 06:08:00,6520.75,6522.5,6519.75,6520.25,463
2026-03-27 06:09:00,6520.25,6521.0,6517.5,6519.25,364
2026-03-27 06:10:00,6518.75,6518.75,6516.25,6517.5,200
2026-03-27 06:11:00,6518.25,6518.25,6514.25,6516.25,441
2026-03-27 06:12:00,6517.0,6517.25,6515.25,6516.25,210
2026-03-27 06:13:00,6516.25,6517.25,6513.5,6513.75,357
2026-03-27 06:14:00,6514.0,6515.25,6513.75,6514.5,307
2026-03-27 06:15:00,6514.5,6515.0,6514.0,6514.75,154
2026-03-27 06:16:00,6514.5,6515.5,6514.0,6515.25,123
2026-03-27 06:17:00,6515.5,6518.5,6515.5,6517.5,249
2026-03-27 06:18:00,6517.5,6517.5,6515.75,6516.25,141
2026-03-27 06:19:00,6516.25,6516.75,6515.25,6515.75,159
2026-03-27 06:20:00,6516.0,6516.25,6513.75,6514.75,164
2026-03-27 06:21:00,6514.5,6515.25,6513.5,6514.25,162
2026-03-27 06:22:00,6514.25,6514.25,6512.75,6514.0,201
2026-03-27 06:23:00,6513.75,6515.25,6513.5,6514.25,302
2026-03-27 06:24:00,6514.25,6517.25,6514.25,6515.5,409
2026-03-27 06:25:00,6515.5,6516.5,6514.75,6515.0,176
2026-03-27 06:26:00,6515.0,6519.0,6513.25,6518.5,437
2026-03-27 06:27:00,6518.5,6518.5,6515.5,6516.0,308
2026-03-27 06:28:00,6516.0,6516.25,6513.75,6514.75,320
2026-03-27 06:29:00,6514.75,6515.5,6514.0,6514.25,247
2026-03-27 06:30:00,6514.25,6516.25,6513.5,6515.75,362
2026-03-27 06:31:00,6515.75,6516.75,6514.5,6515.0,324
2026-03-27 06:32:00,6515.25,6515.5,6511.75,6512.25,250
2026-03-27 06:33:00,6512.0,6513.0,6510.0,6510.75,343
2026-03-27 06:34:00,6511.0,6513.75,6511.0,6512.75,358
2026-03-27 06:35:00,6512.5,6512.75,6507.25,6509.75,824
2026-03-27 06:36:00,6509.5,6511.0,6509.0,6509.5,278
2026-03-27 06:37:00,6509.5,6510.0,6507.25,6508.5,297
2026-03-27 06:38:00,6508.5,6508.5,6505.25,6506.75,529
2026-03-27 06:39:00,6506.5,6508.25,6504.5,6505.0,757
2026-03-27 06:40:00,6505.5,6506.25,6504.0,6504.75,472
2026-03-27 06:41:00,6505.0,6505.5,6503.25,6504.0,432
2026-03-27 06:42:00,6503.5,6507.75,6501.75,6507.0,1607
2026-03-27 06:43:00,6507.0,6507.0,6505.0,6506.0,422
2026-03-27 06:44:00,6506.0,6506.75,6505.25,6505.5,263
2026-03-27 06:45:00,6505.5,6505.5,6502.25,6503.25,2398
2026-03-27 06:46:00,6503.25,6506.0,6502.75,6505.0,263
2026-03-27 06:47:00,6505.25,6506.0,6504.0,6504.5,259
2026-03-27 06:48:00,6504.5,6504.75,6501.25,6502.25,555
2026-03-27 06:49:00,6502.5,6503.5,6502.25,6502.5,246
2026-03-27 06:50:00,6502.5,6503.0,6501.0,6501.5,240
2026-03-27 06:51:00,6501.75,6502.75,6500.0,6502.25,1148
2026-03-27 06:52:00,6502.25,6503.25,6501.75,6502.25,777
2026-03-27 06:53:00,6502.0,6503.75,6501.5,6502.5,325
2026-03-27 06:54:00,6502.75,6503.25,6502.0,6502.75,380
2026-03-27 06:55:00,6502.5,6502.5,6497.5,6498.25,1409
2026-03-27 06:56:00,6498.25,6499.0,6497.25,6499.0,631
2026-03-27 06:57:00,6499.0,6499.25,6495.25,6496.5,910
2026-03-27 06:58:00,6496.5,6496.5,6494.5,6496.0,548
2026-03-27 06:59:00,6496.25,6498.0,6496.25,6497.75,426
2026-03-27 07:00:00,6498.0,6499.75,6492.75,6493.75,1160
2026-03-27 07:01:00,6493.75,6494.0,6490.75,6491.75,1104
2026-03-27 07:02:00,6492.0,6495.5,6491.5,6494.25,1095
2026-03-27 07:03:00,6494.25,6496.5,6493.0,6493.75,634
2026-03-27 07:04:00,6494.0,6495.0,6492.5,6493.0,647
2026-03-27 07:05:00,6493.25,6495.0,6491.0,6491.75,696
2026-03-27 07:06:00,6491.75,6492.5,6490.75,6492.25,438
2026-03-27 07:07:00,6492.25,6492.5,6490.75,6490.75,383
2026-03-27 07:08:00,6490.5,6493.0,6489.25,6492.5,801
2026-03-27 07:09:00,6492.5,6494.75,6492.5,6493.75,330
2026-03-27 07:10:00,6493.75,6496.0,6493.25,6495.75,634
2026-03-27 07:11:00,6495.5,6495.75,6492.75,6493.5,386
2026-03-27 07:12:00,6493.5,6494.25,6491.75,6492.75,515
2026-03-27 07:13:00,6493.0,6495.75,6492.75,6494.0,499
2026-03-27 07:14:00,6494.25,6494.75,6492.25,6493.25,343
2026-03-27 07:15:00,6493.25,6496.5,6492.75,6495.5,892
2026-03-27 07:16:00,6495.5,6496.5,6494.5,6495.75,515
2026-03-27 07:17:00,6495.75,6496.75,6494.25,6494.5,471
2026-03-27 07:18:00,6494.25,6496.0,6492.25,6496.0,1022
2026-03-27 07:19:00,6495.75,6496.0,6493.5,6495.25,423
2026-03-27 07:20:00,6495.25,6497.5,6494.75,6495.5,469
2026-03-27 07:21:00,6495.75,6497.25,6495.25,6496.25,287
2026-03-27 07:22:00,6496.25,6497.0,6494.25,6496.75,443
2026-03-27 07:23:00,6496.75,6496.75,6495.5,6496.25,254
2026-03-27 07:24:00,6496.25,6498.0,6495.25,6496.5,469
2026-03-27 07:25:00,6496.5,6496.75,6494.5,6496.25,276
2026-03-27 07:26:00,6496.25,6499.0,6496.0,6497.5,368
2026-03-27 07:27:00,6497.25,6499.75,6497.25,6498.5,315
2026-03-27 07:28:00,6498.75,6498.75,6497.25,6498.5,387
2026-03-27 07:29:00,6498.75,6499.75,6498.5,6499.5,289
2026-03-27 07:30:00,6499.5,6501.5,6499.0,6500.25,702
2026-03-27 07:31:00,6500.25,6500.75,6497.25,6497.5,340
2026-03-27 07:32:00,6497.5,6499.5,6497.0,6497.75,426
2026-03-27 07:33:00,6498.0,6499.0,6497.5,6497.75,354
2026-03-27 07:34:00,6498.0,6498.75,6496.75,6498.5,236
2026-03-27 07:35:00,6498.75,6499.0,6495.75,6496.0,323
2026-03-27 07:36:00,6496.0,6498.5,6495.25,6498.25,379
2026-03-27 07:37:00,6498.25,6499.0,6498.0,6498.75,284
2026-03-27 07:38:00,6498.25,6499.0,6496.75,6497.75,949
2026-03-27 07:39:00,6497.75,6500.0,6497.25,6497.25,557
2026-03-27 07:40:00,6497.0,6499.0,6496.75,6498.25,305
2026-03-27 07:41:00,6498.5,6499.75,6497.5,6498.75,221
2026-03-27 07:42:00,6499.0,6499.75,6497.75,6498.75,575
2026-03-27 07:43:00,6498.75,6501.0,6497.75,6500.5,393
2026-03-27 07:44:00,6500.25,6501.75,6499.5,6500.75,295
2026-03-27 07:45:00,6500.75,6501.75,6499.75,6500.75,360
2026-03-27 07:46:00,6501.0,6504.25,6501.0,6503.0,746
2026-03-27 07:47:00,6503.0,6504.75,6502.5,6504.5,535
2026-03-27 07:48:00,6504.25,6506.75,6504.0,6506.25,656
2026-03-27 07:49:00,6506.5,6506.75,6504.75,6506.5,584
2026-03-27 07:50:00,6506.25,6507.5,6505.5,6506.0,497
2026-03-27 07:51:00,6506.0,6506.75,6503.75,6504.0,708
2026-03-27 07:52:00,6504.0,6504.75,6503.25,6503.75,492
2026-03-27 07:53:00,6503.75,6503.75,6501.0,6503.0,606
2026-03-27 07:54:00,6502.75,6507.5,6502.25,6507.0,708
2026-03-27 07:55:00,6507.0,6508.5,6506.75,6508.0,635
2026-03-27 07:56:00,6507.75,6507.75,6504.0,6504.0,474
2026-03-27 07:57:00,6504.25,6505.75,6503.25,6503.75,443
2026-03-27 07:58:00,6503.5,6504.0,6501.25,6502.25,502
2026-03-27 07:59:00,6502.0,6502.25,6500.5,6502.0,644
2026-03-27 08:00:00,6501.75,6503.5,6500.75,6501.25,685
2026-03-27 08:01:00,6501.25,6501.5,6499.0,6501.0,640
2026-03-27 08:02:00,6501.0,6502.25,6498.75,6499.75,1060
2026-03-27 08:03:00,6499.75,6500.0,6496.75,6498.75,1037
2026-03-27 08:04:00,6498.75,6498.75,6495.5,6496.75,1124
2026-03-27 08:05:00,6496.75,6496.75,6493.5,6494.25,724
2026-03-27 08:06:00,6494.5,6494.75,6492.25,6493.0,958
2026-03-27 08:07:00,6493.25,6495.5,6492.5,6494.5,802
2026-03-27 08:08:00,6494.5,6494.5,6491.5,6492.25,560
2026-03-27 08:09:00,6492.25,6493.0,6491.25,6492.5,385
2026-03-27 08:10:00,6492.75,6493.0,6490.5,6491.25,369
2026-03-27 08:11:00,6491.25,6495.0,6491.25,6494.75,621
2026-03-27 08:12:00,6494.5,6496.25,6493.75,6495.75,401
2026-03-27 08:13:00,6495.75,6496.5,6494.75,6496.0,278
2026-03-27 08:14:00,6495.75,6496.25,6494.0,6494.75,281
2026-03-27 08:15:00,6494.75,6496.5,6494.0,6496.0,290
2026-03-27 08:16:00,6496.0,6498.25,6494.75,6497.5,428
2026-03-27 08:17:00,6497.5,6499.25,6496.0,6498.75,393
2026-03-27 08:18:00,6499.25,6501.0,6499.25,6499.75,576
2026-03-27 08:19:00,6499.5,6500.5,6498.25,6498.25,326
2026-03-27 08:20:00,6498.0,6498.0,6493.75,6494.5,541
2026-03-27 08:21:00,6494.5,6495.75,6494.0,6494.25,519
2026-03-27 08:22:00,6494.25,6496.5,6494.25,6495.75,358
2026-03-27 08:23:00,6495.75,6497.5,6495.75,6496.5,371
2026-03-27 08:24:00,6496.5,6498.25,6496.0,6498.25,327
2026-03-27 08:25:00,6498.25,6500.25,6497.75,6498.75,478
2026-03-27 08:26:00,6498.5,6498.5,6496.25,6496.25,276
2026-03-27 08:27:00,6496.25,6498.0,6496.25,6497.75,313
2026-03-27 08:28:00,6497.75,6498.5,6496.5,6497.5,360
2026-03-27 08:29:00,6497.5,6498.75,6496.5,6498.5,354
2026-03-27 08:30:00,6498.5,6500.0,6498.0,6498.25,758
2026-03-27 08:31:00,6498.0,6498.5,6496.25,6497.75,446
2026-03-27 08:32:00,6497.75,6498.5,6496.75,6497.75,248
2026-03-27 08:33:00,6497.75,6497.75,6496.5,6496.5,220
2026-03-27 08:34:00,6496.75,6497.75,6492.75,6494.25,2161
2026-03-27 08:35:00,6494.25,6495.25,6491.0,6492.5,825
2026-03-27 08:36:00,6492.5,6493.75,6491.5,6492.5,597
2026-03-27 08:37:00,6492.5,6493.5,6491.75,6493.0,459
2026-03-27 08:38:00,6493.25,6493.25,6491.5,6492.5,371
2026-03-27 08:39:00,6492.75,6496.0,6492.75,6495.5,490
2026-03-27 08:40:00,6495.5,6496.5,6495.0,6495.5,494
2026-03-27 08:41:00,6495.5,6498.0,6494.75,6496.25,640
2026-03-27 08:42:00,6496.25,6496.75,6494.25,6494.75,844
2026-03-27 08:43:00,6495.0,6495.0,6493.5,6493.5,501
2026-03-27 08:44:00,6493.75,6495.25,6491.5,6495.0,605
2026-03-27 08:45:00,6495.25,6496.5,6493.75,6494.5,800
2026-03-27 08:46:00,6494.75,6496.5,6494.0,6494.0,772
2026-03-27 08:47:00,6494.0,6494.25,6491.25,6493.5,812
2026-03-27 08:48:00,6493.25,6493.5,6488.0,6489.75,1392
2026-03-27 08:49:00,6489.75,6490.5,6486.75,6488.75,1569
2026-03-27 08:50:00,6489.0,6489.0,6487.25,6488.0,654
2026-03-27 08:51:00,6488.0,6493.0,6488.0,6493.0,587
2026-03-27 08:52:00,6492.75,6493.0,6491.0,6492.25,357
2026-03-27 08:53:00,6492.5,6495.5,6492.25,6493.0,918
2026-03-27 08:54:00,6493.0,6494.25,6492.25,6493.0,555
2026-03-27 08:55:00,6493.25,6493.5,6492.25,6492.75,421
2026-03-27 08:56:00,6492.75,6493.0,6488.5,6488.75,1050
2026-03-27 08:57:00,6489.0,6490.0,6488.5,6489.5,473
2026-03-27 08:58:00,6489.5,6492.25,6489.25,6491.25,773
2026-03-27 08:59:00,6491.0,6492.0,6490.25,6490.5,477
2026-03-27 09:00:00,6490.75,6492.5,6486.75,6487.75,2022
2026-03-27 09:01:00,6487.75,6489.75,6487.5,6487.75,1064
2026-03-27 09:02:00,6487.75,6488.75,6485.25,6486.0,1110
2026-03-27 09:03:00,6486.25,6486.75,6482.75,6485.75,2068
2026-03-27 09:04:00,6485.5,6488.25,6485.25,6487.75,1310
2026-03-27 09:05:00,6487.5,6487.75,6484.75,6485.25,733
2026-03-27 09:06:00,6485.25,6486.25,6483.0,6485.25,1071
2026-03-27 09:07:00,6485.5,6487.0,6483.5,6484.75,1233
2026-03-27 09:08:00,6485.0,6486.25,6484.75,6485.75,680
2026-03-27 09:09:00,6485.75,6485.75,6481.5,6483.75,1489
2026-03-27 09:10:00,6484.0,6484.75,6480.25,6481.25,1996
2026-03-27 09:11:00,6481.25,6483.0,6479.5,6482.25,1995
2026-03-27 09:12:00,6482.0,6484.25,6480.25,6482.0,1300
2026-03-27 09:13:00,6482.25,6484.25,6480.75,6483.5,848
2026-03-27 09:14:00,6483.75,6484.0,6481.75,6482.75,652
2026-03-27 09:15:00,6482.75,6486.0,6482.0,6485.0,1229
2026-03-27 09:16:00,6485.25,6487.75,6485.25,6485.5,1302
2026-03-27 09:17:00,6485.75,6487.25,6484.25,6486.0,1399
2026-03-27 09:18:00,6486.0,6487.25,6484.5,6487.0,865
2026-03-27 09:19:00,6487.0,6488.25,6485.75,6486.75,880
2026-03-27 09:20:00,6486.75,6491.0,6486.75,6491.0,1121
2026-03-27 09:21:00,6491.0,6492.0,6489.75,6490.75,1368
2026-03-27 09:22:00,6490.75,6491.0,6488.25,6489.0,836
2026-03-27 09:23:00,6489.0,6489.5,6487.0,6488.5,993
2026-03-27 09:24:00,6488.5,6493.0,6488.25,6492.0,1176
2026-03-27 09:25:00,6492.0,6496.75,6491.25,6493.75,2313
2026-03-27 09:26:00,6493.5,6495.0,6492.75,6494.5,1047
2026-03-27 09:27:00,6494.75,6494.75,6491.25,6493.75,1257
2026-03-27 09:28:00,6494.0,6495.25,6492.5,6494.5,1417
2026-03-27 09:29:00,6494.75,6496.0,6493.5,6494.5,2276
2026-03-27 09:30:00,6494.75,6495.75,6487.75,6488.0,12835
2026-03-27 09:31:00,6488.0,6488.5,6480.0,6480.0,11349
2026-03-27 09:32:00,6480.25,6480.5,6474.0,6480.25,7706
2026-03-27 09:33:00,6480.25,6481.0,6476.75,6477.0,6027
2026-03-27 09:34:00,6477.0,6477.75,6472.0,6473.5,5928
2026-03-27 09:35:00,6473.5,6474.5,6467.5,6468.75,8697
2026-03-27 09:36:00,6468.75,6472.25,6466.25,6467.0,7438
2026-03-27 09:37:00,6466.75,6477.0,6466.75,6475.25,6579
2026-03-27 09:38:00,6475.0,6479.0,6473.75,6477.75,5533
2026-03-27 09:39:00,6477.75,6481.75,6476.5,6478.5,4830
2026-03-27 09:40:00,6478.5,6482.25,6475.75,6479.5,5171
2026-03-27 09:41:00,6479.75,6484.0,6474.75,6477.5,4986
2026-03-27 09:42:00,6477.5,6478.0,6474.75,6476.5,3673
2026-03-27 09:43:00,6476.75,6481.0,6474.0,6479.25,4384
2026-03-27 09:44:00,6479.25,6483.25,6479.0,6479.25,3605
2026-03-27 09:45:00,6479.5,6487.75,6478.75,6486.75,5977
2026-03-27 09:46:00,6486.75,6491.25,6486.0,6490.25,5714
2026-03-27 09:47:00,6490.0,6492.0,6488.5,6490.25,4237
2026-03-27 09:48:00,6490.0,6493.5,6488.0,6492.0,5425
2026-03-27 09:49:00,6492.0,6493.5,6486.25,6487.5,4166
2026-03-27 09:50:00,6487.5,6489.25,6478.0,6478.75,5832
2026-03-27 09:51:00,6478.75,6481.25,6474.0,6474.0,4776
2026-03-27 09:52:00,6474.0,6476.5,6471.5,6472.75,3832
2026-03-27 09:53:00,6473.0,6474.75,6468.75,6470.5,3662
2026-03-27 09:54:00,6470.5,6471.0,6467.75,6468.5,3535
2026-03-27 09:55:00,6468.75,6468.75,6462.75,6464.5,6653
2026-03-27 09:56:00,6464.5,6464.75,6457.0,6459.25,6690
2026-03-27 09:57:00,6459.0,6461.25,6457.5,6458.75,4581
2026-03-27 09:58:00,6458.75,6460.25,6454.0,6455.25,4653
2026-03-27 09:59:00,6455.25,6462.25,6455.0,6458.5,4244
2026-03-27 10:00:00,6458.5,6465.5,6454.75,6464.25,7188
2026-03-27 10:01:00,6464.0,6466.0,6455.75,6457.25,5786
2026-03-27 10:02:00,6457.5,6465.0,6456.5,6464.75,5732
2026-03-27 10:03:00,6465.0,6466.5,6459.75,6460.75,6340
2026-03-27 10:04:00,6461.0,6464.25,6460.75,6463.25,3802
2026-03-27 10:05:00,6463.5,6465.75,6460.0,6464.75,5199
2026-03-27 10:06:00,6464.75,6465.25,6460.25,6461.25,3284
2026-03-27 10:07:00,6461.25,6464.75,6458.25,6463.0,4551
2026-03-27 10:08:00,6463.0,6464.0,6456.25,6456.75,5037
2026-03-27 10:09:00,6456.75,6459.75,6455.25,6456.75,4130
2026-03-27 10:10:00,6457.0,6463.25,6456.5,6459.75,4615
2026-03-27 10:11:00,6459.75,6464.75,6459.25,6463.5,3859
2026-03-27 10:12:00,6463.5,6468.5,6463.5,6466.75,6051
2026-03-27 10:13:00,6466.75,6467.75,6460.5,6460.5,4207
2026-03-27 10:14:00,6460.5,6467.75,6460.0,6465.75,4599
2026-03-27 10:15:00,6465.75,6470.25,6464.0,6469.25,4548
2026-03-27 10:16:00,6469.25,6474.5,6468.0,6473.25,5993
2026-03-27 10:17:00,6473.25,6475.75,6471.25,6475.75,5786
2026-03-27 10:18:00,6475.75,6476.25,6470.25,6472.75,4455
2026-03-27 10:19:00,6472.75,6475.5,6472.25,6474.0,3286
2026-03-27 10:20:00,6474.0,6477.0,6474.0,6476.0,4585
2026-03-27 10:21:00,6476.25,6476.5,6470.5,6472.5,3922
2026-03-27 10:22:00,6472.75,6473.25,6463.5,6465.0,6098
2026-03-27 10:23:00,6465.25,6468.5,6463.5,6463.5,4077
2026-03-27 10:24:00,6463.75,6467.25,6462.75,6466.5,4376
2026-03-27 10:25:00,6466.5,6472.25,6466.0,6468.0,5024
2026-03-27 10:26:00,6468.25,6468.75,6462.5,6463.75,3939
2026-03-27 10:27:00,6464.0,6465.25,6461.25,6461.75,2717
2026-03-27 10:28:00,6462.0,6464.0,6460.25,6461.0,2862
2026-03-27 10:29:00,6461.25,6462.0,6459.25,6459.5,3177
2026-03-27 10:30:00,6459.5,6462.75,6458.75,6460.5,4167
2026-03-27 10:31:00,6460.25,6465.25,6459.5,6464.75,3890
2026-03-27 10:32:00,6464.5,6464.5,6459.25,6461.25,2921
2026-03-27 10:33:00,6461.25,6465.0,6460.25,6462.75,2452
2026-03-27 10:34:00,6462.75,6465.75,6461.5,6464.75,2603
2026-03-27 10:35:00,6464.75,6466.0,6460.25,6462.75,2408
2026-03-27 10:36:00,6463.0,6464.75,6460.5,6462.5,1959
2026-03-27 10:37:00,6462.75,6464.0,6461.5,6462.25,1467
2026-03-27 10:38:00,6462.5,6462.75,6455.5,6458.0,4207
2026-03-27 10:39:00,6458.0,6459.75,6456.5,6457.0,2823
2026-03-27 10:40:00,6457.0,6461.25,6456.0,6459.5,2802
2026-03-27 10:41:00,6459.25,6459.75,6456.0,6457.5,2468
2026-03-27 10:42:00,6457.25,6460.75,6456.5,6459.25,2090
2026-03-27 10:43:00,6459.25,6459.5,6455.75,6456.75,2429
2026-03-27 10:44:00,6457.0,6459.25,6456.25,6459.25,2220
2026-03-27 10:45:00,6459.5,6462.0,6456.0,6456.5,3443
2026-03-27 10:46:00,6456.75,6457.75,6451.75,6456.5,4928
2026-03-27 10:47:00,6456.5,6464.0,6456.0,6463.5,4726
2026-03-27 10:48:00,6463.25,6465.75,6462.0,6465.25,4356
2026-03-27 10:49:00,6465.0,6471.0,6464.25,6470.75,4499
2026-03-27 10:50:00,6470.75,6473.75,6467.75,6473.5,4937
2026-03-27 10:51:00,6473.5,6474.25,6468.5,6468.5,3667
2026-03-27 10:52:00,6468.5,6473.5,6468.0,6472.0,3140
2026-03-27 10:53:00,6471.75,6472.5,6466.75,6467.5,2739
2026-03-27 10:54:00,6467.5,6469.25,6463.0,6464.0,4106
2026-03-27 10:55:00,6464.25,6468.25,6463.75,6468.0,2756
2026-03-27 10:56:00,6467.75,6470.5,6467.0,6469.25,2344
2026-03-27 10:57:00,6469.25,6470.0,6467.0,6470.0,1986
2026-03-27 10:58:00,6470.0,6472.75,6468.75,6469.75,2731
2026-03-27 10:59:00,6469.75,6472.0,6469.75,6470.5,2164
2026-03-27 11:00:00,6470.5,6474.5,6468.0,6470.5,5003
2026-03-27 11:01:00,6470.5,6471.25,6468.5,6469.75,3091
2026-03-27 11:02:00,6469.75,6473.75,6469.25,6472.0,2667
2026-03-27 11:03:00,6472.25,6475.75,6470.25,6475.5,2753
2026-03-27 11:04:00,6475.5,6477.5,6474.5,6475.75,3451
2026-03-27 11:05:00,6476.0,6477.5,6473.75,6477.0,2976
2026-03-27 11:06:00,6476.75,6481.25,6472.25,6472.75,6217
2026-03-27 11:07:00,6472.75,6474.25,6470.25,6470.5,3285
2026-03-27 11:08:00,6470.25,6474.0,6469.0,6473.25,2951
2026-03-27 11:09:00,6473.0,6473.25,6468.5,6470.0,2587
2026-03-27 11:10:00,6470.25,6471.5,6468.0,6469.25,2584
2026-03-27 11:11:00,6469.25,6471.75,6465.75,6467.0,2635
2026-03-27 11:12:00,6466.75,6467.25,6464.5,6466.25,2647
2026-03-27 11:13:00,6466.25,6467.25,6464.5,6466.75,2053
2026-03-27 11:14:00,6466.75,6470.75,6465.25,6466.25,3230
2026-03-27 11:15:00,6466.0,6467.25,6463.0,6465.25,2730
2026-03-27 11:16:00,6465.0,6466.5,6462.75,6464.75,4098
2026-03-27 11:17:00,6464.5,6466.25,6459.0,6459.75,6653
2026-03-27 11:18:00,6459.5,6463.25,6459.5,6462.0,4298
2026-03-27 11:19:00,6461.75,6462.75,6460.25,6461.25,2346
2026-03-27 11:20:00,6461.5,6462.5,6458.0,6459.0,3079
2026-03-27 11:21:00,6459.0,6461.5,6457.75,6461.25,2430
2026-03-27 11:22:00,6461.5,6465.25,6460.75,6463.0,2772
2026-03-27 11:23:00,6462.75,6483.75,6462.75,6481.0,14768
2026-03-27 11:24:00,6481.0,6481.25,6469.25,6471.0,8204
2026-03-27 11:25:00,6470.75,6473.0,6468.75,6471.25,3646
2026-03-27 11:26:00,6471.25,6475.5,6471.0,6474.75,3324
2026-03-27 11:27:00,6474.75,6477.75,6471.75,6477.0,3212
2026-03-27 11:28:00,6477.25,6478.75,6475.0,6477.75,3557
2026-03-27 11:29:00,6477.75,6478.25,6473.75,6478.25,4018
2026-03-27 11:30:00,6478.25,6482.75,6475.5,6482.0,3930
2026-03-27 11:31:00,6481.75,6487.0,6479.75,6484.75,5184
2026-03-27 11:32:00,6484.5,6488.0,6482.25,6485.75,3869
2026-03-27 11:33:00,6485.75,6488.5,6484.75,6487.0,5410
2026-03-27 11:34:00,6487.25,6488.25,6484.75,6486.5,3295
2026-03-27 11:35:00,6486.5,6488.0,6484.75,6486.25,3237
2026-03-27 11:36:00,6486.25,6487.0,6482.75,6486.75,3472
2026-03-27 11:37:00,6486.75,6490.25,6483.25,6486.0,5179
2026-03-27 11:38:00,6486.0,6486.25,6480.75,6482.0,3682
2026-03-27 11:39:00,6481.75,6482.75,6478.5,6480.0,2918
2026-03-27 11:40:00,6480.0,6480.25,6473.5,6475.5,4376
2026-03-27 11:41:00,6475.5,6476.5,6470.0,6472.75,3784
2026-03-27 11:42:00,6472.5,6475.25,6470.75,6474.25,2460
2026-03-27 11:43:00,6474.25,6477.0,6473.75,6475.75,2226
2026-03-27 11:44:00,6475.75,6477.5,6475.0,6475.5,1880
2026-03-27 11:45:00,6475.5,6478.75,6475.0,6477.25,2071
2026-03-27 11:46:00,6477.25,6477.75,6474.25,6477.75,1820
2026-03-27 11:47:00,6477.5,6480.0,6476.25,6477.25,1925
2026-03-27 11:48:00,6477.25,6479.5,6477.0,6479.0,1410
2026-03-27 11:49:00,6478.75,6480.5,6478.25,6479.5,1634
2026-03-27 11:50:00,6479.5,6482.75,6478.25,6481.25,2526
2026-03-27 11:51:00,6481.0,6483.0,6479.5,6480.75,1892
2026-03-27 11:52:00,6480.5,6481.75,6476.5,6476.75,2494
2026-03-27 11:53:00,6476.75,6478.25,6476.0,6476.75,2235
2026-03-27 11:54:00,6476.5,6478.25,6475.5,6477.25,1815
2026-03-27 11:55:00,6477.25,6478.5,6475.5,6476.25,1683
2026-03-27 11:56:00,6476.0,6477.5,6473.0,6473.75,2959
2026-03-27 11:57:00,6473.5,6474.75,6471.75,6473.5,2695
2026-03-27 11:58:00,6473.25,6475.25,6471.5,6471.75,2497
2026-03-27 11:59:00,6471.75,6472.25,6469.5,6471.25,3344
2026-03-27 12:00:00,6471.5,6473.0,6468.0,6469.0,3724
2026-03-27 12:01:00,6468.75,6469.0,6466.25,6467.75,2877
2026-03-27 12:02:00,6467.5,6470.75,6467.25,6470.5,2856
2026-03-27 12:03:00,6470.25,6472.25,6468.75,6469.25,2033
2026-03-27 12:04:00,6469.25,6470.0,6467.75,6468.5,1897
2026-03-27 12:05:00,6468.25,6469.0,6467.25,6467.25,1602
2026-03-27 12:06:00,6467.0,6467.75,6465.5,6467.25,2143
2026-03-27 12:07:00,6467.0,6468.0,6463.25,6463.75,4256
2026-03-27 12:08:00,6463.75,6464.0,6460.5,6461.25,3520
2026-03-27 12:09:00,6461.25,6463.5,6460.0,6460.25,2549
2026-03-27 12:10:00,6460.25,6460.75,6458.75,6459.5,2733
2026-03-27 12:11:00,6459.5,6459.75,6457.0,6458.75,2698
2026-03-27 12:12:00,6458.5,6462.25,6458.5,6460.5,3026
2026-03-27 12:13:00,6460.25,6463.75,6460.25,6462.0,2639
2026-03-27 12:14:00,6461.75,6463.75,6461.25,6463.5,1560
2026-03-27 12:15:00,6463.5,6464.25,6460.25,6460.75,2403
2026-03-27 12:16:00,6460.75,6462.0,6458.5,6460.0,2298
2026-03-27 12:17:00,6459.75,6460.75,6458.5,6460.5,1702
2026-03-27 12:18:00,6460.5,6461.75,6459.75,6460.5,1519
2026-03-27 12:19:00,6460.25,6460.75,6459.75,6460.25,1367
2026-03-27 12:20:00,6460.0,6463.0,6459.0,6462.75,2229
2026-03-27 12:21:00,6462.5,6464.25,6461.0,6461.5,1895
2026-03-27 12:22:00,6461.25,6462.0,6460.25,6460.75,1698
2026-03-27 12:23:00,6460.75,6463.25,6460.75,6462.5,2429
2026-03-27 12:24:00,6462.25,6462.5,6458.25,6458.75,2248
2026-03-27 12:25:00,6458.75,6459.25,6455.75,6457.5,2842
2026-03-27 12:26:00,6457.25,6458.25,6454.0,6455.75,3740
2026-03-27 12:27:00,6455.75,6457.75,6455.25,6457.75,2687
2026-03-27 12:28:00,6457.75,6458.5,6455.0,6456.75,2873
2026-03-27 12:29:00,6456.75,6458.0,6455.5,6457.5,2418
2026-03-27 12:30:00,6457.25,6459.0,6457.25,6458.0,2719
2026-03-27 12:31:00,6458.25,6458.75,6456.5,6457.25,2122
2026-03-27 12:32:00,6457.25,6457.75,6455.75,6456.25,2235
2026-03-27 12:33:00,6456.0,6458.0,6455.75,6457.5,2095
2026-03-27 12:34:00,6457.25,6457.75,6455.75,6456.5,1573
2026-03-27 12:35:00,6456.25,6457.25,6455.25,6456.5,2623
2026-03-27 12:36:00,6456.5,6457.25,6454.5,6455.5,2090
2026-03-27 12:37:00,6455.5,6455.5,6450.5,6452.5,4594
2026-03-27 12:38:00,6452.25,6454.5,6450.25,6450.75,4024
2026-03-27 12:39:00,6451.0,6452.75,6450.75,6451.5,1928
2026-03-27 12:40:00,6451.5,6451.75,6448.75,6451.0,2776
2026-03-27 12:41:00,6451.0,6455.5,6450.75,6454.5,3179
2026-03-27 12:42:00,6454.5,6457.25,6453.0,6453.5,2908
2026-03-27 12:43:00,6453.25,6456.75,6452.25,6455.0,2232
2026-03-27 12:44:00,6454.75,6456.0,6453.25,6454.5,2355
2026-03-27 12:45:00,6454.25,6456.25,6452.75,6455.5,2217
2026-03-27 12:46:00,6455.5,6460.25,6455.5,6459.25,4779
2026-03-27 12:47:00,6459.5,6462.0,6458.5,6461.5,3614
2026-03-27 12:48:00,6461.25,6463.25,6459.75,6462.5,3432
2026-03-27 12:49:00,6462.5,6464.25,6462.25,6463.25,2708
2026-03-27 12:50:00,6463.25,6464.75,6459.5,6461.25,3038
2026-03-27 12:51:00,6461.0,6463.5,6458.75,6459.75,2640
2026-03-27 12:52:00,6459.75,6460.0,6456.75,6457.25,2488
2026-03-27 12:53:00,6457.25,6458.5,6456.5,6458.0,1663
2026-03-27 12:54:00,6458.0,6459.5,6456.75,6457.5,1727
2026-03-27 12:55:00,6457.5,6458.75,6456.0,6456.75,1901
2026-03-27 12:56:00,6456.5,6457.0,6455.5,6457.0,1294
2026-03-27 12:57:00,6457.0,6457.25,6455.0,6456.25,1408
2026-03-27 12:58:00,6456.0,6456.75,6454.5,6455.5,1514
2026-03-27 12:59:00,6455.25,6456.0,6454.75,6455.5,1012
2026-03-27 13:00:00,6455.5,6456.75,6451.75,6452.5,4314
2026-03-27 13:01:00,6452.5,6453.75,6449.5,6451.5,3599
2026-03-27 13:02:00,6451.25,6451.75,6450.25,6450.75,2266
2026-03-27 13:03:00,6450.75,6453.25,6450.5,6451.75,2816
2026-03-27 13:04:00,6451.5,6454.25,6451.25,6453.0,2310
2026-03-27 13:05:00,6453.0,6454.75,6449.75,6450.75,2136
2026-03-27 13:06:00,6450.5,6464.0,6449.75,6464.0,6996
2026-03-27 13:07:00,6463.75,6468.0,6455.0,6457.75,12708
2026-03-27 13:08:00,6457.5,6459.5,6453.75,6454.75,3417
2026-03-27 13:09:00,6454.75,6458.5,6454.25,6456.75,2493
2026-03-27 13:10:00,6456.5,6457.5,6453.5,6454.0,2592
2026-03-27 13:11:00,6454.0,6455.25,6451.75,6453.25,2427
2026-03-27 13:12:00,6453.0,6454.0,6451.5,6452.0,1630
2026-03-27 13:13:00,6451.75,6453.0,6449.5,6450.75,2043
2026-03-27 13:14:00,6450.5,6453.5,6450.0,6452.25,1935
2026-03-27 13:15:00,6452.5,6453.25,6450.5,6451.0,1338
2026-03-27 13:16:00,6451.0,6451.5,6449.0,6450.5,1627
2026-03-27 13:17:00,6450.5,6451.0,6446.5,6447.75,2816
2026-03-27 13:18:00,6447.75,6448.75,6446.75,6447.25,1967
2026-03-27 13:19:00,6447.25,6447.5,6445.75,6447.0,2200
2026-03-27 13:20:00,6447.25,6447.25,6441.25,6444.25,4805
2026-03-27 13:21:00,6444.25,6445.75,6442.25,6442.5,2133
2026-03-27 13:22:00,6442.5,6445.25,6442.25,6444.75,1950
2026-03-27 13:23:00,6444.75,6445.0,6443.25,6444.0,1263
2026-03-27 13:24:00,6444.0,6445.75,6443.25,6444.0,1916
2026-03-27 13:25:00,6444.0,6444.0,6441.5,6441.75,2243
2026-03-27 13:26:00,6441.75,6442.25,6438.5,6439.25,3693
2026-03-27 13:27:00,6439.25,6439.5,6435.75,6436.5,4215
2026-03-27 13:28:00,6436.75,6438.0,6434.5,6436.0,3330
2026-03-27 13:29:00,6436.25,6436.25,6434.0,6434.25,3313
2026-03-27 13:30:00,6434.25,6437.25,6434.25,6435.25,5026
2026-03-27 13:31:00,6435.25,6437.0,6434.5,6435.25,2812
2026-03-27 13:32:00,6435.5,6437.5,6435.0,6436.75,2862
2026-03-27 13:33:00,6437.0,6438.75,6436.5,6437.5,3000
2026-03-27 13:34:00,6437.5,6440.25,6437.5,6439.5,2300
2026-03-27 13:35:00,6439.25,6440.5,6438.25,6439.75,2304
2026-03-27 13:36:00,6439.75,6440.25,6437.75,6438.5,1480
2026-03-27 13:37:00,6438.5,6439.5,6437.0,6439.0,2283
2026-03-27 13:38:00,6439.0,6439.5,6436.75,6437.75,1511
2026-03-27 13:39:00,6437.75,6438.5,6437.0,6437.75,1309
2026-03-27 13:40:00,6437.75,6438.25,6436.0,6436.0,1491
2026-03-27 13:41:00,6436.25,6436.25,6434.5,6435.0,1773
2026-03-27 13:42:00,6434.75,6435.0,6432.5,6433.75,2370
2026-03-27 13:43:00,6434.0,6435.0,6432.25,6433.25,2016
2026-03-27 13:44:00,6433.25,6433.5,6431.5,6432.75,2331
2026-03-27 13:45:00,6432.75,6436.5,6432.25,6433.75,2586
2026-03-27 13:46:00,6433.75,6433.75,6432.0,6433.25,1622
2026-03-27 13:47:00,6433.25,6435.25,6431.75,6433.75,2246
2026-03-27 13:48:00,6434.0,6434.5,6432.5,6433.5,1304
2026-03-27 13:49:00,6433.75,6435.0,6432.0,6432.25,2785
2026-03-27 13:50:00,6432.0,6433.75,6431.25,6432.0,1954
2026-03-27 13:51:00,6431.75,6433.5,6431.75,6432.5,1068
2026-03-27 13:52:00,6432.5,6433.75,6431.0,6432.25,1779
2026-03-27 13:53:00,6432.25,6433.0,6431.0,6431.5,2110
2026-03-27 13:54:00,6431.25,6432.25,6430.25,6432.0,1591
2026-03-27 13:55:00,6432.0,6433.25,6431.0,6431.25,1816
2026-03-27 13:56:00,6431.0,6432.0,6428.75,6429.25,2827
2026-03-27 13:57:00,6429.25,6430.5,6427.5,6430.0,2775
2026-03-27 13:58:00,6429.75,6431.0,6428.5,6430.0,1987
2026-03-27 13:59:00,6430.0,6431.75,6429.5,6429.5,2087
2026-03-27 14:00:00,6429.5,6431.0,6428.5,6429.75,2835
2026-03-27 14:01:00,6429.5,6431.0,6429.5,6430.0,1917
2026-03-27 14:02:00,6430.0,6430.5,6428.0,6428.25,1945
2026-03-27 14:03:00,6428.25,6429.5,6427.75,6427.75,1448
2026-03-27 14:04:00,6428.0,6428.25,6426.5,6426.75,2607
2026-03-27 14:05:00,6427.0,6429.25,6426.0,6426.0,2337
2026-03-27 14:06:00,6426.25,6427.0,6425.25,6425.5,1898
2026-03-27 14:07:00,6425.5,6426.5,6423.0,6424.0,3409
2026-03-27 14:08:00,6424.25,6425.25,6422.5,6422.75,2427
2026-03-27 14:09:00,6423.0,6423.75,6421.75,6422.25,2755
2026-03-27 14:10:00,6422.25,6423.0,6419.25,6422.0,4895
2026-03-27 14:11:00,6422.0,6423.5,6421.75,6422.5,2954
2026-03-27 14:12:00,6422.25,6422.5,6419.75,6421.0,2740
2026-03-27 14:13:00,6421.0,6422.25,6420.0,6420.0,2261
2026-03-27 14:14:00,6420.0,6424.25,6419.5,6423.25,4047
2026-03-27 14:15:00,6423.25,6425.5,6421.75,6424.25,6151
2026-03-27 14:16:00,6424.0,6425.25,6421.25,6424.0,4007
2026-03-27 14:17:00,6424.0,6427.0,6423.5,6425.25,2990
2026-03-27 14:18:00,6425.25,6429.25,6425.25,6427.0,5724
2026-03-27 14:19:00,6427.0,6429.5,6426.75,6429.0,2739
2026-03-27 14:20:00,6429.0,6431.5,6428.25,6429.5,3952
2026-03-27 14:21:00,6429.25,6431.0,6428.0,6429.5,3802
2026-03-27 14:22:00,6429.5,6430.25,6427.0,6428.5,2022
2026-03-27 14:23:00,6428.5,6428.75,6427.0,6427.25,3189
2026-03-27 14:24:00,6427.25,6427.25,6423.75,6425.0,3136
2026-03-27 14:25:00,6425.0,6425.5,6423.25,6425.0,2381
2026-03-27 14:26:00,6425.25,6425.75,6423.5,6425.25,1782
2026-03-27 14:27:00,6425.0,6428.5,6424.0,6425.5,2861
2026-03-27 14:28:00,6425.75,6426.75,6424.5,6426.0,2325
2026-03-27 14:29:00,6426.25,6427.25,6425.25,6425.75,3047
2026-03-27 14:30:00,6425.5,6427.75,6424.25,6427.25,3567
2026-03-27 14:31:00,6427.0,6427.5,6426.0,6426.25,1524
2026-03-27 14:32:00,6426.5,6427.25,6424.75,6426.75,1903
2026-03-27 14:33:00,6426.5,6426.5,6423.75,6425.25,3134
2026-03-27 14:34:00,6425.5,6427.25,6424.5,6426.0,2616
2026-03-27 14:35:00,6426.25,6426.25,6423.25,6424.5,2114
2026-03-27 14:36:00,6424.75,6425.75,6424.5,6425.25,1281
2026-03-27 14:37:00,6425.25,6428.5,6425.25,6426.5,2400
2026-03-27 14:38:00,6426.75,6426.75,6424.0,6424.0,1553
2026-03-27 14:39:00,6424.25,6425.75,6423.5,6425.5,2196
2026-03-27 14:40:00,6425.75,6426.0,6423.75,6425.0,2208
2026-03-27 14:41:00,6425.0,6427.5,6424.5,6427.0,2749
2026-03-27 14:42:00,6427.0,6428.5,6422.5,6428.5,4491
2026-03-27 14:43:00,6428.5,6435.25,6427.5,6429.0,10552
2026-03-27 14:44:00,6429.0,6429.5,6426.75,6427.75,2928
2026-03-27 14:45:00,6427.75,6428.25,6426.0,6427.75,2394
2026-03-27 14:46:00,6427.75,6429.5,6424.5,6426.5,3352
2026-03-27 14:47:00,6426.25,6426.75,6424.25,6425.25,2108
2026-03-27 14:48:00,6425.25,6427.0,6424.5,6425.75,1651
2026-03-27 14:49:00,6425.5,6427.0,6424.25,6424.75,1749
2026-03-27 14:50:00,6424.5,6426.25,6424.0,6425.5,1468
2026-03-27 14:51:00,6425.5,6426.5,6424.5,6425.0,1141
2026-03-27 14:52:00,6425.25,6425.5,6423.75,6424.25,1704
2026-03-27 14:53:00,6424.25,6424.25,6419.75,6422.0,4778
2026-03-27 14:54:00,6421.75,6423.25,6421.0,6421.5,3157
2026-03-27 14:55:00,6421.5,6422.25,6420.0,6421.75,2605
2026-03-27 14:56:00,6421.5,6423.0,6421.25,6421.5,2209
2026-03-27 14:57:00,6421.75,6423.0,6421.0,6422.0,1640
2026-03-27 14:58:00,6422.25,6422.25,6420.25,6421.0,2095
2026-03-27 14:59:00,6421.25,6422.25,6420.75,6421.5,1462
2026-03-27 15:00:00,6421.5,6424.75,6420.25,6420.75,3281
2026-03-27 15:01:00,6420.5,6421.25,6417.75,6418.75,3766
2026-03-27 15:02:00,6418.75,6420.0,6417.5,6417.75,2527
2026-03-27 15:03:00,6417.75,6418.25,6415.75,6416.75,2852
2026-03-27 15:04:00,6416.75,6417.0,6414.75,6415.25,2815
2026-03-27 15:05:00,6415.25,6416.75,6414.5,6414.75,2474
2026-03-27 15:06:00,6414.75,6416.25,6413.5,6414.75,3750
2026-03-27 15:07:00,6414.75,6417.0,6413.25,6415.75,3082
2026-03-27 15:08:00,6415.75,6416.25,6414.0,6414.0,2369
2026-03-27 15:09:00,6414.0,6415.0,6412.5,6414.5,2541
2026-03-27 15:10:00,6414.5,6414.75,6412.5,6414.0,1828
2026-03-27 15:11:00,6413.75,6415.5,6413.25,6414.5,1934
2026-03-27 15:12:00,6414.75,6418.5,6414.5,6417.75,3478
2026-03-27 15:13:00,6417.5,6419.25,6416.0,6417.5,4356
2026-03-27 15:14:00,6417.75,6419.0,6417.25,6418.0,2124
2026-03-27 15:15:00,6418.0,6419.0,6416.75,6418.0,2476
2026-03-27 15:16:00,6418.0,6419.5,6417.75,6419.0,2166
2026-03-27 15:17:00,6419.0,6421.5,6418.0,6420.75,3480
2026-03-27 15:18:00,6420.5,6423.75,6420.0,6420.75,3703
2026-03-27 15:19:00,6420.5,6422.0,6420.0,6421.75,3601
2026-03-27 15:20:00,6421.5,6421.5,6418.0,6420.0,3924
2026-03-27 15:21:00,6420.25,6420.25,6416.5,6417.5,2059
2026-03-27 15:22:00,6417.25,6420.0,6417.25,6418.75,1909
2026-03-27 15:23:00,6418.75,6420.75,6416.25,6417.0,3108
2026-03-27 15:24:00,6417.0,6420.5,6417.0,6419.25,2472
2026-03-27 15:25:00,6419.0,6419.25,6415.75,6417.0,2581
2026-03-27 15:26:00,6417.0,6417.0,6415.0,6416.25,2198
2026-03-27 15:27:00,6416.25,6416.5,6414.5,6415.75,2233
2026-03-27 15:28:00,6415.75,6417.25,6414.25,6417.0,2688
2026-03-27 15:29:00,6417.0,6417.0,6415.25,6416.0,2018
2026-03-27 15:30:00,6416.0,6419.5,6416.0,6417.25,3529
2026-03-27 15:31:00,6417.0,6418.75,6415.75,6417.75,1787
2026-03-27 15:32:00,6417.75,6418.75,6414.75,6415.75,3835
2026-03-27 15:33:00,6415.75,6417.75,6414.75,6417.25,2602
2026-03-27 15:34:00,6417.5,6421.0,6417.5,6420.5,3358
2026-03-27 15:35:00,6420.5,6421.0,6416.75,6418.5,2781
2026-03-27 15:36:00,6418.5,6419.0,6415.0,6416.75,3755
2026-03-27 15:37:00,6416.5,6417.75,6415.75,6415.75,1914
2026-03-27 15:38:00,6415.75,6417.0,6415.25,6417.0,2306
2026-03-27 15:39:00,6417.0,6417.25,6415.0,6415.25,2758
2026-03-27 15:40:00,6415.25,6415.5,6410.25,6411.0,5129
2026-03-27 15:41:00,6410.75,6411.5,6407.75,6409.5,5169
2026-03-27 15:42:00,6409.25,6410.0,6407.75,6409.0,5030
2026-03-27 15:43:00,6409.0,6411.25,6408.25,6408.5,4560
2026-03-27 15:44:00,6408.75,6409.25,6407.25,6409.0,3678
2026-03-27 15:45:00,6408.75,6409.25,6402.0,6402.25,6756
2026-03-27 15:46:00,6402.5,6404.25,6399.75,6400.5,6812
2026-03-27 15:47:00,6400.5,6407.25,6400.25,6404.75,7519
2026-03-27 15:48:00,6404.5,6406.5,6403.75,6405.0,5016
2026-03-27 15:49:00,6405.25,6407.0,6403.75,6406.0,4827
2026-03-27 15:50:00,6405.75,6405.75,6400.0,6401.25,9169
2026-03-27 15:51:00,6401.25,6402.75,6398.75,6400.25,5613
2026-03-27 15:52:00,6400.25,6401.25,6398.25,6400.25,6242
2026-03-27 15:53:00,6400.5,6410.25,6399.75,6410.0,12071
2026-03-27 15:54:00,6409.75,6409.75,6406.0,6408.0,9980
2026-03-27 15:55:00,6407.75,6417.0,6407.75,6413.75,12245
2026-03-27 15:56:00,6413.5,6413.5,6408.25,6411.75,8221
2026-03-27 15:57:00,6411.75,6413.5,6410.5,6412.25,7089
2026-03-27 15:58:00,6412.25,6415.5,6412.25,6414.5,11301
2026-03-27 15:59:00,6414.75,6419.25,6407.0,6407.25,72802
2026-03-27 16:00:00,6407.25,6410.25,6401.0,6402.0,24185
2026-03-27 16:01:00,6402.0,6412.25,6399.5,6404.75,11497
2026-03-27 16:02:00,6404.75,6405.75,6401.5,6402.5,4650
2026-03-27 16:03:00,6402.5,6404.5,6401.5,6404.25,2772
2026-03-27 16:04:00,6404.25,6405.0,6402.0,6402.75,3009
2026-03-27 16:05:00,6402.5,6405.0,6401.25,6403.5,2608
2026-03-27 16:06:00,6403.5,6405.75,6403.5,6403.75,1634
2026-03-27 16:07:00,6403.5,6405.5,6403.25,6404.0,1868
2026-03-27 16:08:00,6404.0,6404.25,6402.0,6402.0,1865
2026-03-27 16:09:00,6402.25,6403.75,6401.5,6402.75,2190
2026-03-27 16:10:00,6402.75,6404.5,6402.75,6402.75,1743
2026-03-27 16:11:00,6402.75,6402.75,6400.25,6401.75,1691
2026-03-27 16:12:00,6401.75,6402.25,6400.75,6401.0,918
2026-03-27 16:13:00,6401.0,6401.75,6400.25,6401.75,1267
2026-03-27 16:14:00,6401.75,6402.75,6400.0,6402.25,2708
2026-03-27 16:15:00,6402.25,6402.75,6400.75,6401.5,1087
2026-03-27 16:16:00,6401.5,6401.5,6400.25,6400.25,598
2026-03-27 16:17:00,6400.0,6400.25,6395.25,6396.5,2336
2026-03-27 16:18:00,6396.5,6398.25,6396.0,6397.5,1116
2026-03-27 16:19:00,6397.25,6398.75,6397.0,6397.25,707
2026-03-27 16:20:00,6397.25,6397.75,6390.25,6393.0,2923
2026-03-27 16:21:00,6392.75,6393.25,6389.0,6392.25,1475
2026-03-27 16:22:00,6392.0,6392.75,6391.0,6392.0,749
2026-03-27 16:23:00,6392.25,6394.25,6392.25,6392.75,1228
2026-03-27 16:24:00,6392.5,6396.25,6392.25,6395.75,981
2026-03-27 16:25:00,6395.5,6396.75,6394.75,6396.25,937
2026-03-27 16:26:00,6396.25,6397.5,6395.0,6396.0,852
2026-03-27 16:27:00,6396.25,6396.5,6395.25,6396.5,688
2026-03-27 16:28:00,6396.25,6396.5,6393.5,6396.0,857
2026-03-27 16:29:00,6396.25,6397.75,6395.75,6397.5,815
2026-03-27 16:30:00,6397.25,6398.75,6396.75,6397.0,556
2026-03-27 16:31:00,6397.25,6397.75,6396.75,6397.5,432
2026-03-27 16:32:00,6397.25,6397.25,6395.75,6395.75,523
2026-03-27 16:33:00,6395.5,6395.75,6393.75,6395.25,482
2026-03-27 16:34:00,6395.25,6395.75,6394.25,6394.75,417
2026-03-27 16:35:00,6394.75,6395.75,6394.75,6395.0,335
2026-03-27 16:36:00,6394.75,6396.5,6394.75,6396.25,231
2026-03-27 16:37:00,6396.25,6397.0,6396.25,6397.0,323
2026-03-27 16:38:00,6397.0,6398.0,6396.75,6398.0,410
2026-03-27 16:39:00,6398.0,6398.5,6396.5,6397.0,930
2026-03-27 16:40:00,6397.0,6400.25,6395.75,6398.5,1778
2026-03-27 16:41:00,6398.25,6398.75,6396.75,6397.75,587
2026-03-27 16:42:00,6397.75,6400.0,6395.5,6399.5,987
2026-03-27 16:43:00,6399.25,6400.75,6397.75,6399.0,880
2026-03-27 16:44:00,6398.75,6399.5,6396.0,6398.0,627
2026-03-27 16:45:00,6398.0,6398.5,6396.25,6397.75,566
2026-03-27 16:46:00,6397.5,6399.75,6397.5,6397.75,564
2026-03-27 16:47:00,6397.75,6399.5,6397.75,6398.75,413
2026-03-27 16:48:00,6399.0,6399.5,6398.5,6399.25,246
2026-03-27 16:49:00,6399.0,6399.5,6398.5,6399.25,407
2026-03-27 16:50:00,6399.25,6400.0,6399.0,6399.0,273
2026-03-27 16:51:00,6399.0,6400.75,6399.0,6400.0,421
2026-03-27 16:52:00,6399.75,6401.0,6399.25,6400.5,395
2026-03-27 16:53:00,6400.5,6400.75,6398.5,6398.5,404
2026-03-27 16:54:00,6398.5,6400.5,6398.0,6400.5,842
2026-03-27 16:55:00,6400.25,6401.0,6399.25,6399.75,512
2026-03-27 16:56:00,6399.5,6400.25,6399.5,6400.0,309
2026-03-27 16:57:00,6400.0,6400.25,6398.25,6398.5,644
2026-03-27 16:58:00,6398.5,6399.5,6398.0,6398.25,505
2026-03-27 16:59:00,6398.25,6398.5,6396.75,6398.0,1058
2026-03-29 18:00:00,6380.0,6388.25,6372.0,6377.25,3663
2026-03-29 18:01:00,6378.25,6381.75,6374.75,6378.5,1776
2026-03-29 18:02:00,6378.75,6385.5,6378.25,6380.0,1100
2026-03-29 18:03:00,6380.75,6381.75,6372.25,6373.75,954
2026-03-29 18:04:00,6373.75,6376.5,6366.0,6373.0,1319
2026-03-29 18:05:00,6373.0,6375.25,6367.75,6368.0,1021
2026-03-29 18:06:00,6367.75,6369.0,6364.25,6368.5,1336
2026-03-29 18:07:00,6368.0,6373.5,6367.5,6372.25,448
2026-03-29 18:08:00,6372.0,6372.5,6369.25,6369.25,554
2026-03-29 18:09:00,6369.5,6371.0,6368.5,6369.5,717
2026-03-29 18:10:00,6369.75,6371.0,6369.25,6370.75,385
2026-03-29 18:11:00,6371.0,6371.0,6368.0,6369.0,525
2026-03-29 18:12:00,6369.0,6372.5,6369.0,6370.5,521
2026-03-29 18:13:00,6370.25,6372.0,6368.75,6372.0,250
2026-03-29 18:14:00,6372.0,6378.25,6371.75,6377.5,558
2026-03-29 18:15:00,6377.25,6379.0,6376.25,6378.5,475
2026-03-29 18:16:00,6378.25,6379.5,6377.0,6377.0,481
2026-03-29 18:17:00,6377.5,6378.25,6375.75,6376.5,389
2026-03-29 18:18:00,6376.5,6379.0,6376.25,6378.5,235
2026-03-29 18:19:00,6378.5,6379.25,6376.5,6377.0,234
2026-03-29 18:20:00,6377.0,6385.25,6376.5,6384.75,771
2026-03-29 18:21:00,6384.5,6385.5,6383.25,6384.25,494
2026-03-29 18:22:00,6384.5,6387.5,6383.75,6384.75,452
2026-03-29 18:23:00,6384.75,6385.0,6382.0,6382.5,420
2026-03-29 18:24:00,6382.75,6385.25,6382.5,6383.25,252
2026-03-29 18:25:00,6383.25,6383.5,6379.0,6380.5,540
2026-03-29 18:26:00,6380.5,6381.75,6379.5,6380.0,165
2026-03-29 18:27:00,6379.75,6380.75,6377.5,6380.5,250
2026-03-29 18:28:00,6380.5,6384.5,6380.5,6382.5,207
2026-03-29 18:29:00,6382.5,6383.0,6380.75,6382.0,213
2026-03-29 18:30:00,6382.0,6384.5,6382.0,6383.75,155
2026-03-29 18:31:00,6383.5,6383.5,6382.25,6383.25,125
2026-03-29 18:32:00,6383.5,6384.5,6383.0,6383.75,126
2026-03-29 18:33:00,6383.75,6384.0,6382.75,6383.25,62
2026-03-29 18:34:00,6383.25,6384.0,6381.75,6383.0,220
2026-03-29 18:35:00,6383.0,6385.5,6381.25,6382.5,350
2026-03-29 18:36:00,6382.5,6384.75,6380.5,6381.0,255
2026-03-29 18:37:00,6381.5,6381.5,6379.0,6379.75,233
2026-03-29 18:38:00,6380.0,6384.0,6380.0,6382.5,184
2026-03-29 18:39:00,6382.5,6382.5,6380.5,6381.0,149
2026-03-29 18:40:00,6381.25,6382.0,6379.75,6380.5,140
2026-03-29 18:41:00,6380.5,6381.25,6378.25,6379.25,205
2026-03-29 18:42:00,6379.25,6379.5,6374.0,6374.5,514
2026-03-29 18:43:00,6374.75,6377.25,6374.5,6375.0,247
2026-03-29 18:44:00,6375.25,6375.5,6372.0,6372.0,316
2026-03-29 18:45:00,6372.5,6373.0,6367.75,6369.5,738
2026-03-29 18:46:00,6369.75,6372.5,6369.75,6371.75,325
2026-03-29 18:47:00,6371.75,6373.75,6370.25,6372.25,199
2026-03-29 18:48:00,6372.75,6373.25,6372.25,6372.5,116
2026-03-29 18:49:00,6372.25,6374.75,6372.25,6374.75,282
2026-03-29 18:50:00,6374.5,6378.5,6372.0,6376.75,474
2026-03-29 18:51:00,6377.0,6377.0,6375.25,6376.0,193
2026-03-29 18:52:00,6375.5,6377.25,6374.5,6376.75,224
2026-03-29 18:53:00,6376.75,6377.5,6375.5,6376.5,214
2026-03-29 18:54:00,6376.25,6377.25,6376.0,6376.75,145
2026-03-29 18:55:00,6377.0,6379.5,6377.0,6379.0,294
2026-03-29 18:56:00,6378.75,6379.0,6378.0,6378.5,120
2026-03-29 18:57:00,6378.75,6382.0,6378.5,6381.25,304
2026-03-29 18:58:00,6381.25,6383.5,6380.75,6382.25,296
2026-03-29 18:59:00,6382.25,6383.5,6381.25,6382.5,285
2026-03-29 19:00:00,6382.25,6384.25,6381.5,6383.5,317
2026-03-29 19:01:00,6383.25,6385.75,6383.0,6383.5,323
2026-03-29 19:02:00,6383.75,6385.25,6383.25,6384.75,240
2026-03-29 19:03:00,6384.5,6387.0,6384.5,6385.5,568
2026-03-29 19:04:00,6385.5,6386.5,6384.75,6384.75,177
2026-03-29 19:05:00,6384.75,6386.0,6381.25,6381.5,584
2026-03-29 19:06:00,6381.25,6383.0,6377.75,6378.5,420
2026-03-29 19:07:00,6378.5,6378.5,6375.75,6376.25,408
2026-03-29 19:08:00,6376.25,6377.5,6375.25,6376.0,203
2026-03-29 19:09:00,6376.25,6377.0,6376.0,6376.5,75
2026-03-29 19:10:00,6376.5,6376.75,6374.0,6374.5,406
2026-03-29 19:11:00,6374.75,6376.0,6374.25,6375.25,368
2026-03-29 19:12:00,6375.25,6377.0,6374.5,6377.0,165
2026-03-29 19:13:00,6377.25,6377.25,6375.75,6376.0,136
2026-03-29 19:14:00,6376.0,6376.25,6374.5,6375.5,105
2026-03-29 19:15:00,6375.5,6376.5,6375.25,6375.5,70
2026-03-29 19:16:00,6375.75,6377.0,6375.75,6376.0,117
2026-03-29 19:17:00,6375.5,6376.0,6374.5,6375.75,125
2026-03-29 19:18:00,6375.75,6377.75,6375.75,6377.25,88
2026-03-29 19:19:00,6377.0,6377.25,6375.75,6376.25,66
2026-03-29 19:20:00,6376.25,6379.5,6376.25,6379.0,187
2026-03-29 19:21:00,6379.0,6379.5,6377.5,6378.5,144
2026-03-29 19:22:00,6378.75,6379.25,6377.5,6378.0,82
2026-03-29 19:23:00,6377.5,6378.0,6376.25,6376.25,124
2026-03-29 19:24:00,6376.25,6376.75,6373.75,6374.25,394
2026-03-29 19:25:00,6374.25,6375.75,6373.75,6374.75,258
2026-03-29 19:26:00,6374.75,6375.75,6373.75,6374.5,149
2026-03-29 19:27:00,6374.25,6375.75,6373.0,6373.5,206
2026-03-29 19:28:00,6373.5,6375.0,6373.0,6375.0,118
2026-03-29 19:29:00,6374.5,6375.5,6374.25,6374.75,95
2026-03-29 19:30:00,6374.5,6375.0,6373.25,6374.5,74
2026-03-29 19:31:00,6374.25,6375.0,6373.5,6374.25,260
2026-03-29 19:32:00,6374.0,6374.0,6367.0,6370.25,731
2026-03-29 19:33:00,6370.5,6373.5,6370.5,6372.25,204
2026-03-29 19:34:00,6372.0,6373.0,6369.75,6370.0,224
2026-03-29 19:35:00,6370.5,6371.25,6369.25,6369.25,420
2026-03-29 19:36:00,6369.5,6373.75,6369.25,6372.5,412
2026-03-29 19:37:00,6373.0,6373.75,6371.5,6371.5,229
2026-03-29 19:38:00,6371.5,6373.25,6369.75,6372.75,327
2026-03-29 19:39:00,6372.75,6373.25,6370.75,6373.25,150
2026-03-29 19:40:00,6373.25,6375.25,6373.0,6374.75,300
2026-03-29 19:41:00,6374.75,6375.0,6372.0,6372.5,148
2026-03-29 19:42:00,6372.5,6372.5,6370.75,6371.25,210
2026-03-29 19:43:00,6371.0,6371.5,6370.5,6371.0,141
2026-03-29 19:44:00,6370.75,6371.75,6370.0,6371.5,195
2026-03-29 19:45:00,6371.75,6373.5,6370.25,6372.75,259
2026-03-29 19:46:00,6372.75,6372.75,6364.75,6367.0,715
2026-03-29 19:47:00,6367.25,6371.25,6366.25,6370.25,802
2026-03-29 19:48:00,6370.0,6374.5,6369.75,6372.5,330
2026-03-29 19:49:00,6372.5,6372.75,6368.0,6369.0,301
2026-03-29 19:50:00,6369.25,6370.5,6365.5,6367.0,614
2026-03-29 19:51:00,6367.0,6370.75,6367.0,6370.75,306
2026-03-29 19:52:00,6371.0,6373.5,6369.0,6372.25,186
2026-03-29 19:53:00,6372.0,6372.0,6367.75,6368.0,179
2026-03-29 19:54:00,6368.5,6371.0,6367.75,6370.75,231
2026-03-29 19:55:00,6371.0,6372.25,6367.25,6368.75,510
2026-03-29 19:56:00,6368.75,6369.75,6363.0,6364.75,841
2026-03-29 19:57:00,6365.0,6366.75,6364.0,6366.0,354
2026-03-29 19:58:00,6366.0,6369.25,6365.0,6367.75,490
2026-03-29 19:59:00,6368.25,6368.75,6365.5,6367.75,262
2026-03-29 20:00:00,6367.75,6371.5,6365.75,6368.0,918
2026-03-29 20:01:00,6368.25,6368.25,6363.5,6363.75,492
2026-03-29 20:02:00,6363.75,6365.75,6360.75,6361.0,784
2026-03-29 20:03:00,6361.25,6362.25,6360.25,6361.0,396
2026-03-29 20:04:00,6361.0,6362.75,6360.75,6362.75,233
2026-03-29 20:05:00,6363.0,6370.25,6363.0,6368.0,725
2026-03-29 20:06:00,6368.0,6370.5,6366.5,6369.25,463
2026-03-29 20:07:00,6368.75,6372.75,6367.75,6372.5,518
2026-03-29 20:08:00,6372.25,6373.5,6366.75,6366.75,666
2026-03-29 20:09:00,6367.0,6369.5,6366.25,6367.5,374
2026-03-29 20:10:00,6367.25,6369.0,6366.5,6368.5,288
2026-03-29 20:11:00,6368.5,6370.75,6366.5,6367.25,670
2026-03-29 20:12:00,6367.75,6368.0,6365.5,6366.25,283
2026-03-29 20:13:00,6366.5,6368.25,6365.75,6367.75,223
2026-03-29 20:14:00,6367.75,6370.25,6367.25,6368.0,313
2026-03-29 20:15:00,6368.0,6368.75,6366.25,6366.75,356
2026-03-29 20:16:00,6366.75,6367.5,6363.75,6364.25,542
2026-03-29 20:17:00,6364.0,6375.75,6363.75,6374.25,1388
2026-03-29 20:18:00,6374.5,6379.0,6370.0,6378.25,1498
2026-03-29 20:19:00,6378.0,6390.5,6375.0,6389.75,2400
2026-03-29 20:20:00,6389.5,6394.0,6387.5,6389.25,1592
2026-03-29 20:21:00,6389.0,6390.0,6384.25,6385.25,950
2026-03-29 20:22:00,6385.25,6387.75,6381.0,6382.5,872
2026-03-29 20:23:00,6383.0,6383.75,6379.0,6381.25,906
2026-03-29 20:24:00,6380.75,6383.75,6380.0,6382.25,683
2026-03-29 20:25:00,6382.25,6384.25,6381.25,6383.5,603
2026-03-29 20:26:00,6383.75,6393.0,6383.0,6392.5,1318
2026-03-29 20:27:00,6392.0,6395.0,6388.0,6392.75,1229
2026-03-29 20:28:00,6392.5,6393.25,6389.25,6391.25,841
2026-03-29 20:29:00,6391.25,6392.5,6385.0,6385.25,838
2026-03-29 20:30:00,6385.5,6387.0,6382.0,6382.25,473
2026-03-29 20:31:00,6382.25,6385.75,6381.5,6385.5,595
2026-03-29 20:32:00,6385.25,6389.25,6384.25,6386.75,580
2026-03-29 20:33:00,6386.5,6386.5,6384.0,6384.25,322
2026-03-29 20:34:00,6384.5,6386.0,6383.0,6385.75,298
2026-03-29 20:35:00,6385.75,6386.5,6383.0,6384.75,411
2026-03-29 20:36:00,6385.0,6385.75,6382.75,6385.5,446
2026-03-29 20:37:00,6385.5,6386.75,6376.5,6377.25,1019
2026-03-29 20:38:00,6377.5,6380.5,6374.5,6377.5,853
2026-03-29 20:39:00,6377.25,6378.25,6374.25,6374.25,457
2026-03-29 20:40:00,6374.5,6375.25,6371.5,6372.5,919
2026-03-29 20:41:00,6372.5,6374.0,6368.75,6369.5,882
2026-03-29 20:42:00,6370.0,6371.5,6368.25,6369.5,559
2026-03-29 20:43:00,6370.0,6372.25,6370.0,6371.25,289
2026-03-29 20:44:00,6371.25,6372.25,6370.0,6371.0,139
2026-03-29 20:45:00,6371.0,6372.0,6369.75,6370.25,260
2026-03-29 20:46:00,6370.5,6373.75,6370.25,6372.5,332
2026-03-29 20:47:00,6372.75,6373.0,6371.25,6372.25,239
2026-03-29 20:48:00,6372.25,6374.5,6371.5,6373.0,273
2026-03-29 20:49:00,6373.0,6373.5,6371.5,6373.0,183
2026-03-29 20:50:00,6372.75,6373.5,6367.75,6368.5,383
2026-03-29 20:51:00,6368.5,6370.25,6366.5,6367.0,520
2026-03-29 20:52:00,6367.0,6368.25,6366.5,6367.25,314
2026-03-29 20:53:00,6367.5,6368.5,6365.75,6366.0,356
2026-03-29 20:54:00,6366.0,6366.75,6363.0,6366.5,618
2026-03-29 20:55:00,6366.5,6367.25,6364.5,6365.25,219
2026-03-29 20:56:00,6365.25,6371.5,6365.0,6370.75,450
2026-03-29 20:57:00,6370.25,6371.0,6367.75,6369.0,318
2026-03-29 20:58:00,6369.25,6371.5,6368.5,6370.5,202
2026-03-29 20:59:00,6370.75,6371.25,6370.0,6370.75,143
2026-03-29 21:00:00,6370.5,6374.0,6370.0,6372.75,603
2026-03-29 21:01:00,6372.75,6374.0,6371.0,6373.0,278
2026-03-29 21:02:00,6372.5,6375.0,6371.75,6374.0,421
2026-03-29 21:03:00,6374.0,6376.0,6373.0,6375.0,411
2026-03-29 21:04:00,6375.25,6376.25,6370.0,6370.75,528
2026-03-29 21:05:00,6371.0,6373.75,6370.75,6372.75,300
2026-03-29 21:06:00,6372.75,6374.75,6372.5,6373.75,254
2026-03-29 21:07:00,6373.75,6374.5,6372.5,6372.5,252
2026-03-29 21:08:00,6372.25,6375.0,6370.75,6374.75,299
2026-03-29 21:09:00,6374.75,6375.25,6373.0,6374.25,357
2026-03-29 21:10:00,6374.5,6374.75,6373.0,6374.0,285
2026-03-29 21:11:00,6374.25,6379.5,6374.0,6378.25,576
2026-03-29 21:12:00,6378.0,6378.5,6376.75,6377.25,266
2026-03-29 21:13:00,6377.25,6377.75,6372.75,6373.25,340
2026-03-29 21:14:00,6373.25,6374.25,6371.5,6373.25,209
2026-03-29 21:15:00,6373.5,6373.75,6368.25,6369.75,394
2026-03-29 21:16:00,6370.0,6373.0,6370.0,6372.25,310
2026-03-29 21:17:00,6372.25,6373.25,6371.5,6373.0,160
2026-03-29 21:18:00,6373.25,6376.25,6372.25,6372.5,291
2026-03-29 21:19:00,6372.25,6372.25,6370.5,6371.5,205
2026-03-29 21:20:00,6371.75,6372.75,6370.25,6371.25,194
2026-03-29 21:21:00,6371.25,6372.75,6370.5,6371.75,215
2026-03-29 21:22:00,6371.5,6372.25,6370.5,6371.0,169
2026-03-29 21:23:00,6371.0,6372.5,6370.25,6371.0,294
2026-03-29 21:24:00,6371.0,6371.0,6369.5,6369.75,307
2026-03-29 21:25:00,6369.75,6375.0,6369.25,6373.75,548
2026-03-29 21:26:00,6373.5,6375.75,6372.0,6372.5,288
2026-03-29 21:27:00,6372.5,6373.75,6371.5,6373.5,220
2026-03-29 21:28:00,6373.75,6376.0,6372.75,6374.5,241
2026-03-29 21:29:00,6374.25,6375.5,6374.0,6375.5,151
2026-03-29 21:30:00,6375.5,6377.0,6374.5,6376.0,322
2026-03-29 21:31:00,6375.75,6377.5,6374.5,6376.5,357
2026-03-29 21:32:00,6376.25,6378.0,6376.0,6376.5,477
2026-03-29 21:33:00,6376.25,6379.25,6376.0,6379.25,690
2026-03-29 21:34:00,6379.25,6382.25,6378.5,6380.75,942
2026-03-29 21:35:00,6380.75,6382.0,6379.5,6380.5,370
2026-03-29 21:36:00,6380.5,6380.5,6377.25,6379.0,405
2026-03-29 21:37:00,6378.75,6379.0,6377.25,6378.75,252
2026-03-29 21:38:00,6378.5,6379.75,6376.75,6377.75,165
2026-03-29 21:39:00,6378.0,6379.75,6378.0,6379.25,153
2026-03-29 21:40:00,6379.0,6380.0,6378.5,6379.5,163
2026-03-29 21:41:00,6379.5,6382.5,6379.25,6381.5,378
2026-03-29 21:42:00,6381.5,6382.25,6380.25,6381.75,182
2026-03-29 21:43:00,6381.75,6383.0,6381.25,6382.5,413
2026-03-29 21:44:00,6382.5,6383.75,6381.0,6383.5,1047
2026-03-29 21:45:00,6383.75,6384.25,6382.5,6383.5,352
2026-03-29 21:46:00,6383.5,6384.5,6383.0,6383.75,218
2026-03-29 21:47:00,6383.75,6384.25,6382.75,6383.75,235
2026-03-29 21:48:00,6383.5,6384.25,6383.0,6383.5,163
2026-03-29 21:49:00,6383.5,6384.0,6382.75,6383.25,111
2026-03-29 21:50:00,6383.25,6384.5,6383.0,6383.25,120
2026-03-29 21:51:00,6383.25,6383.25,6381.5,6382.0,168
2026-03-29 21:52:00,6382.0,6383.25,6381.75,6382.5,213
2026-03-29 21:53:00,6382.75,6383.0,6382.25,6382.25,101
2026-03-29 21:54:00,6382.25,6383.0,6381.0,6382.0,294
2026-03-29 21:55:00,6382.0,6385.75,6382.0,6384.25,472
2026-03-29 21:56:00,6384.25,6385.5,6383.75,6385.0,345
2026-03-29 21:57:00,6384.75,6385.5,6383.75,6385.25,264
2026-03-29 21:58:00,6385.25,6385.5,6383.25,6383.75,255
2026-03-29 21:59:00,6383.5,6385.75,6383.25,6384.25,285
2026-03-29 22:00:00,6384.5,6387.5,6384.25,6385.25,561
2026-03-29 22:01:00,6385.0,6385.75,6383.75,6385.5,249
2026-03-29 22:02:00,6385.75,6386.25,6383.25,6385.75,364
2026-03-29 22:03:00,6385.75,6386.0,6383.5,6384.0,158
2026-03-29 22:04:00,6384.0,6386.0,6384.0,6384.75,357
2026-03-29 22:05:00,6385.25,6385.5,6384.0,6385.25,114
2026-03-29 22:06:00,6385.5,6389.0,6385.25,6388.25,379
2026-03-29 22:07:00,6387.75,6389.75,6387.0,6388.75,2357
2026-03-29 22:08:00,6388.75,6389.0,6387.25,6387.5,252
2026-03-29 22:09:00,6388.0,6388.25,6384.75,6384.75,350
2026-03-29 22:10:00,6384.75,6387.25,6384.75,6387.0,582
2026-03-29 22:11:00,6386.75,6386.75,6385.5,6386.0,156
2026-03-29 22:12:00,6385.75,6386.5,6384.75,6385.75,133
2026-03-29 22:13:00,6386.0,6387.25,6385.5,6386.0,128
2026-03-29 22:14:00,6386.0,6388.75,6384.75,6388.0,258
2026-03-29 22:15:00,6388.0,6388.5,6385.5,6385.75,162
2026-03-29 22:16:00,6385.5,6386.5,6384.0,6384.75,210
2026-03-29 22:17:00,6384.5,6386.0,6384.25,6384.75,193
2026-03-29 22:18:00,6384.75,6385.0,6382.5,6383.0,266
2026-03-29 22:19:00,6383.0,6384.5,6382.5,6382.5,249
2026-03-29 22:20:00,6382.75,6382.75,6380.75,6382.0,474
2026-03-29 22:21:00,6381.75,6383.75,6381.75,6382.75,169
2026-03-29 22:22:00,6382.5,6384.0,6382.0,6383.25,160
2026-03-29 22:23:00,6383.5,6383.5,6381.25,6383.0,558
2026-03-29 22:24:00,6383.0,6383.75,6381.0,6381.25,532
2026-03-29 22:25:00,6381.25,6384.0,6381.25,6383.0,146
2026-03-29 22:26:00,6382.75,6382.75,6381.5,6382.5,100
2026-03-29 22:27:00,6382.25,6382.5,6381.5,6381.75,77
2026-03-29 22:28:00,6381.5,6382.25,6381.25,6382.0,183
2026-03-29 22:29:00,6382.0,6383.25,6380.25,6382.0,428
2026-03-29 22:30:00,6382.0,6385.5,6382.0,6384.25,291
2026-03-29 22:31:00,6384.0,6388.0,6383.0,6386.0,372
2026-03-29 22:32:00,6386.25,6386.5,6385.0,6385.75,162
2026-03-29 22:33:00,6385.75,6385.75,6382.25,6383.0,276
2026-03-29 22:34:00,6383.0,6384.5,6383.0,6384.5,106
2026-03-29 22:35:00,6384.5,6384.75,6382.75,6382.75,121
2026-03-29 22:36:00,6382.75,6385.75,6382.75,6385.5,119
2026-03-29 22:37:00,6385.75,6386.5,6385.25,6385.25,124
2026-03-29 22:38:00,6385.5,6386.25,6385.5,6385.5,80
2026-03-29 22:39:00,6385.5,6386.0,6385.5,6385.75,71
2026-03-29 22:40:00,6385.75,6387.75,6385.5,6387.5,134
2026-03-29 22:41:00,6387.25,6389.75,6386.5,6388.5,211
2026-03-29 22:42:00,6388.25,6391.75,6388.25,6391.75,874
2026-03-29 22:43:00,6391.75,6393.75,6390.75,6392.0,788
2026-03-29 22:44:00,6392.0,6393.25,6391.5,6392.25,202
2026-03-29 22:45:00,6392.5,6394.5,6391.75,6393.5,321
2026-03-29 22:46:00,6393.5,6397.0,6393.25,6395.75,916
2026-03-29 22:47:00,6395.75,6396.75,6394.75,6396.25,265
2026-03-29 22:48:00,6396.25,6398.0,6396.25,6397.75,497
2026-03-29 22:49:00,6397.75,6401.75,6396.75,6400.25,1054
2026-03-29 22:50:00,6400.0,6401.0,6398.0,6400.0,426
2026-03-29 22:51:00,6400.25,6402.0,6400.0,6400.75,429
2026-03-29 22:52:00,6400.75,6401.25,6399.25,6399.75,360
2026-03-29 22:53:00,6399.75,6399.75,6397.5,6397.75,404
2026-03-29 22:54:00,6397.5,6397.75,6396.75,6397.0,272
2026-03-29 22:55:00,6397.25,6398.75,6396.0,6396.5,380
2026-03-29 22:56:00,6396.5,6397.0,6395.0,6396.25,279
2026-03-29 22:57:00,6396.0,6396.25,6395.0,6395.0,163
2026-03-29 22:58:00,6395.25,6397.5,6395.25,6396.5,174
2026-03-29 22:59:00,6396.5,6398.0,6396.0,6397.0,140
2026-03-29 23:00:00,6396.75,6399.25,6396.5,6399.25,215
2026-03-29 23:01:00,6399.25,6399.75,6398.0,6399.25,228
2026-03-29 23:02:00,6399.0,6401.0,6398.5,6400.5,288
2026-03-29 23:03:00,6400.25,6400.25,6399.0,6400.0,134
2026-03-29 23:04:00,6400.0,6400.5,6399.0,6399.5,149
2026-03-29 23:05:00,6399.25,6401.25,6399.0,6400.5,222
2026-03-29 23:06:00,6400.5,6404.0,6400.0,6403.0,477
2026-03-29 23:07:00,6403.0,6404.5,6402.75,6403.5,478
2026-03-29 23:08:00,6403.75,6407.0,6402.75,6406.5,678
2026-03-29 23:09:00,6406.25,6406.5,6405.25,6406.0,326
2026-03-29 23:10:00,6406.0,6407.5,6404.5,6404.75,267
2026-03-29 23:11:00,6404.75,6405.0,6404.0,6404.0,142
2026-03-29 23:12:00,6404.0,6405.5,6403.5,6405.0,163
2026-03-29 23:13:00,6404.75,6405.25,6404.25,6404.25,187
2026-03-29 23:14:00,6404.25,6405.0,6403.5,6404.5,135
2026-03-29 23:15:00,6404.75,6407.0,6404.25,6406.25,388
2026-03-29 23:16:00,6406.0,6407.0,6405.0,6406.75,220
2026-03-29 23:17:00,6406.5,6408.75,6406.25,6408.0,384
2026-03-29 23:18:00,6407.75,6408.75,6407.0,6407.75,295
2026-03-29 23:19:00,6408.0,6408.75,6407.0,6408.0,139
2026-03-29 23:20:00,6408.0,6409.75,6408.0,6409.0,344
2026-03-29 23:21:00,6408.75,6409.0,6406.75,6407.25,257
2026-03-29 23:22:00,6407.5,6409.0,6407.25,6408.75,152
2026-03-29 23:23:00,6408.5,6409.75,6408.25,6409.25,156
2026-03-29 23:24:00,6409.5,6410.75,6407.75,6408.5,708
2026-03-29 23:25:00,6408.5,6409.25,6407.5,6408.25,157
2026-03-29 23:26:00,6408.25,6409.0,6407.0,6407.25,201
2026-03-29 23:27:00,6407.5,6408.75,6406.5,6408.5,292
2026-03-29 23:28:00,6408.5,6408.5,6407.5,6407.75,77
2026-03-29 23:29:00,6407.75,6407.75,6407.0,6407.75,134
2026-03-29 23:30:00,6407.75,6408.25,6405.0,6405.75,349
2026-03-29 23:31:00,6405.5,6406.75,6405.5,6406.5,186
2026-03-29 23:32:00,6406.5,6406.5,6405.0,6405.5,144
2026-03-29 23:33:00,6405.75,6407.0,6405.5,6406.75,116
2026-03-29 23:34:00,6406.5,6408.25,6406.0,6408.0,192
2026-03-29 23:35:00,6408.0,6408.25,6406.75,6407.25,186
2026-03-29 23:36:00,6407.0,6407.75,6405.25,6405.75,133
2026-03-29 23:37:00,6406.0,6408.25,6406.0,6407.75,110
2026-03-29 23:38:00,6407.5,6407.5,6406.5,6407.0,100
2026-03-29 23:39:00,6407.0,6408.0,6406.75,6407.75,125
2026-03-29 23:40:00,6407.75,6408.75,6406.75,6407.25,157
2026-03-29 23:41:00,6407.0,6408.0,6407.0,6407.75,83
2026-03-29 23:42:00,6407.5,6409.0,6407.25,6408.0,182
2026-03-29 23:43:00,6408.0,6409.25,6407.5,6407.75,165
2026-03-29 23:44:00,6407.75,6408.75,6407.5,6408.25,191
2026-03-29 23:45:00,6408.25,6408.5,6406.0,6406.75,273
2026-03-29 23:46:00,6406.75,6407.25,6404.5,6406.25,426
2026-03-29 23:47:00,6406.25,6406.75,6405.5,6406.75,123
2026-03-29 23:48:00,6407.0,6408.0,6405.75,6406.5,230
2026-03-29 23:49:00,6406.75,6408.25,6406.5,6407.75,120
2026-03-29 23:50:00,6407.75,6408.0,6406.25,6407.0,92
2026-03-29 23:51:00,6406.75,6408.25,6406.75,6407.5,111
2026-03-29 23:52:00,6407.25,6409.0,6407.25,6408.5,126
2026-03-29 23:53:00,6408.5,6409.25,6407.75,6408.25,189
2026-03-29 23:54:00,6408.0,6409.0,6407.75,6408.5,191
2026-03-29 23:55:00,6408.25,6409.0,6407.75,6408.0,163
2026-03-29 23:56:00,6408.0,6408.5,6407.25,6407.5,157
2026-03-29 23:57:00,6407.5,6408.5,6407.25,6408.25,120
2026-03-29 23:58:00,6408.0,6409.25,6408.0,6409.25,106
2026-03-29 23:59:00,6409.0,6409.0,6408.0,6408.0,150
2026-03-30 00:00:00,6408.25,6409.75,6408.0,6408.5,199
2026-03-30 00:01:00,6408.75,6410.5,6408.0,6408.25,620
2026-03-30 00:02:00,6408.5,6409.0,6407.75,6408.0,97
2026-03-30 00:03:00,6408.0,6408.0,6406.25,6407.75,239
2026-03-30 00:04:00,6407.75,6409.75,6407.75,6408.25,113
2026-03-30 00:05:00,6408.25,6410.0,6408.25,6409.75,61
2026-03-30 00:06:00,6409.75,6413.25,6409.75,6411.75,643
2026-03-30 00:07:00,6411.5,6412.25,6411.0,6412.25,121
2026-03-30 00:08:00,6411.75,6412.0,6410.75,6411.25,97
2026-03-30 00:09:00,6411.25,6411.5,6410.25,6411.5,102
2026-03-30 00:10:00,6411.0,6411.0,6409.5,6410.0,155
2026-03-30 00:11:00,6410.25,6412.0,6410.25,6411.25,135
2026-03-30 00:12:00,6411.25,6411.25,6410.5,6411.0,95
2026-03-30 00:13:00,6411.5,6411.5,6410.75,6410.75,55
2026-03-30 00:14:00,6410.5,6410.75,6409.75,6410.25,110
2026-03-30 00:15:00,6410.25,6411.0,6409.75,6411.0,83
2026-03-30 00:16:00,6411.0,6411.25,6410.75,6411.25,67
2026-03-30 00:17:00,6411.0,6411.25,6410.5,6410.5,104
2026-03-30 00:18:00,6410.5,6410.5,6409.75,6410.5,113
2026-03-30 00:19:00,6410.75,6411.5,6410.25,6410.5,66
2026-03-30 00:20:00,6410.5,6411.25,6410.5,6411.25,56
2026-03-30 00:21:00,6411.5,6413.0,6411.0,6411.5,276
2026-03-30 00:22:00,6411.5,6412.75,6411.5,6412.25,151
2026-03-30 00:23:00,6412.25,6413.0,6412.25,6412.75,133
2026-03-30 00:24:00,6412.75,6413.5,6412.25,6412.75,248
2026-03-30 00:25:00,6412.5,6416.0,6412.5,6415.5,611
2026-03-30 00:26:00,6415.25,6416.5,6415.0,6416.5,223
2026-03-30 00:27:00,6416.5,6417.0,6416.0,6416.75,392
2026-03-30 00:28:00,6416.5,6417.0,6416.5,6417.0,127
2026-03-30 00:29:00,6416.75,6418.25,6415.25,6415.5,299
2026-03-30 00:30:00,6415.5,6416.0,6413.5,6416.0,274
2026-03-30 00:31:00,6415.75,6415.75,6415.0,6415.25,68
2026-03-30 00:32:00,6415.25,6417.0,6415.25,6416.75,177
2026-03-30 00:33:00,6417.0,6419.0,6416.75,6417.25,317
2026-03-30 00:34:00,6417.0,6417.75,6416.75,6416.75,138
2026-03-30 00:35:00,6416.25,6416.25,6413.25,6414.0,404
2026-03-30 00:36:00,6414.0,6414.5,6413.0,6414.25,190
2026-03-30 00:37:00,6414.25,6415.25,6414.0,6414.75,85
2026-03-30 00:38:00,6414.75,6415.25,6414.25,6414.75,81
2026-03-30 00:39:00,6414.75,6415.25,6414.0,6414.25,63
2026-03-30 00:40:00,6414.0,6414.0,6412.25,6412.5,140
2026-03-30 00:41:00,6412.5,6413.0,6411.5,6412.5,156
2026-03-30 00:42:00,6412.5,6413.25,6412.0,6412.25,91
2026-03-30 00:43:00,6412.25,6412.5,6411.5,6412.0,84
2026-03-30 00:44:00,6412.0,6412.25,6411.5,6412.25,121
2026-03-30 00:45:00,6412.5,6413.0,6412.0,6412.25,127
2026-03-30 00:46:00,6412.5,6413.0,6411.5,6412.0,204
2026-03-30 00:47:00,6411.75,6411.75,6409.75,6411.25,333
2026-03-30 00:48:00,6411.0,6412.0,6411.0,6411.25,100
2026-03-30 00:49:00,6411.25,6412.5,6411.25,6412.25,69
2026-03-30 00:50:00,6412.25,6412.25,6410.75,6411.0,69
2026-03-30 00:51:00,6410.75,6411.25,6409.25,6410.0,106
2026-03-30 00:52:00,6410.25,6411.5,6410.0,6410.75,159
2026-03-30 00:53:00,6410.75,6411.5,6410.5,6410.75,59
2026-03-30 00:54:00,6410.75,6411.0,6410.0,6411.0,167
2026-03-30 00:55:00,6411.25,6413.0,6411.0,6412.25,110
2026-03-30 00:56:00,6412.25,6413.0,6411.5,6411.5,83
2026-03-30 00:57:00,6411.5,6412.5,6411.5,6412.0,104
2026-03-30 00:58:00,6411.75,6413.0,6411.75,6413.0,50
2026-03-30 00:59:00,6412.75,6413.0,6411.25,6411.5,118
2026-03-30 01:00:00,6411.25,6413.5,6411.25,6412.25,160
2026-03-30 01:01:00,6412.0,6414.25,6412.0,6412.75,128
2026-03-30 01:02:00,6412.75,6414.25,6412.25,6413.75,105
2026-03-30 01:03:00,6413.75,6414.0,6412.75,6412.75,58
2026-03-30 01:04:00,6412.75,6414.0,6412.75,6413.75,84
2026-03-30 01:05:00,6413.75,6414.0,6412.75,6413.75,94
2026-03-30 01:06:00,6413.75,6415.0,6413.5,6413.5,128
2026-03-30 01:07:00,6413.75,6416.25,6413.75,6415.25,151
2026-03-30 01:08:00,6415.25,6417.5,6414.5,6417.25,174
2026-03-30 01:09:00,6417.25,6418.5,6416.75,6418.5,190
2026-03-30 01:10:00,6418.25,6420.75,6418.0,6419.0,1259
2026-03-30 01:11:00,6419.0,6420.0,6418.5,6419.75,183
2026-03-30 01:12:00,6419.5,6419.75,6418.5,6418.5,142
2026-03-30 01:13:00,6418.75,6419.0,6415.75,6416.0,192
2026-03-30 01:14:00,6415.75,6416.25,6414.5,6415.0,176
2026-03-30 01:15:00,6415.0,6417.0,6415.0,6416.75,115
2026-03-30 01:16:00,6416.5,6419.0,6416.5,6417.75,144
2026-03-30 01:17:00,6417.5,6418.25,6417.25,6418.0,101
2026-03-30 01:18:00,6418.0,6419.25,6418.0,6418.5,128
2026-03-30 01:19:00,6418.5,6418.5,6417.75,6418.0,62
2026-03-30 01:20:00,6418.25,6418.75,6416.25,6418.5,212
2026-03-30 01:21:00,6418.25,6419.25,6417.5,6419.0,214
2026-03-30 01:22:00,6419.0,6419.75,6416.75,6418.5,124
2026-03-30 01:23:00,6418.5,6418.5,6416.0,6417.0,191
2026-03-30 01:24:00,6417.0,6418.5,6417.0,6418.5,62
2026-03-30 01:25:00,6418.5,6418.5,6417.25,6417.75,74
2026-03-30 01:26:00,6417.75,6418.5,6416.25,6418.5,126
2026-03-30 01:27:00,6418.0,6420.25,6418.0,6419.25,146
2026-03-30 01:28:00,6418.75,6419.25,6417.25,6417.5,163
2026-03-30 01:29:00,6417.5,6417.75,6416.0,6416.25,132
2026-03-30 01:30:00,6416.25,6417.25,6415.25,6416.5,219
2026-03-30 01:31:00,6416.25,6417.5,6416.0,6417.25,82
2026-03-30 01:32:00,6417.25,6417.75,6417.0,6417.5,109
2026-03-30 01:33:00,6417.5,6419.0,6417.0,6417.25,199
2026-03-30 01:34:00,6417.25,6418.75,6416.75,6418.75,96
2026-03-30 01:35:00,6419.0,6419.25,6417.0,6417.25,98
2026-03-30 01:36:00,6417.25,6418.0,6417.0,6417.25,96
2026-03-30 01:37:00,6417.25,6417.5,6416.25,6417.25,108
2026-03-30 01:38:00,6417.0,6417.0,6414.5,6415.0,118
2026-03-30 01:39:00,6415.5,6415.5,6413.5,6414.25,241
2026-03-30 01:40:00,6414.25,6415.0,6413.75,6414.5,168
2026-03-30 01:41:00,6414.75,6416.5,6414.75,6415.75,163
2026-03-30 01:42:00,6415.75,6415.75,6414.0,6414.5,77
2026-03-30 01:43:00,6414.5,6415.5,6414.25,6415.0,117
2026-03-30 01:44:00,6415.25,6415.25,6413.25,6414.25,245
2026-03-30 01:45:00,6414.5,6416.75,6414.5,6416.25,171
2026-03-30 01:46:00,6416.0,6416.0,6412.5,6412.75,148
2026-03-30 01:47:00,6413.0,6413.25,6412.5,6412.75,143
2026-03-30 01:48:00,6412.75,6415.0,6412.0,6414.25,165
2026-03-30 01:49:00,6414.25,6415.5,6413.25,6415.0,147
2026-03-30 01:50:00,6415.25,6416.75,6414.75,6415.75,258
2026-03-30 01:51:00,6415.75,6418.5,6415.0,6418.5,201
2026-03-30 01:52:00,6418.25,6418.5,6417.25,6417.25,117
2026-03-30 01:53:00,6417.5,6417.75,6416.5,6417.5,101
2026-03-30 01:54:00,6417.25,6419.5,6417.25,6419.0,164
2026-03-30 01:55:00,6419.0,6419.0,6417.0,6417.5,80
2026-03-30 01:56:00,6417.5,6419.5,6417.5,6418.5,166
2026-03-30 01:57:00,6418.0,6419.0,6417.25,6419.0,87
2026-03-30 01:58:00,6418.75,6418.75,6417.25,6418.5,92
2026-03-30 01:59:00,6418.5,6418.5,6416.75,6416.75,152
2026-03-30 02:00:00,6416.75,6418.5,6415.25,6418.25,295
2026-03-30 02:01:00,6418.0,6419.5,6417.5,6418.5,188
2026-03-30 02:02:00,6418.75,6422.0,6418.5,6421.5,501
2026-03-30 02:03:00,6421.25,6421.25,6415.5,6418.5,408
2026-03-30 02:04:00,6418.75,6421.5,6418.75,6421.0,161
2026-03-30 02:05:00,6421.0,6421.75,6419.5,6419.5,142
2026-03-30 02:06:00,6419.5,6421.75,6419.5,6421.75,190
2026-03-30 02:07:00,6421.75,6423.25,6421.75,6423.0,251
2026-03-30 02:08:00,6423.0,6424.0,6421.5,6422.0,454
2026-03-30 02:09:00,6422.0,6422.5,6420.0,6420.25,123
2026-03-30 02:10:00,6420.5,6420.75,6418.25,6419.5,396
2026-03-30 02:11:00,6419.5,6420.0,6417.75,6418.5,145
2026-03-30 02:12:00,6418.5,6419.75,6418.0,6418.5,199
2026-03-30 02:13:00,6418.5,6420.5,6418.5,6420.25,193
2026-03-30 02:14:00,6420.0,6420.0,6418.75,6419.5,151
2026-03-30 02:15:00,6419.5,6421.25,6419.5,6420.25,147
2026-03-30 02:16:00,6420.5,6422.25,6420.25,6422.0,122
2026-03-30 02:17:00,6421.5,6422.25,6421.25,6421.75,110
2026-03-30 02:18:00,6421.75,6423.5,6421.25,6422.5,196
2026-03-30 02:19:00,6422.5,6424.25,6421.25,6421.75,225
2026-03-30 02:20:00,6421.75,6422.25,6420.75,6422.0,120
2026-03-30 02:21:00,6422.0,6422.5,6422.0,6422.25,80
2026-03-30 02:22:00,6422.25,6423.0,6422.0,6422.75,199
2026-03-30 02:23:00,6422.75,6424.5,6422.25,6422.75,376
2026-03-30 02:24:00,6422.5,6423.0,6422.0,6422.75,431
2026-03-30 02:25:00,6422.75,6425.25,6422.5,6424.75,696
2026-03-30 02:26:00,6425.0,6427.25,6424.5,6424.75,683
2026-03-30 02:27:00,6424.5,6424.5,6421.5,6423.75,309
2026-03-30 02:28:00,6424.0,6425.5,6423.75,6424.5,175
2026-03-30 02:29:00,6424.25,6424.25,6422.5,6422.75,174
2026-03-30 02:30:00,6423.0,6425.75,6422.5,6425.0,345
2026-03-30 02:31:00,6425.0,6425.75,6423.75,6423.75,134
2026-03-30 02:32:00,6423.75,6425.25,6422.25,6424.5,227
2026-03-30 02:33:00,6424.25,6425.5,6423.25,6425.0,143
2026-03-30 02:34:00,6425.25,6426.5,6425.0,6425.25,376
2026-03-30 02:35:00,6425.5,6426.25,6425.0,6425.5,164
2026-03-30 02:36:00,6425.25,6425.5,6424.5,6425.5,86
2026-03-30 02:37:00,6425.75,6426.5,6424.25,6424.25,161
2026-03-30 02:38:00,6424.25,6429.0,6424.25,6424.75,498
2026-03-30 02:39:00,6424.75,6426.25,6424.25,6426.25,111
2026-03-30 02:40:00,6426.25,6428.0,6425.75,6427.75,303
2026-03-30 02:41:00,6427.5,6428.5,6427.0,6427.5,269
2026-03-30 02:42:00,6427.5,6428.75,6427.5,6428.5,288
2026-03-30 02:43:00,6428.25,6428.5,6428.0,6428.0,178
2026-03-30 02:44:00,6428.0,6430.25,6428.0,6428.75,532
2026-03-30 02:45:00,6429.0,6430.0,6428.5,6428.75,132
2026-03-30 02:46:00,6428.75,6430.75,6428.5,6430.0,311
2026-03-30 02:47:00,6430.0,6430.75,6429.5,6430.5,267
2026-03-30 02:48:00,6430.5,6431.25,6430.0,6430.75,210
2026-03-30 02:49:00,6430.25,6432.25,6430.25,6432.25,406
2026-03-30 02:50:00,6432.25,6435.5,6431.5,6435.0,1189
2026-03-30 02:51:00,6434.75,6435.25,6432.75,6433.0,643
2026-03-30 02:52:00,6433.0,6433.75,6431.5,6431.5,183
2026-03-30 02:53:00,6431.5,6431.75,6429.5,6430.25,198
2026-03-30 02:54:00,6430.25,6431.0,6429.5,6430.0,169
2026-03-30 02:55:00,6430.0,6430.25,6429.25,6430.0,177
2026-03-30 02:56:00,6430.25,6430.5,6428.0,6429.0,361
2026-03-30 02:57:00,6429.0,6429.25,6427.75,6428.0,166
2026-03-30 02:58:00,6428.0,6430.0,6427.5,6429.0,357
2026-03-30 02:59:00,6429.0,6430.0,6428.0,6429.25,274
2026-03-30 03:00:00,6429.0,6429.5,6424.0,6425.0,881
2026-03-30 03:01:00,6425.0,6426.75,6423.75,6426.0,584
2026-03-30 03:02:00,6426.25,6427.25,6423.5,6424.75,365
2026-03-30 03:03:00,6425.0,6425.5,6424.0,6425.25,344
2026-03-30 03:04:00,6425.0,6426.5,6424.0,6425.25,269
2026-03-30 03:05:00,6425.75,6426.0,6424.0,6425.0,173
2026-03-30 03:06:00,6424.75,6426.75,6424.25,6426.75,186
2026-03-30 03:07:00,6426.5,6429.75,6426.5,6427.75,372
2026-03-30 03:08:00,6427.75,6431.0,6427.25,6430.5,335
2026-03-30 03:09:00,6430.5,6431.0,6429.5,6430.75,346
2026-03-30 03:10:00,6430.75,6431.25,6430.0,6430.5,218
2026-03-30 03:11:00,6430.5,6433.25,6430.25,6433.0,285
2026-03-30 03:12:00,6432.75,6433.0,6431.0,6431.75,179
2026-03-30 03:13:00,6432.0,6432.0,6429.75,6431.5,240
2026-03-30 03:14:00,6431.75,6432.0,6430.25,6430.25,184
2026-03-30 03:15:00,6430.25,6430.5,6428.25,6428.5,406
2026-03-30 03:16:00,6428.25,6429.75,6427.0,6427.25,278
2026-03-30 03:17:00,6427.5,6429.0,6426.5,6429.0,274
2026-03-30 03:18:00,6429.0,6429.5,6427.25,6427.75,153
2026-03-30 03:19:00,6427.75,6429.25,6427.25,6428.5,348
2026-03-30 03:20:00,6428.5,6430.25,6428.5,6429.75,175
2026-03-30 03:21:00,6429.75,6431.75,6429.5,6431.0,204
2026-03-30 03:22:00,6431.25,6431.75,6429.75,6430.25,243
2026-03-30 03:23:00,6430.25,6430.25,6427.0,6427.5,338
2026-03-30 03:24:00,6427.5,6429.0,6426.75,6427.5,313
2026-03-30 03:25:00,6427.5,6428.5,6426.0,6427.25,334
2026-03-30 03:26:00,6427.5,6427.5,6426.25,6426.25,173
2026-03-30 03:27:00,6426.0,6426.5,6423.75,6425.75,324
2026-03-30 03:28:00,6426.0,6426.5,6424.5,6426.5,213
2026-03-30 03:29:00,6426.5,6428.5,6426.5,6427.25,310
2026-03-30 03:30:00,6427.5,6430.75,6427.25,6428.5,296
2026-03-30 03:31:00,6428.5,6429.0,6427.75,6428.25,225
2026-03-30 03:32:00,6428.25,6428.5,6424.75,6425.25,337
2026-03-30 03:33:00,6425.25,6425.25,6422.75,6423.5,287
2026-03-30 03:34:00,6423.75,6430.0,6423.75,6429.5,689
2026-03-30 03:35:00,6429.5,6434.75,6427.5,6430.25,1010
2026-03-30 03:36:00,6430.0,6431.75,6429.75,6431.75,257
2026-03-30 03:37:00,6431.75,6432.5,6427.75,6428.0,552
2026-03-30 03:38:00,6428.0,6430.5,6427.25,6429.75,216
2026-03-30 03:39:00,6429.5,6429.75,6427.75,6429.0,403
2026-03-30 03:40:00,6428.75,6429.0,6426.75,6428.5,329
2026-03-30 03:41:00,6428.5,6431.5,6428.25,6430.75,274
2026-03-30 03:42:00,6431.0,6431.5,6429.75,6430.0,260
2026-03-30 03:43:00,6430.0,6430.5,6428.75,6430.25,244
2026-03-30 03:44:00,6430.0,6430.5,6428.75,6430.0,220
2026-03-30 03:45:00,6430.25,6431.25,6429.75,6431.0,196
2026-03-30 03:46:00,6430.75,6432.75,6430.25,6431.5,208
2026-03-30 03:47:00,6431.75,6433.0,6431.75,6432.5,239
2026-03-30 03:48:00,6432.5,6432.5,6430.75,6432.25,280
2026-03-30 03:49:00,6432.25,6433.5,6431.75,6433.25,196
2026-03-30 03:50:00,6433.0,6434.75,6432.5,6434.75,330
2026-03-30 03:51:00,6434.75,6438.0,6434.25,6436.75,584
2026-03-30 03:52:00,6436.75,6437.75,6435.0,6436.75,475
2026-03-30 03:53:00,6436.5,6436.75,6433.5,6433.75,256
2026-03-30 03:54:00,6433.75,6436.25,6433.75,6435.0,198
2026-03-30 03:55:00,6435.25,6436.5,6435.0,6436.25,185
2026-03-30 03:56:00,6436.25,6437.75,6435.25,6435.5,609
2026-03-30 03:57:00,6435.75,6435.75,6433.25,6433.5,326
2026-03-30 03:58:00,6433.5,6435.0,6432.5,6433.75,271
2026-03-30 03:59:00,6434.0,6435.75,6433.75,6435.0,207
2026-03-30 04:00:00,6434.75,6434.75,6432.0,6433.25,348
2026-03-30 04:01:00,6433.25,6433.25,6431.75,6432.0,188
2026-03-30 04:02:00,6431.75,6432.75,6430.0,6430.0,318
2026-03-30 04:03:00,6430.25,6432.5,6429.25,6432.0,253
2026-03-30 04:04:00,6432.0,6436.0,6432.0,6436.0,221
2026-03-30 04:05:00,6436.0,6439.5,6435.0,6438.75,698
2026-03-30 04:06:00,6438.25,6439.75,6435.25,6435.25,535
2026-03-30 04:07:00,6435.0,6436.0,6433.25,6434.5,294
2026-03-30 04:08:00,6434.5,6436.25,6432.25,6436.25,645
2026-03-30 04:09:00,6436.0,6438.0,6435.25,6437.5,285
2026-03-30 04:10:00,6437.5,6439.25,6437.0,6438.75,437
2026-03-30 04:11:00,6438.75,6439.5,6437.75,6438.0,343
2026-03-30 04:12:00,6438.0,6440.75,6437.75,6438.5,628
2026-03-30 04:13:00,6438.25,6441.25,6438.0,6441.0,344
2026-03-30 04:14:00,6441.0,6441.75,6440.0,6440.75,312
2026-03-30 04:15:00,6440.5,6441.75,6439.0,6441.0,333
2026-03-30 04:16:00,6441.0,6444.0,6441.0,6443.75,839
2026-03-30 04:17:00,6443.5,6444.0,6442.0,6442.0,247
2026-03-30 04:18:00,6441.75,6443.0,6441.0,6441.5,202
2026-03-30 04:19:00,6441.5,6442.0,6440.75,6442.0,247
2026-03-30 04:20:00,6441.75,6441.75,6441.0,6441.0,211
2026-03-30 04:21:00,6441.0,6443.0,6439.75,6441.75,865
2026-03-30 04:22:00,6441.5,6442.0,6440.25,6441.75,439
2026-03-30 04:23:00,6441.75,6442.75,6438.0,6439.0,508
2026-03-30 04:24:00,6439.0,6439.5,6438.25,6439.0,192
2026-03-30 04:25:00,6438.75,6439.25,6437.5,6438.5,389
2026-03-30 04:26:00,6439.0,6441.75,6439.0,6439.75,471
2026-03-30 04:27:00,6440.0,6442.5,6440.0,6441.75,328
2026-03-30 04:28:00,6441.75,6442.5,6441.0,6441.75,345
2026-03-30 04:29:00,6441.75,6442.5,6441.5,6442.5,269
2026-03-30 04:30:00,6442.25,6443.5,6441.25,6443.5,392
2026-03-30 04:31:00,6443.25,6445.25,6442.75,6445.0,621
2026-03-30 04:32:00,6445.25,6445.75,6443.75,6445.0,393
2026-03-30 04:33:00,6445.0,6446.0,6443.0,6443.25,515
2026-03-30 04:34:00,6443.5,6443.5,6441.5,6441.75,250
2026-03-30 04:35:00,6441.5,6441.75,6440.0,6440.5,327
2026-03-30 04:36:00,6440.5,6441.5,6439.75,6441.25,258
2026-03-30 04:37:00,6441.0,6442.5,6441.0,6442.25,263
2026-03-30 04:38:00,6442.5,6446.5,6442.25,6446.0,792
2026-03-30 04:39:00,6445.75,6446.0,6443.25,6443.75,570
2026-03-30 04:40:00,6443.5,6444.5,6441.75,6442.5,387
2026-03-30 04:41:00,6442.5,6443.25,6440.75,6443.0,311
2026-03-30 04:42:00,6442.75,6443.0,6441.0,6441.5,399
2026-03-30 04:43:00,6441.75,6442.0,6440.5,6441.25,357
2026-03-30 04:44:00,6441.0,6442.5,6440.5,6441.75,223
2026-03-30 04:45:00,6441.75,6443.5,6441.5,6442.5,283
2026-03-30 04:46:00,6442.5,6444.0,6442.25,6443.5,258
2026-03-30 04:47:00,6443.5,6444.25,6441.5,6441.5,188
2026-03-30 04:48:00,6441.5,6441.75,6438.25,6439.25,481
2026-03-30 04:49:00,6439.25,6445.5,6439.25,6444.0,429
2026-03-30 04:50:00,6444.25,6445.0,6444.0,6444.25,194
2026-03-30 04:51:00,6444.25,6445.75,6443.5,6444.25,378
2026-03-30 04:52:00,6444.25,6445.0,6444.0,6444.0,151
2026-03-30 04:53:00,6444.25,6444.5,6443.25,6443.75,141
2026-03-30 04:54:00,6443.75,6444.0,6442.75,6443.5,125
2026-03-30 04:55:00,6443.5,6444.0,6442.25,6443.25,193
2026-03-30 04:56:00,6443.0,6443.5,6442.25,6443.0,275
2026-03-30 04:57:00,6443.0,6447.25,6443.0,6446.75,604
2026-03-30 04:58:00,6446.5,6447.25,6445.75,6446.0,616
2026-03-30 04:59:00,6446.0,6447.25,6445.5,6446.0,628
2026-03-30 05:00:00,6446.25,6446.5,6445.25,6445.25,288
2026-03-30 05:01:00,6445.0,6446.25,6443.5,6445.75,262
2026-03-30 05:02:00,6445.75,6446.5,6445.0,6445.25,304
2026-03-30 05:03:00,6445.0,6445.0,6443.0,6445.0,303
2026-03-30 05:04:00,6444.75,6446.25,6444.5,6446.25,126
2026-03-30 05:05:00,6446.0,6446.5,6443.25,6443.25,288
2026-03-30 05:06:00,6443.0,6444.25,6442.75,6443.75,236
2026-03-30 05:07:00,6443.75,6446.25,6443.25,6446.0,178
2026-03-30 05:08:00,6446.25,6446.5,6443.75,6444.0,240
2026-03-30 05:09:00,6444.25,6444.5,6441.75,6442.75,424
2026-03-30 05:10:00,6443.0,6443.75,6441.75,6442.25,269
2026-03-30 05:11:00,6442.25,6444.25,6441.0,6444.25,379
2026-03-30 05:12:00,6444.5,6444.75,6441.5,6441.5,314
2026-03-30 05:13:00,6442.0,6442.75,6441.0,6442.0,381
2026-03-30 05:14:00,6442.0,6442.25,6439.25,6440.5,285
2026-03-30 05:15:00,6440.5,6440.5,6435.25,6435.5,698
2026-03-30 05:16:00,6435.5,6436.5,6434.0,6435.5,799
2026-03-30 05:17:00,6435.5,6444.25,6433.5,6439.0,1866
2026-03-30 05:18:00,6439.0,6440.0,6437.25,6440.0,416
2026-03-30 05:19:00,6439.75,6439.75,6437.0,6438.0,314
2026-03-30 05:20:00,6438.0,6441.25,6437.5,6441.25,368
2026-03-30 05:21:00,6441.0,6441.25,6439.5,6439.5,171
2026-03-30 05:22:00,6439.75,6440.25,6437.75,6437.75,332
2026-03-30 05:23:00,6437.75,6438.0,6435.5,6437.5,295
2026-03-30 05:24:00,6437.5,6439.75,6437.5,6438.5,240
2026-03-30 05:25:00,6438.5,6439.0,6437.75,6438.0,256
2026-03-30 05:26:00,6438.0,6439.75,6437.75,6438.75,183
2026-03-30 05:27:00,6439.0,6439.25,6436.75,6437.0,181
2026-03-30 05:28:00,6437.25,6437.5,6436.25,6436.5,138
2026-03-30 05:29:00,6436.5,6438.5,6436.25,6436.5,272
2026-03-30 05:30:00,6436.75,6438.25,6436.5,6436.75,255
2026-03-30 05:31:00,6436.5,6439.0,6436.5,6437.25,257
2026-03-30 05:32:00,6437.25,6437.25,6436.0,6436.25,203
2026-03-30 05:33:00,6436.0,6436.75,6435.25,6435.5,255
2026-03-30 05:34:00,6435.5,6436.25,6433.0,6435.0,380
2026-03-30 05:35:00,6434.5,6434.75,6432.0,6433.25,281
2026-03-30 05:36:00,6433.5,6435.0,6433.5,6434.25,444
2026-03-30 05:37:00,6434.25,6436.0,6434.0,6434.75,491
2026-03-30 05:38:00,6434.5,6438.25,6434.25,6438.0,377
2026-03-30 05:39:00,6438.0,6440.5,6437.75,6439.0,640
2026-03-30 05:40:00,6438.75,6438.75,6437.0,6437.75,176
2026-03-30 05:41:00,6437.75,6437.75,6435.5,6435.75,129
2026-03-30 05:42:00,6435.75,6438.25,6435.5,6436.25,305
2026-03-30 05:43:00,6436.25,6436.25,6434.0,6434.75,347
2026-03-30 05:44:00,6434.75,6436.75,6434.75,6436.25,332
2026-03-30 05:45:00,6436.0,6436.25,6434.5,6435.25,363
2026-03-30 05:46:00,6435.5,6437.25,6435.25,6437.25,227
2026-03-30 05:47:00,6437.0,6437.25,6435.75,6436.25,159
2026-03-30 05:48:00,6436.5,6437.75,6436.0,6437.0,477
2026-03-30 05:49:00,6437.0,6437.0,6435.0,6435.25,383
2026-03-30 05:50:00,6435.25,6435.75,6434.25,6435.0,598
2026-03-30 05:51:00,6435.0,6435.5,6433.5,6434.75,458
2026-03-30 05:52:00,6435.0,6438.25,6434.75,6437.5,548
2026-03-30 05:53:00,6437.5,6439.0,6436.75,6437.75,449
2026-03-30 05:54:00,6437.75,6438.0,6435.75,6436.0,259
2026-03-30 05:55:00,6436.0,6437.0,6435.25,6436.0,204
2026-03-30 05:56:00,6436.0,6436.75,6435.5,6436.0,282
2026-03-30 05:57:00,6435.75,6436.25,6433.75,6434.5,346
2026-03-30 05:58:00,6434.5,6438.25,6434.5,6437.0,358
2026-03-30 05:59:00,6437.0,6438.0,6436.75,6437.25,257
2026-03-30 06:00:00,6437.5,6437.75,6436.0,6436.5,278
2026-03-30 06:01:00,6436.25,6436.75,6434.5,6435.5,351
2026-03-30 06:02:00,6435.25,6437.0,6435.25,6435.75,210
2026-03-30 06:03:00,6435.5,6436.5,6435.25,6435.25,149
2026-03-30 06:04:00,6435.5,6436.0,6434.75,6436.0,165
2026-03-30 06:05:00,6436.0,6438.25,6435.0,6438.25,270
2026-03-30 06:06:00,6438.25,6438.25,6437.0,6438.25,363
2026-03-30 06:07:00,6438.0,6439.25,6437.5,6438.75,217
2026-03-30 06:08:00,6438.75,6440.0,6437.5,6439.5,301
2026-03-30 06:09:00,6439.5,6440.25,6439.0,6439.25,287
2026-03-30 06:10:00,6439.5,6440.5,6439.0,6440.25,214
2026-03-30 06:11:00,6440.5,6440.5,6436.75,6438.0,388
2026-03-30 06:12:00,6438.0,6438.0,6436.0,6436.0,291
2026-03-30 06:13:00,6436.0,6437.0,6434.5,6435.5,409
2026-03-30 06:14:00,6435.75,6437.25,6435.0,6436.25,516
2026-03-30 06:15:00,6436.25,6437.5,6436.0,6436.75,327
2026-03-30 06:16:00,6436.5,6436.5,6434.25,6436.25,418
2026-03-30 06:17:00,6436.0,6437.0,6435.75,6437.0,277
2026-03-30 06:18:00,6437.0,6438.0,6437.0,6437.75,211
2026-03-30 06:19:00,6437.75,6438.25,6437.5,6437.75,170
2026-03-30 06:20:00,6437.5,6439.75,6437.5,6438.75,260
2026-03-30 06:21:00,6438.75,6439.75,6437.5,6439.0,272
2026-03-30 06:22:00,6439.25,6439.25,6437.25,6438.75,259
2026-03-30 06:23:00,6439.0,6440.0,6438.75,6439.5,263
2026-03-30 06:24:00,6439.75,6440.5,6438.75,6439.25,234
2026-03-30 06:25:00,6439.0,6441.0,6439.0,6440.75,307
2026-03-30 06:26:00,6440.75,6441.0,6439.75,6440.25,282
2026-03-30 06:27:00,6440.25,6441.75,6440.25,6440.75,210
2026-03-30 06:28:00,6440.75,6441.0,6438.0,6439.75,287
2026-03-30 06:29:00,6440.0,6440.75,6439.0,6439.5,385
2026-03-30 06:30:00,6439.25,6439.5,6437.5,6438.25,222
2026-03-30 06:31:00,6438.0,6438.5,6434.75,6436.25,472
2026-03-30 06:32:00,6436.5,6439.25,6435.75,6438.75,508
2026-03-30 06:33:00,6438.75,6439.25,6437.0,6437.0,361
2026-03-30 06:34:00,6437.25,6438.25,6436.5,6437.5,560
2026-03-30 06:35:00,6437.25,6439.0,6436.5,6438.0,428
2026-03-30 06:36:00,6438.0,6438.5,6437.25,6438.25,265
2026-03-30 06:37:00,6438.0,6438.0,6433.75,6434.5,369
2026-03-30 06:38:00,6434.5,6436.0,6433.25,6434.25,218
2026-03-30 06:39:00,6434.25,6437.0,6433.25,6437.0,230
2026-03-30 06:40:00,6436.75,6436.75,6435.25,6435.75,195
2026-03-30 06:41:00,6435.5,6435.75,6434.75,6435.75,191
2026-03-30 06:42:00,6435.75,6437.25,6435.25,6435.25,186
2026-03-30 06:43:00,6435.0,6435.5,6432.75,6435.0,250
2026-03-30 06:44:00,6435.0,6435.5,6434.25,6435.25,182
2026-03-30 06:45:00,6435.0,6436.5,6434.25,6436.0,178
2026-03-30 06:46:00,6436.0,6436.5,6435.25,6436.25,106
2026-03-30 06:47:00,6436.5,6437.75,6435.5,6436.5,279
2026-03-30 06:48:00,6436.5,6437.75,6435.75,6437.5,359
2026-03-30 06:49:00,6437.75,6439.5,6437.25,6438.75,577
2026-03-30 06:50:00,6438.5,6442.5,6438.5,6441.75,621
2026-03-30 06:51:00,6441.75,6442.75,6441.0,6441.25,338
2026-03-30 06:52:00,6441.0,6441.25,6438.0,6438.5,252
2026-03-30 06:53:00,6438.5,6440.5,6438.25,6440.0,198
2026-03-30 06:54:00,6440.5,6441.25,6439.75,6440.75,152
2026-03-30 06:55:00,6440.75,6441.0,6440.5,6441.0,134
2026-03-30 06:56:00,6441.0,6441.25,6439.25,6439.25,184
2026-03-30 06:57:00,6439.5,6441.25,6438.75,6440.75,208
2026-03-30 06:58:00,6440.5,6442.25,6440.5,6440.75,272
2026-03-30 06:59:00,6440.5,6442.5,6440.25,6442.5,301
2026-03-30 07:00:00,6442.5,6446.5,6442.0,6444.5,1567
2026-03-30 07:01:00,6444.5,6446.75,6444.5,6445.5,807
2026-03-30 07:02:00,6445.25,6446.0,6443.75,6444.75,518
2026-03-30 07:03:00,6444.5,6445.0,6443.75,6444.25,171
2026-03-30 07:04:00,6444.25,6444.25,6443.0,6443.75,181
2026-03-30 07:05:00,6443.25,6443.75,6442.5,6442.5,306
2026-03-30 07:06:00,6442.75,6444.25,6442.5,6443.25,309
2026-03-30 07:07:00,6443.25,6445.25,6443.25,6443.5,586
2026-03-30 07:08:00,6443.5,6445.5,6443.25,6445.5,260
2026-03-30 07:09:00,6445.25,6445.75,6444.75,6444.75,371
2026-03-30 07:10:00,6444.75,6445.5,6442.5,6443.0,432
2026-03-30 07:11:00,6443.0,6444.5,6442.75,6444.25,204
2026-03-30 07:12:00,6444.25,6444.5,6443.0,6443.5,168
2026-03-30 07:13:00,6443.5,6445.75,6443.25,6445.5,276
2026-03-30 07:14:00,6445.5,6445.5,6442.75,6444.0,599
2026-03-30 07:15:00,6444.0,6444.5,6443.0,6444.25,206
2026-03-30 07:16:00,6444.25,6445.25,6442.75,6445.0,658
2026-03-30 07:17:00,6445.25,6448.5,6444.75,6447.75,1180
2026-03-30 07:18:00,6447.75,6449.75,6447.75,6448.5,1636
2026-03-30 07:19:00,6448.25,6452.5,6448.25,6451.25,2221
2026-03-30 07:20:00,6451.0,6452.0,6448.5,6449.5,657
2026-03-30 07:21:00,6449.75,6450.75,6449.5,6450.5,581
2026-03-30 07:22:00,6450.5,6452.5,6449.5,6452.25,592
2026-03-30 07:23:00,6452.25,6453.75,6451.25,6453.25,742
2026-03-30 07:24:00,6453.25,6454.75,6452.5,6453.0,633
2026-03-30 07:25:00,6453.0,6453.75,6451.0,6451.25,447
2026-03-30 07:26:00,6451.5,6481.75,6451.0,6455.5,6152
2026-03-30 07:27:00,6455.75,6467.5,6447.5,6453.5,6342
2026-03-30 07:28:00,6453.5,6457.0,6445.25,6455.0,2894
2026-03-30 07:29:00,6455.0,6459.75,6452.0,6457.0,2088
2026-03-30 07:30:00,6457.0,6461.5,6453.0,6454.0,2478
2026-03-30 07:31:00,6454.0,6458.0,6450.0,6451.5,2088
2026-03-30 07:32:00,6451.5,6457.0,6451.25,6454.25,1233
2026-03-30 07:33:00,6454.5,6454.5,6447.5,6452.0,1529
2026-03-30 07:34:00,6452.0,6452.0,6446.5,6450.0,1227
2026-03-30 07:35:00,6450.0,6456.75,6449.75,6453.75,1636
2026-03-30 07:36:00,6453.5,6456.0,6452.5,6455.5,1132
2026-03-30 07:37:00,6455.25,6456.0,6451.5,6452.25,691
2026-03-30 07:38:00,6452.25,6453.75,6450.25,6452.25,772
2026-03-30 07:39:00,6452.5,6453.5,6451.75,6452.75,366
2026-03-30 07:40:00,6452.75,6453.0,6450.25,6450.75,611
2026-03-30 07:41:00,6450.75,6453.0,6449.5,6450.75,999
2026-03-30 07:42:00,6450.75,6452.75,6449.0,6452.25,667
2026-03-30 07:43:00,6452.25,6454.25,6451.0,6452.5,994
2026-03-30 07:44:00,6452.25,6453.25,6450.25,6452.25,571
2026-03-30 07:45:00,6452.5,6452.5,6449.75,6451.0,401
2026-03-30 07:46:00,6450.75,6453.75,6450.5,6452.5,644
2026-03-30 07:47:00,6452.25,6452.25,6450.75,6451.5,377
2026-03-30 07:48:00,6451.5,6452.0,6450.25,6451.0,374
2026-03-30 07:49:00,6451.25,6453.5,6451.0,6453.0,494
2026-03-30 07:50:00,6452.75,6455.75,6452.75,6454.5,720
2026-03-30 07:51:00,6454.75,6456.5,6453.5,6454.25,597
2026-03-30 07:52:00,6454.25,6454.5,6453.25,6453.5,413
2026-03-30 07:53:00,6453.5,6454.5,6452.0,6453.0,784
2026-03-30 07:54:00,6452.75,6453.5,6449.0,6453.25,1057
2026-03-30 07:55:00,6453.0,6453.5,6449.75,6450.25,753
2026-03-30 07:56:00,6450.5,6450.5,6448.25,6448.25,642
2026-03-30 07:57:00,6448.25,6449.5,6447.25,6448.0,413
2026-03-30 07:58:00,6448.0,6450.0,6446.25,6449.25,625
2026-03-30 07:59:00,6449.25,6450.5,6448.75,6450.0,358
2026-03-30 08:00:00,6450.0,6451.25,6446.25,6447.25,920
2026-03-30 08:01:00,6447.0,6449.75,6446.25,6447.0,549
2026-03-30 08:02:00,6446.75,6447.5,6442.75,6447.5,942
2026-03-30 08:03:00,6447.75,6447.75,6445.0,6446.0,451
2026-03-30 08:04:00,6446.0,6448.75,6446.0,6448.5,350
2026-03-30 08:05:00,6448.25,6452.0,6447.75,6451.0,515
2026-03-30 08:06:00,6451.25,6452.5,6450.5,6450.75,430
2026-03-30 08:07:00,6451.0,6451.5,6450.0,6450.75,241
2026-03-30 08:08:00,6450.75,6451.75,6450.0,6450.5,431
2026-03-30 08:09:00,6450.5,6453.5,6449.25,6450.0,777
2026-03-30 08:10:00,6449.5,6452.0,6449.0,6451.75,501
2026-03-30 08:11:00,6451.75,6451.75,6449.75,6450.0,419
2026-03-30 08:12:00,6450.25,6452.0,6450.0,6450.75,507
2026-03-30 08:13:00,6450.75,6453.5,6450.0,6452.75,584
2026-03-30 08:14:00,6452.5,6452.5,6451.5,6452.0,212
2026-03-30 08:15:00,6452.25,6453.0,6451.5,6452.5,492
2026-03-30 08:16:00,6452.5,6453.0,6450.0,6450.5,913
2026-03-30 08:17:00,6450.75,6455.5,6450.5,6455.5,607
2026-03-30 08:18:00,6455.25,6457.25,6454.5,6456.5,976
2026-03-30 08:19:00,6456.5,6458.0,6456.0,6456.5,630
2026-03-30 08:20:00,6456.25,6456.75,6454.5,6455.25,530
2026-03-30 08:21:00,6455.5,6456.25,6454.0,6455.75,716
2026-03-30 08:22:00,6455.5,6456.25,6454.5,6454.75,365
2026-03-30 08:23:00,6454.5,6458.75,6454.5,6458.0,641
2026-03-30 08:24:00,6458.0,6461.5,6458.0,6460.0,913
2026-03-30 08:25:00,6460.0,6460.75,6458.75,6460.5,810
2026-03-30 08:26:00,6460.75,6463.25,6460.25,6461.5,1908
2026-03-30 08:27:00,6461.75,6462.0,6460.25,6460.25,619
2026-03-30 08:28:00,6460.5,6461.5,6459.75,6460.25,424
2026-03-30 08:29:00,6460.25,6462.75,6460.25,6461.0,715
2026-03-30 08:30:00,6461.0,6464.0,6459.0,6463.75,815
2026-03-30 08:31:00,6463.75,6464.25,6461.0,6462.5,775
2026-03-30 08:32:00,6462.75,6466.5,6462.25,6464.75,1031
2026-03-30 08:33:00,6464.75,6466.25,6464.25,6465.0,1072
2026-03-30 08:34:00,6465.25,6465.25,6462.25,6463.5,1195
2026-03-30 08:35:00,6463.5,6465.25,6462.75,6464.75,733
2026-03-30 08:36:00,6464.25,6464.75,6462.75,6463.0,805
2026-03-30 08:37:00,6463.0,6464.25,6462.25,6462.5,642
2026-03-30 08:38:00,6462.5,6464.25,6462.25,6464.0,551
2026-03-30 08:39:00,6464.0,6465.0,6463.25,6464.0,416
2026-03-30 08:40:00,6464.0,6464.25,6462.5,6463.75,629
2026-03-30 08:41:00,6463.75,6464.0,6462.0,6462.5,668
2026-03-30 08:42:00,6462.5,6464.0,6462.5,6462.75,561
2026-03-30 08:43:00,6462.75,6465.5,6462.0,6464.75,714
2026-03-30 08:44:00,6465.0,6465.25,6463.25,6463.75,689
2026-03-30 08:45:00,6464.0,6464.0,6461.75,6462.25,350
2026-03-30 08:46:00,6462.5,6463.75,6462.0,6462.0,449
2026-03-30 08:47:00,6462.0,6463.5,6462.0,6463.5,403
2026-03-30 08:48:00,6463.5,6464.0,6463.0,6463.25,577
2026-03-30 08:49:00,6463.25,6464.5,6462.25,6464.5,571
2026-03-30 08:50:00,6464.5,6464.5,6459.5,6459.5,865
2026-03-30 08:51:00,6459.5,6461.0,6458.75,6460.5,707
2026-03-30 08:52:00,6460.5,6461.75,6460.25,6461.75,594
2026-03-30 08:53:00,6461.75,6462.75,6461.25,6462.25,461
2026-03-30 08:54:00,6462.25,6462.75,6461.5,6461.5,361
2026-03-30 08:55:00,6461.75,6462.75,6461.0,6461.5,545
2026-03-30 08:56:00,6461.5,6463.5,6460.75,6463.0,369
2026-03-30 08:57:00,6463.25,6463.25,6461.25,6461.75,401
2026-03-30 08:58:00,6462.0,6464.25,6461.75,6463.5,430
2026-03-30 08:59:00,6463.75,6464.25,6462.25,6464.0,731
2026-03-30 09:00:00,6464.0,6468.75,6463.75,6466.75,2694
2026-03-30 09:01:00,6466.75,6468.0,6464.25,6464.75,882
2026-03-30 09:02:00,6465.0,6466.75,6463.75,6466.75,737
2026-03-30 09:03:00,6466.5,6466.5,6464.25,6464.75,526
2026-03-30 09:04:00,6465.0,6465.0,6462.25,6462.25,823
2026-03-30 09:05:00,6462.5,6464.0,6460.5,6461.0,951
2026-03-30 09:06:00,6461.0,6462.5,6460.0,6460.0,1124
2026-03-30 09:07:00,6460.0,6462.0,6459.25,6462.0,550
2026-03-30 09:08:00,6462.0,6462.25,6456.0,6456.75,1260
2026-03-30 09:09:00,6456.75,6458.25,6456.25,6457.75,1024
2026-03-30 09:10:00,6457.75,6460.75,6457.25,6460.25,861
2026-03-30 09:11:00,6460.25,6461.25,6458.75,6460.25,576
2026-03-30 09:12:00,6460.5,6462.5,6460.0,6461.75,896
2026-03-30 09:13:00,6461.75,6463.25,6461.25,6463.0,642
2026-03-30 09:14:00,6463.25,6463.25,6461.75,6463.0,652
2026-03-30 09:15:00,6462.75,6464.5,6460.75,6462.0,1192
2026-03-30 09:16:00,6462.0,6464.75,6460.75,6464.25,1014
2026-03-30 09:17:00,6464.5,6465.25,6463.25,6465.0,1041
2026-03-30 09:18:00,6464.75,6465.75,6463.5,6463.75,826
2026-03-30 09:19:00,6463.75,6464.75,6463.25,6464.25,507
2026-03-30 09:20:00,6464.25,6464.5,6462.75,6463.75,431
2026-03-30 09:21:00,6463.75,6467.5,6463.75,6466.75,1484
2026-03-30 09:22:00,6466.75,6467.75,6465.5,6465.75,953
2026-03-30 09:23:00,6465.5,6467.25,6465.0,6467.25,452
2026-03-30 09:24:00,6467.0,6467.5,6466.0,6466.0,700
2026-03-30 09:25:00,6466.0,6468.25,6463.75,6467.75,1473
2026-03-30 09:26:00,6467.75,6468.0,6466.25,6466.75,1166
2026-03-30 09:27:00,6466.75,6467.75,6464.75,6465.0,1107
2026-03-30 09:28:00,6465.25,6468.75,6465.25,6467.0,1206
2026-03-30 09:29:00,6466.75,6468.0,6466.5,6468.0,2203
2026-03-30 09:30:00,6467.75,6468.25,6460.25,6463.0,14153
2026-03-30 09:31:00,6463.0,6471.25,6463.0,6469.5,7312
2026-03-30 09:32:00,6469.25,6470.25,6464.0,6464.75,4304
2026-03-30 09:33:00,6464.75,6468.75,6464.25,6464.5,4543
2026-03-30 09:34:00,6464.5,6464.5,6454.75,6455.75,5210
2026-03-30 09:35:00,6456.0,6456.75,6448.75,6448.75,6730
2026-03-30 09:36:00,6449.0,6452.5,6448.5,6449.25,6190
2026-03-30 09:37:00,6449.0,6450.5,6447.25,6449.75,4720
2026-03-30 09:38:00,6450.0,6451.75,6445.25,6445.75,4783
2026-03-30 09:39:00,6445.5,6448.25,6445.0,6446.5,4469
2026-03-30 09:40:00,6446.5,6446.5,6437.0,6437.75,7014
2026-03-30 09:41:00,6438.0,6439.5,6434.75,6436.0,5805
2026-03-30 09:42:00,6436.25,6439.0,6436.25,6438.5,3543
2026-03-30 09:43:00,6438.75,6442.0,6436.5,6440.25,4357
2026-03-30 09:44:00,6440.0,6441.5,6437.75,6438.75,2630
2026-03-30 09:45:00,6438.75,6442.0,6435.0,6439.75,4592
2026-03-30 09:46:00,6439.5,6439.75,6430.5,6431.5,4961
2026-03-30 09:47:00,6431.25,6434.25,6431.0,6431.75,4453
2026-03-30 09:48:00,6431.75,6433.25,6427.75,6430.5,4965
2026-03-30 09:49:00,6430.75,6430.75,6427.0,6428.25,5146
2026-03-30 09:50:00,6428.0,6429.75,6425.75,6426.75,4042
2026-03-30 09:51:00,6426.75,6432.5,6426.5,6431.0,4718
2026-03-30 09:52:00,6431.0,6433.0,6429.25,6432.25,3535
2026-03-30 09:53:00,6432.25,6433.5,6427.0,6428.0,4778
2026-03-30 09:54:00,6428.25,6430.25,6424.25,6424.5,3820
2026-03-30 09:55:00,6424.5,6425.5,6420.5,6422.25,5659
2026-03-30 09:56:00,6422.25,6423.5,6418.25,6419.0,4646
2026-03-30 09:57:00,6419.0,6421.0,6417.0,6418.25,5146
2026-03-30 09:58:00,6418.25,6419.75,6413.75,6417.0,5890
2026-03-30 09:59:00,6416.75,6418.75,6415.25,6417.5,4391
2026-03-30 10:00:00,6417.5,6424.75,6417.0,6421.75,8009
2026-03-30 10:01:00,6422.0,6424.25,6420.25,6423.5,4576
2026-03-30 10:02:00,6423.75,6427.0,6422.25,6424.75,4635
2026-03-30 10:03:00,6425.0,6428.75,6425.0,6427.25,5048
2026-03-30 10:04:00,6427.5,6429.75,6426.25,6427.5,3644
2026-03-30 10:05:00,6427.75,6428.25,6420.25,6423.0,4740
2026-03-30 10:06:00,6423.25,6424.25,6419.0,6421.5,3039
2026-03-30 10:07:00,6421.5,6427.0,6421.5,6425.25,3646
2026-03-30 10:08:00,6425.25,6428.0,6423.25,6426.5,2757
2026-03-30 10:09:00,6426.75,6429.25,6424.75,6428.75,3174
2026-03-30 10:10:00,6428.75,6431.75,6424.75,6425.75,6106
2026-03-30 10:11:00,6426.0,6429.75,6426.0,6429.0,3128
2026-03-30 10:12:00,6429.0,6434.0,6428.0,6433.25,4588
2026-03-30 10:13:00,6433.25,6434.5,6430.0,6433.0,3842
2026-03-30 10:14:00,6433.25,6435.5,6431.25,6432.25,3065
2026-03-30 10:15:00,6432.0,6434.25,6424.25,6426.25,5345
2026-03-30 10:16:00,6426.25,6430.0,6424.25,6429.25,3867
2026-03-30 10:17:00,6429.25,6430.5,6426.25,6426.75,3038
2026-03-30 10:18:00,6427.0,6428.0,6425.25,6426.0,2392
2026-03-30 10:19:00,6426.0,6426.75,6421.0,6426.25,4415
2026-03-30 10:20:00,6426.0,6430.5,6425.0,6428.25,3517
2026-03-30 10:21:00,6428.25,6429.5,6423.75,6424.75,2773
2026-03-30 10:22:00,6424.75,6431.75,6424.25,6430.0,3547
2026-03-30 10:23:00,6430.0,6431.25,6427.5,6430.0,2848
2026-03-30 10:24:00,6430.25,6431.0,6429.0,6430.25,2445
2026-03-30 10:25:00,6430.5,6432.75,6429.25,6429.75,3178
2026-03-30 10:26:00,6430.0,6430.0,6426.0,6426.75,2709
2026-03-30 10:27:00,6427.0,6428.75,6425.0,6426.75,2835
2026-03-30 10:28:00,6426.75,6427.75,6423.75,6424.25,4046
2026-03-30 10:29:00,6424.25,6427.75,6423.0,6426.0,3234
2026-03-30 10:30:00,6426.0,6432.0,6425.5,6429.75,3747
2026-03-30 10:31:00,6429.75,6432.75,6428.0,6430.25,3298
2026-03-30 10:32:00,6430.25,6431.5,6427.0,6428.5,2559
2026-03-30 10:33:00,6428.5,6432.5,6427.25,6428.5,2129
2026-03-30 10:34:00,6428.5,6428.5,6425.25,6427.0,1976
2026-03-30 10:35:00,6427.0,6428.25,6421.0,6421.5,3123
2026-03-30 10:36:00,6421.75,6426.5,6419.5,6423.75,4253
2026-03-30 10:37:00,6423.5,6426.25,6422.5,6426.0,2267
2026-03-30 10:38:00,6426.0,6429.0,6425.0,6427.0,2823
2026-03-30 10:39:00,6427.25,6428.0,6423.5,6426.0,3294
2026-03-30 10:40:00,6425.75,6430.0,6424.25,6424.75,2965
2026-03-30 10:41:00,6424.75,6425.25,6418.25,6420.0,3960
2026-03-30 10:42:00,6420.0,6422.5,6418.75,6420.0,3170
2026-03-30 10:43:00,6420.25,6421.0,6417.25,6417.5,2558
2026-03-30 10:44:00,6417.75,6417.75,6414.75,6416.5,3829
2026-03-30 10:45:00,6416.5,6418.5,6414.5,6417.5,4217
2026-03-30 10:46:00,6417.25,6429.5,6417.25,6426.5,7345
2026-03-30 10:47:00,6426.5,6434.0,6421.75,6431.75,6055
2026-03-30 10:48:00,6431.75,6436.75,6428.0,6429.0,7355
2026-03-30 10:49:00,6428.75,6431.5,6424.5,6425.0,4733
2026-03-30 10:50:00,6425.0,6427.5,6422.25,6425.5,3587
2026-03-30 10:51:00,6425.5,6426.75,6423.0,6423.5,2565
2026-03-30 10:52:00,6423.25,6425.75,6422.25,6424.5,2723
2026-03-30 10:53:00,6424.25,6428.25,6423.25,6428.25,2493
2026-03-30 10:54:00,6428.25,6431.25,6425.75,6429.75,2986
2026-03-30 10:55:00,6429.5,6430.25,6426.0,6428.0,2474
2026-03-30 10:56:00,6427.75,6434.5,6427.5,6433.75,2963
2026-03-30 10:57:00,6434.0,6439.75,6433.5,6437.25,5416
2026-03-30 10:58:00,6437.25,6443.5,6436.75,6441.75,5059
2026-03-30 10:59:00,6442.0,6443.25,6440.25,6442.75,3356
2026-03-30 11:00:00,6442.5,6447.5,6442.5,6447.25,6936
2026-03-30 11:01:00,6447.25,6449.25,6444.25,6447.25,5651
2026-03-30 11:02:00,6447.25,6449.75,6446.25,6449.5,4121
2026-03-30 11:03:00,6449.25,6451.0,6448.0,6450.5,3596
2026-03-30 11:04:00,6450.5,6451.5,6448.5,6451.5,3156
2026-03-30 11:05:00,6451.5,6455.75,6448.5,6448.5,5531
2026-03-30 11:06:00,6448.5,6448.5,6442.25,6443.25,4311
2026-03-30 11:07:00,6443.25,6443.25,6436.5,6437.0,5119
2026-03-30 11:08:00,6437.0,6438.25,6434.0,6436.0,4929
2026-03-30 11:09:00,6436.0,6437.25,6434.0,6435.5,2685
2026-03-30 11:10:00,6435.5,6439.75,6435.5,6437.0,3184
2026-03-30 11:11:00,6437.0,6437.75,6435.25,6435.5,2524
2026-03-30 11:12:00,6435.5,6437.75,6434.75,6436.5,2400
2026-03-30 11:13:00,6436.5,6438.25,6433.75,6436.25,2488
2026-03-30 11:14:00,6436.0,6436.25,6431.25,6432.25,2248
2026-03-30 11:15:00,6432.25,6433.0,6426.25,6428.25,3949
2026-03-30 11:16:00,6428.5,6429.25,6423.0,6424.5,3929
2026-03-30 11:17:00,6424.25,6428.25,6423.75,6426.25,2907
2026-03-30 11:18:00,6426.25,6428.5,6425.25,6428.0,2317
2026-03-30 11:19:00,6428.0,6432.0,6427.75,6431.25,2713
2026-03-30 11:20:00,6431.5,6435.25,6430.5,6433.5,2895
2026-03-30 11:21:00,6433.25,6433.5,6431.5,6432.25,1921
2026-03-30 11:22:00,6432.25,6432.5,6428.75,6431.0,2410
2026-03-30 11:23:00,6431.0,6434.75,6431.0,6434.25,2308
2026-03-30 11:24:00,6434.25,6436.25,6433.5,6435.25,2270
2026-03-30 11:25:00,6435.25,6438.25,6434.75,6436.5,3278
2026-03-30 11:26:00,6436.75,6438.75,6436.25,6438.25,2121
2026-03-30 11:27:00,6438.0,6438.25,6436.25,6436.5,2274
2026-03-30 11:28:00,6436.75,6437.25,6433.5,6434.5,2640
2026-03-30 11:29:00,6434.5,6434.5,6431.25,6432.0,2597
2026-03-30 11:30:00,6431.75,6433.25,6427.75,6430.0,3786
2026-03-30 11:31:00,6429.75,6432.5,6429.75,6432.25,1810
2026-03-30 11:32:00,6432.0,6437.75,6431.5,6437.0,3172
2026-03-30 11:33:00,6437.0,6443.75,6436.5,6441.0,4096
2026-03-30 11:34:00,6441.25,6444.5,6439.25,6443.25,3292
2026-03-30 11:35:00,6443.5,6446.0,6443.0,6445.5,4636
2026-03-30 11:36:00,6445.5,6448.5,6444.75,6447.75,2793
2026-03-30 11:37:00,6447.5,6449.5,6445.75,6449.5,2525
2026-03-30 11:38:00,6449.25,6449.25,6443.75,6444.5,2904
2026-03-30 11:39:00,6444.75,6445.25,6440.5,6441.5,3476
2026-03-30 11:40:00,6441.5,6443.25,6439.75,6443.0,2398
2026-03-30 11:41:00,6443.0,6445.75,6442.5,6444.5,2103
2026-03-30 11:42:00,6444.25,6447.25,6443.5,6446.5,2002
2026-03-30 11:43:00,6446.5,6448.25,6445.25,6447.75,1767
2026-03-30 11:44:00,6447.5,6448.75,6447.0,6447.75,1505
2026-03-30 11:45:00,6447.5,6448.5,6442.75,6444.25,2786
2026-03-30 11:46:00,6444.0,6445.5,6442.5,6444.0,1981
2026-03-30 11:47:00,6444.25,6446.0,6442.25,6444.5,2023
2026-03-30 11:48:00,6444.25,6446.0,6444.0,6444.5,1752
2026-03-30 11:49:00,6444.5,6446.0,6443.5,6445.5,1497
2026-03-30 11:50:00,6445.5,6449.5,6445.0,6449.0,2220
2026-03-30 11:51:00,6449.0,6452.25,6448.0,6451.75,3220
2026-03-30 11:52:00,6451.75,6452.5,6449.75,6450.0,2695
2026-03-30 11:53:00,6449.75,6451.5,6448.25,6449.5,2168
2026-03-30 11:54:00,6449.5,6449.75,6447.0,6447.25,1932
2026-03-30 11:55:00,6447.0,6447.0,6443.5,6445.25,3319
2026-03-30 11:56:00,6445.25,6445.5,6440.0,6440.25,3682
2026-03-30 11:57:00,6440.25,6442.75,6439.25,6442.25,2566
2026-03-30 11:58:00,6442.25,6444.5,6440.25,6443.0,1879
2026-03-30 11:59:00,6442.75,6443.25,6439.5,6441.0,2288
2026-03-30 12:00:00,6441.0,6442.25,6436.75,6438.5,2860
2026-03-30 12:01:00,6438.5,6439.0,6437.0,6437.75,1956
2026-03-30 12:02:00,6437.5,6438.25,6432.75,6433.25,2642
2026-03-30 12:03:00,6433.25,6433.75,6429.5,6429.5,3542
2026-03-30 12:04:00,6429.5,6431.5,6429.0,6430.0,2415
2026-03-30 12:05:00,6430.25,6432.5,6429.25,6430.0,3456
2026-03-30 12:06:00,6430.25,6433.5,6430.0,6432.0,2410
2026-03-30 12:07:00,6432.0,6433.25,6429.0,6429.25,3021
2026-03-30 12:08:00,6429.5,6431.75,6427.75,6430.25,2945
2026-03-30 12:09:00,6430.25,6433.0,6430.25,6430.5,2120
2026-03-30 12:10:00,6430.5,6434.0,6429.25,6433.25,1985
2026-03-30 12:11:00,6433.25,6434.0,6432.0,6432.5,2203
2026-03-30 12:12:00,6432.5,6436.25,6432.25,6435.75,2338
2026-03-30 12:13:00,6435.75,6436.0,6433.5,6434.25,1920
2026-03-30 12:14:00,6434.25,6435.25,6433.5,6434.25,1258
2026-03-30 12:15:00,6434.0,6434.25,6430.75,6432.0,1709
2026-03-30 12:16:00,6432.0,6432.75,6429.5,6430.5,1766
2026-03-30 12:17:00,6430.5,6432.5,6430.0,6430.0,1619
2026-03-30 12:18:00,6430.0,6430.75,6427.75,6427.75,2055
2026-03-30 12:19:00,6427.75,6429.75,6427.0,6429.0,1865
2026-03-30 12:20:00,6428.75,6431.5,6428.25,6429.25,2096
2026-03-30 12:21:00,6429.25,6429.25,6426.25,6428.0,2409
2026-03-30 12:22:00,6428.0,6430.75,6427.0,6427.5,2189
2026-03-30 12:23:00,6427.5,6428.0,6425.0,6425.5,2039
2026-03-30 12:24:00,6425.25,6426.75,6423.5,6425.5,2269
2026-03-30 12:25:00,6425.25,6426.0,6424.25,6424.75,1762
2026-03-30 12:26:00,6424.5,6424.5,6421.0,6421.75,3401
2026-03-30 12:27:00,6421.75,6422.75,6419.75,6420.25,3452
2026-03-30 12:28:00,6420.0,6421.5,6418.75,6419.5,2495
2026-03-30 12:29:00,6419.5,6421.0,6419.5,6419.75,1997
2026-03-30 12:30:00,6419.75,6421.0,6418.25,6420.0,3404
2026-03-30 12:31:00,6419.75,6424.25,6419.75,6422.75,3448
2026-03-30 12:32:00,6422.75,6425.0,6422.25,6422.75,1948
2026-03-30 12:33:00,6422.5,6424.5,6422.0,6423.0,1845
2026-03-30 12:34:00,6423.0,6424.75,6422.0,6422.5,1601
2026-03-30 12:35:00,6422.75,6423.5,6422.0,6422.75,1432
2026-03-30 12:36:00,6422.75,6423.0,6420.5,6422.25,1783
2026-03-30 12:37:00,6422.25,6424.0,6422.0,6423.25,1681
2026-03-30 12:38:00,6423.25,6425.25,6422.0,6424.25,2193
2026-03-30 12:39:00,6424.25,6427.25,6424.0,6425.75,2452
2026-03-30 12:40:00,6425.5,6425.5,6422.25,6423.25,1652
2026-03-30 12:41:00,6423.0,6425.75,6422.5,6424.5,1456
2026-03-30 12:42:00,6424.5,6425.0,6422.5,6423.0,1164
2026-03-30 12:43:00,6423.0,6424.0,6422.0,6422.5,1124
2026-03-30 12:44:00,6422.5,6423.25,6421.25,6423.0,1473
2026-03-30 12:45:00,6423.0,6423.0,6420.25,6422.0,1672
2026-03-30 12:46:00,6422.25,6422.25,6420.75,6421.0,945
2026-03-30 12:47:00,6421.25,6423.75,6420.25,6422.0,1666
2026-03-30 12:48:00,6422.0,6422.75,6421.0,6421.75,1177
2026-03-30 12:49:00,6421.75,6422.75,6419.75,6420.75,1175
2026-03-30 12:50:00,6420.75,6421.5,6419.5,6421.25,1424
2026-03-30 12:51:00,6421.25,6424.5,6421.0,6424.25,2407
2026-03-30 12:52:00,6424.0,6424.75,6422.0,6422.5,1453
2026-03-30 12:53:00,6422.25,6423.0,6420.25,6420.75,1482
2026-03-30 12:54:00,6420.75,6422.0,6418.75,6419.0,1503
2026-03-30 12:55:00,6419.0,6419.25,6417.0,6417.75,2370
2026-03-30 12:56:00,6417.5,6419.0,6417.25,6418.0,1905
2026-03-30 12:57:00,6418.5,6419.0,6417.25,6418.25,1512
2026-03-30 12:58:00,6418.25,6419.75,6417.75,6418.0,1428
2026-03-30 12:59:00,6418.0,6421.5,6417.75,6420.0,1852
2026-03-30 13:00:00,6420.0,6424.5,6420.0,6423.75,2968
2026-03-30 13:01:00,6423.5,6425.5,6422.0,6422.5,2384
2026-03-30 13:02:00,6422.25,6422.75,6418.25,6419.75,2353
2026-03-30 13:03:00,6419.5,6421.0,6418.25,6419.5,1704
2026-03-30 13:04:00,6419.25,6419.75,6415.25,6415.75,2032
2026-03-30 13:05:00,6415.75,6419.75,6415.25,6418.75,2617
2026-03-30 13:06:00,6418.5,6423.75,6418.25,6421.75,2798
2026-03-30 13:07:00,6421.5,6422.5,6420.5,6421.75,1523
2026-03-30 13:08:00,6421.5,6421.75,6419.5,6420.5,1802
2026-03-30 13:09:00,6420.25,6421.75,6419.0,6421.25,986
2026-03-30 13:10:00,6421.25,6422.5,6416.5,6416.75,1808
2026-03-30 13:11:00,6416.75,6417.5,6416.0,6416.25,1481
2026-03-30 13:12:00,6416.0,6418.0,6416.0,6416.75,1235
2026-03-30 13:13:00,6416.75,6416.75,6412.25,6413.5,3134
2026-03-30 13:14:00,6413.25,6414.5,6411.75,6412.75,3264
2026-03-30 13:15:00,6412.5,6414.5,6407.0,6408.0,4794
2026-03-30 13:16:00,6408.25,6409.0,6404.75,6406.75,6920
2026-03-30 13:17:00,6406.5,6408.75,6406.5,6408.25,2228
2026-03-30 13:18:00,6408.5,6408.75,6407.0,6408.0,2424
2026-03-30 13:19:00,6408.25,6408.25,6406.75,6408.0,2039
2026-03-30 13:20:00,6408.0,6409.5,6406.25,6406.75,2837
2026-03-30 13:21:00,6406.75,6407.5,6403.0,6404.0,3074
2026-03-30 13:22:00,6404.25,6404.75,6401.5,6402.25,3332
2026-03-30 13:23:00,6402.25,6404.0,6401.75,6403.25,2391
2026-03-30 13:24:00,6403.5,6404.75,6402.0,6404.0,2174
2026-03-30 13:25:00,6404.0,6404.75,6402.25,6403.5,2309
2026-03-30 13:26:00,6403.5,6405.75,6402.0,6402.75,2142
2026-03-30 13:27:00,6402.75,6402.75,6399.5,6401.0,4579
2026-03-30 13:28:00,6401.0,6402.75,6399.5,6401.25,2822
2026-03-30 13:29:00,6401.5,6402.0,6400.5,6401.0,1568
2026-03-30 13:30:00,6401.0,6401.5,6399.25,6400.25,2552
2026-03-30 13:31:00,6400.5,6400.75,6397.0,6397.75,2986
2026-03-30 13:32:00,6397.75,6398.0,6395.25,6396.5,3506
2026-03-30 13:33:00,6396.75,6397.75,6395.0,6395.5,2933
2026-03-30 13:34:00,6395.5,6396.5,6395.25,6396.0,1962
2026-03-30 13:35:00,6396.0,6397.5,6393.75,6395.0,3142
2026-03-30 13:36:00,6395.25,6401.25,6395.0,6400.5,4687
2026-03-30 13:37:00,6400.5,6401.75,6398.5,6399.0,2499
2026-03-30 13:38:00,6399.25,6401.0,6398.75,6399.5,1720
2026-03-30 13:39:00,6399.5,6403.5,6399.5,6403.25,2727
2026-03-30 13:40:00,6403.0,6405.0,6401.5,6404.25,3154
2026-03-30 13:41:00,6404.0,6404.5,6401.75,6404.0,1677
2026-03-30 13:42:00,6404.0,6406.75,6403.5,6405.25,1962
2026-03-30 13:43:00,6405.25,6407.0,6404.25,6407.0,1667
2026-03-30 13:44:00,6407.0,6410.5,6406.5,6409.25,2899
2026-03-30 13:45:00,6409.25,6410.25,6408.75,6410.0,2336
2026-03-30 13:46:00,6410.0,6410.0,6405.75,6406.0,2399
2026-03-30 13:47:00,6406.0,6413.5,6404.25,6409.0,7802
2026-03-30 13:48:00,6408.5,6408.75,6403.0,6404.0,2988
2026-03-30 13:49:00,6403.75,6405.5,6403.0,6403.25,2110
2026-03-30 13:50:00,6403.25,6404.5,6401.0,6402.0,2588
2026-03-30 13:51:00,6402.0,6404.25,6401.25,6403.75,1886
2026-03-30 13:52:00,6403.5,6404.25,6402.0,6402.25,1315
2026-03-30 13:53:00,6402.25,6405.0,6402.25,6403.75,1463
2026-03-30 13:54:00,6403.5,6404.0,6401.25,6402.0,2512
2026-03-30 13:55:00,6402.0,6403.0,6400.25,6401.5,2009
2026-03-30 13:56:00,6401.25,6403.0,6401.0,6401.25,1236
2026-03-30 13:57:00,6401.25,6401.5,6399.0,6400.75,2141
2026-03-30 13:58:00,6400.5,6400.75,6399.25,6399.25,2420
2026-03-30 13:59:00,6399.25,6403.25,6399.25,6402.75,2116
2026-03-30 14:00:00,6402.5,6403.5,6401.0,6401.5,2122
2026-03-30 14:01:00,6401.25,6402.5,6400.25,6401.0,1448
2026-03-30 14:02:00,6400.75,6403.0,6400.25,6402.75,1918
2026-03-30 14:03:00,6402.5,6404.75,6401.75,6401.75,2781
2026-03-30 14:04:00,6401.75,6401.75,6399.25,6400.0,2276
2026-03-30 14:05:00,6400.25,6403.25,6400.0,6401.5,1900
2026-03-30 14:06:00,6401.25,6401.75,6397.25,6398.75,2096
2026-03-30 14:07:00,6398.5,6399.25,6395.5,6397.25,2149
2026-03-30 14:08:00,6397.25,6399.25,6395.5,6396.25,1725
2026-03-30 14:09:00,6396.0,6397.5,6395.75,6396.5,1218
2026-03-30 14:10:00,6396.75,6398.75,6395.75,6396.75,2070
2026-03-30 14:11:00,6396.75,6399.0,6396.5,6398.25,1423
2026-03-30 14:12:00,6398.25,6398.5,6397.0,6398.25,946
2026-03-30 14:13:00,6398.25,6398.75,6395.75,6396.75,1352
2026-03-30 14:14:00,6396.5,6401.0,6396.5,6399.5,1757
2026-03-30 14:15:00,6399.75,6400.5,6396.75,6397.5,2090
2026-03-30 14:16:00,6397.25,6399.0,6397.0,6398.0,1529
2026-03-30 14:17:00,6398.0,6399.5,6397.5,6398.0,1183
2026-03-30 14:18:00,6398.0,6399.5,6397.75,6398.75,847
2026-03-30 14:19:00,6398.75,6402.5,6398.5,6401.75,2095
2026-03-30 14:20:00,6401.75,6403.5,6400.75,6402.75,2045
2026-03-30 14:21:00,6402.75,6404.0,6399.5,6400.5,1971
2026-03-30 14:22:00,6400.5,6401.75,6398.25,6399.0,1735
2026-03-30 14:23:00,6398.75,6399.75,6397.25,6398.25,2296
2026-03-30 14:24:00,6398.0,6398.75,6397.0,6397.75,1254
2026-03-30 14:25:00,6397.75,6398.0,6394.75,6395.75,2345
2026-03-30 14:26:00,6395.75,6396.0,6392.25,6393.75,2975
2026-03-30 14:27:00,6393.75,6394.0,6391.25,6392.5,3415
2026-03-30 14:28:00,6392.5,6392.5,6390.0,6391.5,2677
2026-03-30 14:29:00,6391.5,6391.75,6389.75,6390.25,2024
2026-03-30 14:30:00,6390.25,6392.5,6389.75,6392.25,3083
2026-03-30 14:31:00,6392.0,6394.5,6391.75,6392.5,3312
2026-03-30 14:32:00,6392.5,6394.25,6392.0,6392.75,2060
2026-03-30 14:33:00,6392.75,6393.5,6392.0,6393.5,907
2026-03-30 14:34:00,6393.5,6393.75,6392.25,6393.5,1071
2026-03-30 14:35:00,6393.5,6395.75,6393.25,6395.5,2029
2026-03-30 14:36:00,6395.5,6399.25,6395.25,6399.0,2547
2026-03-30 14:37:00,6399.0,6399.0,6397.0,6397.5,1743
2026-03-30 14:38:00,6397.5,6398.0,6395.0,6395.5,1841
2026-03-30 14:39:00,6395.25,6395.5,6392.0,6392.5,1635
2026-03-30 14:40:00,6392.25,6394.0,6391.5,6394.0,1403
2026-03-30 14:41:00,6394.0,6394.5,6393.25,6393.5,1199
2026-03-30 14:42:00,6393.5,6394.0,6391.5,6392.25,1659
2026-03-30 14:43:00,6392.5,6392.75,6391.25,6392.5,1128
2026-03-30 14:44:00,6392.25,6393.0,6391.5,6392.0,1655
2026-03-30 14:45:00,6392.25,6394.75,6392.25,6392.75,1794
2026-03-30 14:46:00,6392.5,6393.0,6390.75,6391.5,2792
2026-03-30 14:47:00,6391.5,6392.0,6390.25,6391.25,1386
2026-03-30 14:48:00,6391.25,6393.25,6389.25,6390.25,1748
2026-03-30 14:49:00,6390.0,6391.25,6389.5,6389.75,1269
2026-03-30 14:50:00,6389.75,6390.5,6387.25,6388.25,2414
2026-03-30 14:51:00,6388.25,6388.5,6385.25,6385.75,3244
2026-03-30 14:52:00,6385.75,6386.5,6384.25,6385.25,2566
2026-03-30 14:53:00,6385.25,6386.0,6384.5,6385.0,1929
2026-03-30 14:54:00,6385.0,6386.5,6383.5,6385.5,2567
2026-03-30 14:55:00,6385.75,6387.75,6385.5,6386.25,2321
2026-03-30 14:56:00,6386.25,6386.75,6385.25,6385.5,1799
2026-03-30 14:57:00,6385.5,6385.75,6381.75,6382.25,2371
2026-03-30 14:58:00,6382.25,6384.75,6382.0,6383.25,1863
2026-03-30 14:59:00,6383.0,6385.5,6383.0,6384.75,2266
2026-03-30 15:00:00,6384.75,6386.25,6382.5,6383.5,2177
2026-03-30 15:01:00,6383.5,6385.25,6382.75,6384.5,2285
2026-03-30 15:02:00,6384.5,6386.75,6383.75,6384.25,2633
2026-03-30 15:03:00,6384.0,6384.5,6381.25,6381.5,2133
2026-03-30 15:04:00,6381.5,6383.5,6381.0,6382.5,1888
2026-03-30 15:05:00,6382.5,6382.5,6379.0,6379.5,3356
2026-03-30 15:06:00,6379.25,6379.5,6376.0,6377.75,4503
2026-03-30 15:07:00,6377.75,6378.5,6373.25,6374.0,3901
2026-03-30 15:08:00,6374.25,6375.25,6373.0,6373.75,3023
2026-03-30 15:09:00,6373.5,6374.0,6371.25,6371.75,3307
2026-03-30 15:10:00,6371.75,6372.5,6366.75,6367.0,4491
2026-03-30 15:11:00,6367.0,6369.0,6363.25,6365.5,4880
2026-03-30 15:12:00,6365.5,6368.25,6365.0,6365.5,4058
2026-03-30 15:13:00,6365.5,6367.5,6364.75,6367.0,2858
2026-03-30 15:14:00,6367.0,6367.5,6365.0,6366.25,2614
2026-03-30 15:15:00,6366.5,6370.0,6366.0,6368.5,4621
2026-03-30 15:16:00,6368.25,6369.75,6367.0,6368.25,3071
2026-03-30 15:17:00,6368.0,6370.5,6367.5,6368.75,2570
2026-03-30 15:18:00,6368.5,6369.75,6367.75,6368.5,2239
2026-03-30 15:19:00,6368.25,6368.75,6366.75,6367.5,2134
2026-03-30 15:20:00,6367.25,6369.75,6367.0,6369.25,2286
2026-03-30 15:21:00,6369.25,6369.25,6364.5,6365.25,2983
2026-03-30 15:22:00,6365.0,6366.75,6365.0,6365.75,2089
2026-03-30 15:23:00,6366.0,6369.0,6365.5,6367.5,2619
2026-03-30 15:24:00,6367.25,6367.5,6365.0,6365.5,2336
2026-03-30 15:25:00,6365.25,6366.0,6362.75,6363.5,2694
2026-03-30 15:26:00,6363.25,6365.5,6363.25,6365.0,2091
2026-03-30 15:27:00,6365.25,6366.25,6362.25,6363.0,2169
2026-03-30 15:28:00,6363.0,6363.0,6360.0,6361.25,3964
2026-03-30 15:29:00,6361.0,6363.5,6359.5,6362.5,3602
2026-03-30 15:30:00,6362.75,6367.5,6362.75,6366.0,4668
2026-03-30 15:31:00,6366.0,6367.0,6361.25,6362.25,3018
2026-03-30 15:32:00,6362.25,6362.75,6360.25,6361.5,2753
2026-03-30 15:33:00,6361.5,6363.75,6361.5,6363.0,3056
2026-03-30 15:34:00,6362.75,6363.0,6360.75,6361.25,2231
2026-03-30 15:35:00,6361.5,6366.5,6361.25,6365.25,3726
2026-03-30 15:36:00,6365.25,6373.75,6365.0,6372.5,7184
2026-03-30 15:37:00,6372.5,6372.75,6369.0,6370.5,3985
2026-03-30 15:38:00,6370.75,6371.25,6367.25,6367.25,3375
2026-03-30 15:39:00,6367.25,6369.5,6366.5,6369.0,2792
2026-03-30 15:40:00,6369.0,6372.5,6369.0,6372.0,4088
2026-03-30 15:41:00,6372.0,6374.75,6370.5,6374.25,4026
2026-03-30 15:42:00,6374.25,6377.75,6373.0,6374.25,5493
2026-03-30 15:43:00,6374.25,6374.75,6372.25,6374.0,2695
2026-03-30 15:44:00,6374.25,6376.0,6373.5,6374.25,2954
2026-03-30 15:45:00,6374.25,6377.25,6373.75,6376.75,3653
2026-03-30 15:46:00,6376.5,6377.25,6374.25,6376.25,2867
2026-03-30 15:47:00,6376.25,6382.25,6376.0,6381.25,5554
2026-03-30 15:48:00,6381.0,6381.0,6376.75,6378.25,4275
2026-03-30 15:49:00,6378.25,6379.25,6376.5,6378.0,2661
2026-03-30 15:50:00,6378.0,6383.75,6375.0,6383.5,11012
2026-03-30 15:51:00,6383.25,6385.75,6382.75,6385.25,5332
2026-03-30 15:52:00,6385.25,6385.75,6382.0,6382.5,5317
2026-03-30 15:53:00,6382.75,6386.0,6380.0,6385.5,5414
2026-03-30 15:54:00,6385.75,6388.75,6384.25,6388.0,7755
2026-03-30 15:55:00,6388.25,6394.25,6388.0,6391.25,11138
2026-03-30 15:56:00,6391.5,6393.0,6390.25,6391.75,6368
2026-03-30 15:57:00,6391.75,6394.0,6390.5,6392.5,6434
2026-03-30 15:58:00,6392.75,6393.25,6384.5,6385.75,15402
2026-03-30 15:59:00,6386.0,6390.75,6382.5,6387.75,67769
2026-03-30 16:00:00,6388.0,6388.5,6380.5,6383.25,21086
2026-03-30 16:01:00,6383.25,6385.5,6382.5,6384.75,5569
2026-03-30 16:02:00,6385.0,6385.5,6383.5,6384.5,2363
2026-03-30 16:03:00,6384.75,6385.25,6383.75,6384.0,1899
2026-03-30 16:04:00,6384.25,6384.75,6382.25,6382.5,2176
2026-03-30 16:05:00,6382.75,6385.25,6382.5,6383.25,2379
2026-03-30 16:06:00,6383.5,6384.25,6382.25,6383.5,1309
2026-03-30 16:07:00,6383.5,6383.5,6380.5,6380.75,1534
2026-03-30 16:08:00,6380.75,6381.0,6377.75,6378.0,2229
2026-03-30 16:09:00,6378.25,6380.25,6377.75,6380.0,1470
2026-03-30 16:10:00,6380.0,6380.25,6379.25,6379.5,996
2026-03-30 16:11:00,6379.5,6380.25,6378.75,6379.5,875
2026-03-30 16:12:00,6379.5,6380.25,6378.25,6378.5,1169
2026-03-30 16:13:00,6378.5,6379.25,6377.0,6378.25,1361
2026-03-30 16:14:00,6378.25,6378.75,6377.5,6378.0,1278
2026-03-30 16:15:00,6378.0,6380.25,6377.75,6379.25,871
2026-03-30 16:16:00,6379.25,6380.5,6378.5,6380.5,403
2026-03-30 16:17:00,6380.25,6380.75,6379.0,6379.5,676
2026-03-30 16:18:00,6379.5,6380.5,6379.0,6380.0,675
2026-03-30 16:19:00,6380.0,6381.25,6380.0,6380.5,769
2026-03-30 16:20:00,6380.5,6381.75,6380.0,6380.75,666
2026-03-30 16:21:00,6380.75,6381.0,6380.25,6380.25,227
2026-03-30 16:22:00,6380.25,6380.25,6379.75,6380.0,286
2026-03-30 16:23:00,6379.75,6380.0,6379.0,6379.5,382
2026-03-30 16:24:00,6379.5,6379.5,6378.25,6378.75,302
2026-03-30 16:25:00,6378.75,6379.25,6378.5,6379.25,527
2026-03-30 16:26:00,6379.25,6379.25,6378.5,6378.75,161
2026-03-30 16:27:00,6379.0,6379.75,6378.75,6379.75,252
2026-03-30 16:28:00,6379.75,6381.75,6379.75,6381.25,500
2026-03-30 16:29:00,6381.0,6381.25,6380.25,6381.0,268
2026-03-30 16:30:00,6381.0,6381.0,6379.75,6380.25,246
2026-03-30 16:31:00,6380.5,6381.0,6379.5,6379.75,339
2026-03-30 16:32:00,6379.75,6380.0,6379.25,6379.75,200
2026-03-30 16:33:00,6379.5,6380.25,6379.0,6379.5,169
2026-03-30 16:34:00,6379.75,6380.0,6379.0,6379.25,305
2026-03-30 16:35:00,6379.0,6379.5,6378.75,6379.0,139
2026-03-30 16:36:00,6379.0,6380.5,6379.0,6380.0,269
2026-03-30 16:37:00,6379.75,6380.25,6379.5,6379.75,202
2026-03-30 16:38:00,6379.75,6380.25,6379.5,6380.25,196
2026-03-30 16:39:00,6380.0,6380.5,6379.5,6380.5,365
2026-03-30 16:40:00,6380.5,6381.75,6380.5,6381.0,330
2026-03-30 16:41:00,6381.0,6381.75,6380.5,6381.25,348
2026-03-30 16:42:00,6381.0,6381.0,6380.5,6381.0,220
2026-03-30 16:43:00,6380.75,6381.0,6380.5,6380.75,235
2026-03-30 16:44:00,6380.75,6382.25,6380.5,6382.0,443
2026-03-30 16:45:00,6382.0,6382.5,6381.5,6381.5,215
2026-03-30 16:46:00,6381.5,6381.75,6381.25,6381.5,166
2026-03-30 16:47:00,6381.5,6382.25,6381.25,6381.5,261
2026-03-30 16:48:00,6381.25,6382.0,6381.25,6381.75,273
2026-03-30 16:49:00,6381.75,6381.75,6380.75,6381.25,215
2026-03-30 16:50:00,6381.5,6382.0,6380.75,6382.0,268
2026-03-30 16:51:00,6382.25,6382.25,6381.0,6381.5,402
2026-03-30 16:52:00,6381.75,6381.75,6380.0,6380.25,309
2026-03-30 16:53:00,6380.25,6380.75,6379.75,6380.75,318
2026-03-30 16:54:00,6380.75,6380.75,6380.0,6380.0,255
2026-03-30 16:55:00,6380.25,6381.0,6380.0,6381.0,322
2026-03-30 16:56:00,6381.0,6382.25,6380.75,6381.5,702
2026-03-30 16:57:00,6381.5,6382.0,6381.5,6381.75,392
2026-03-30 16:58:00,6382.0,6383.25,6381.75,6382.5,1024
2026-03-30 16:59:00,6382.25,6383.75,6382.0,6383.25,450
2026-03-30 18:00:00,6385.25,6388.25,6384.25,6387.75,659
2026-03-30 18:01:00,6387.75,6389.5,6387.0,6388.75,307
2026-03-30 18:02:00,6389.0,6390.25,6388.25,6388.5,257
2026-03-30 18:03:00,6388.75,6391.75,6388.25,6390.75,151
2026-03-30 18:04:00,6391.0,6392.25,6390.5,6391.5,188
2026-03-30 18:05:00,6391.5,6392.75,6390.25,6390.75,194
2026-03-30 18:06:00,6390.75,6391.5,6390.25,6391.25,171
2026-03-30 18:07:00,6391.0,6391.25,6388.75,6388.75,226
2026-03-30 18:08:00,6388.5,6389.75,6388.25,6388.25,120
2026-03-30 18:09:00,6388.0,6388.0,6386.5,6386.5,185
2026-03-30 18:10:00,6386.5,6386.5,6384.75,6386.0,282
2026-03-30 18:11:00,6386.25,6386.5,6384.0,6386.0,240
2026-03-30 18:12:00,6386.25,6386.75,6384.5,6385.0,189
2026-03-30 18:13:00,6385.0,6386.0,6385.0,6386.0,43
2026-03-30 18:14:00,6386.25,6387.0,6386.0,6386.0,88
2026-03-30 18:15:00,6386.25,6386.75,6385.25,6386.5,60
2026-03-30 18:16:00,6386.5,6387.75,6385.75,6387.5,87
2026-03-30 18:17:00,6387.25,6389.0,6386.75,6388.0,215
2026-03-30 18:18:00,6388.0,6388.5,6387.25,6388.0,136
2026-03-30 18:19:00,6388.25,6388.25,6385.75,6386.25,117
2026-03-30 18:20:00,6386.5,6387.75,6386.25,6387.0,81
2026-03-30 18:21:00,6386.75,6387.0,6386.0,6386.5,53
2026-03-30 18:22:00,6386.5,6387.5,6386.0,6387.25,39
2026-03-30 18:23:00,6387.25,6387.5,6386.75,6387.0,19
2026-03-30 18:24:00,6387.0,6388.75,6386.75,6388.5,96
2026-03-30 18:25:00,6388.5,6388.75,6387.75,6388.5,71
2026-03-30 18:26:00,6388.5,6389.5,6388.5,6389.0,70
2026-03-30 18:27:00,6388.75,6388.75,6387.75,6388.25,56
2026-03-30 18:28:00,6387.75,6388.0,6387.0,6387.75,84
2026-03-30 18:29:00,6387.75,6388.0,6387.5,6387.75,35
2026-03-30 18:30:00,6387.75,6387.75,6385.75,6386.0,67
2026-03-30 18:31:00,6385.5,6386.5,6384.0,6386.25,164
2026-03-30 18:32:00,6386.5,6387.0,6386.0,6386.5,31
2026-03-30 18:33:00,6386.75,6387.5,6386.25,6387.0,57
2026-03-30 18:34:00,6386.5,6387.0,6386.25,6387.0,31
2026-03-30 18:35:00,6387.0,6387.25,6386.0,6386.5,61
2026-03-30 18:36:00,6386.5,6387.0,6386.0,6387.0,53
2026-03-30 18:37:00,6387.0,6388.75,6386.75,6387.75,110
2026-03-30 18:38:00,6387.5,6387.75,6386.25,6386.5,36
2026-03-30 18:39:00,6386.75,6388.0,6386.75,6387.75,34
2026-03-30 18:40:00,6387.5,6388.5,6387.25,6387.75,41
2026-03-30 18:41:00,6387.75,6388.25,6387.75,6388.0,43
2026-03-30 18:42:00,6388.0,6388.0,6386.25,6386.25,51
2026-03-30 18:43:00,6386.5,6387.0,6386.25,6386.75,69
2026-03-30 18:44:00,6386.5,6386.5,6384.5,6385.0,107
2026-03-30 18:45:00,6385.25,6385.5,6384.75,6385.25,30
2026-03-30 18:46:00,6385.25,6385.5,6384.75,6385.5,112
2026-03-30 18:47:00,6385.5,6385.5,6384.5,6384.5,35
2026-03-30 18:48:00,6384.5,6385.5,6383.5,6385.0,268
2026-03-30 18:49:00,6385.25,6385.75,6384.75,6385.25,47
2026-03-30 18:50:00,6385.0,6387.25,6384.75,6386.75,76
2026-03-30 18:51:00,6387.0,6387.5,6386.5,6387.25,54
2026-03-30 18:52:00,6387.25,6387.25,6385.75,6387.0,134
2026-03-30 18:53:00,6387.0,6387.0,6386.25,6386.75,70
2026-03-30 18:54:00,6386.75,6387.0,6386.5,6387.0,23
2026-03-30 18:55:00,6387.25,6387.5,6387.0,6387.0,28
2026-03-30 18:56:00,6386.75,6386.75,6385.5,6385.5,73
2026-03-30 18:57:00,6385.5,6386.75,6384.75,6386.75,99
2026-03-30 18:58:00,6387.0,6388.25,6385.5,6385.5,140
2026-03-30 18:59:00,6385.25,6386.0,6384.0,6384.25,139
2026-03-30 19:00:00,6384.0,6384.0,6379.75,6380.0,834
2026-03-30 19:01:00,6380.0,6381.0,6378.75,6379.25,383
2026-03-30 19:02:00,6379.5,6380.0,6377.5,6378.0,329
2026-03-30 19:03:00,6378.5,6379.25,6377.25,6377.5,176
2026-03-30 19:04:00,6377.75,6377.75,6375.25,6375.25,299
2026-03-30 19:05:00,6375.5,6376.75,6374.25,6374.75,640
2026-03-30 19:06:00,6374.5,6375.75,6373.25,6374.0,191
2026-03-30 19:07:00,6374.0,6378.0,6372.5,6372.75,790
2026-03-30 19:08:00,6373.0,6375.0,6367.0,6371.75,631
2026-03-30 19:09:00,6371.25,6371.5,6369.0,6370.5,182
2026-03-30 19:10:00,6370.75,6373.0,6370.5,6372.5,259
2026-03-30 19:11:00,6372.25,6374.25,6372.0,6373.0,169
2026-03-30 19:12:00,6372.5,6372.5,6370.0,6371.0,206
2026-03-30 19:13:00,6371.0,6371.25,6369.0,6371.0,234
2026-03-30 19:14:00,6371.0,6372.75,6371.0,6372.0,134
2026-03-30 19:15:00,6372.0,6372.0,6370.25,6371.75,110
2026-03-30 19:16:00,6371.75,6373.0,6370.75,6372.0,127
2026-03-30 19:17:00,6372.5,6372.75,6371.25,6372.0,98
2026-03-30 19:18:00,6372.0,6373.0,6371.5,6372.75,77
2026-03-30 19:19:00,6373.0,6374.25,6372.75,6374.25,147
2026-03-30 19:20:00,6374.0,6376.5,6373.5,6376.5,134
2026-03-30 19:21:00,6376.0,6376.75,6374.75,6374.75,164
2026-03-30 19:22:00,6374.5,6374.75,6373.0,6373.75,88
2026-03-30 19:23:00,6374.0,6374.75,6374.0,6374.0,40
2026-03-30 19:24:00,6373.5,6375.0,6373.25,6374.25,59
2026-03-30 19:25:00,6374.5,6374.75,6373.25,6373.75,97
2026-03-30 19:26:00,6373.5,6374.0,6373.0,6374.0,46
2026-03-30 19:27:00,6374.25,6375.5,6373.0,6375.5,71
2026-03-30 19:28:00,6375.25,6375.25,6374.25,6374.75,56
2026-03-30 19:29:00,6375.0,6375.0,6373.5,6373.5,76
2026-03-30 19:30:00,6373.5,6374.0,6371.25,6372.5,111
2026-03-30 19:31:00,6372.5,6372.5,6369.75,6370.0,181
2026-03-30 19:32:00,6370.0,6371.25,6369.5,6369.75,147
2026-03-30 19:33:00,6369.75,6371.25,6368.75,6370.75,200
2026-03-30 19:34:00,6370.75,6370.75,6369.25,6369.75,95
2026-03-30 19:35:00,6369.5,6372.0,6369.5,6371.75,77
2026-03-30 19:36:00,6371.75,6373.0,6370.75,6372.5,117
2026-03-30 19:37:00,6372.25,6373.0,6370.75,6371.5,89
2026-03-30 19:38:00,6372.0,6372.0,6370.75,6371.25,59
2026-03-30 19:39:00,6371.5,6371.75,6370.25,6370.75,49
2026-03-30 19:40:00,6370.75,6371.25,6370.25,6370.75,67
2026-03-30 19:41:00,6370.5,6372.0,6369.5,6371.75,153
2026-03-30 19:42:00,6371.75,6372.0,6371.25,6371.75,49
2026-03-30 19:43:00,6371.75,6372.5,6371.0,6371.75,131
2026-03-30 19:44:00,6371.25,6371.25,6369.25,6370.75,147
2026-03-30 19:45:00,6370.75,6371.0,6369.0,6369.0,114
2026-03-30 19:46:00,6369.5,6370.5,6368.75,6369.75,99
2026-03-30 19:47:00,6369.75,6369.75,6368.0,6368.75,197
2026-03-30 19:48:00,6368.5,6369.5,6368.0,6368.5,251
2026-03-30 19:49:00,6368.75,6370.25,6368.5,6369.5,116
2026-03-30 19:50:00,6369.5,6372.75,6369.25,6372.25,151
2026-03-30 19:51:00,6371.75,6372.25,6370.5,6371.0,139
2026-03-30 19:52:00,6370.5,6371.0,6369.0,6370.5,114
2026-03-30 19:53:00,6370.75,6370.75,6369.0,6369.0,69
2026-03-30 19:54:00,6369.25,6370.25,6369.0,6370.0,75
2026-03-30 19:55:00,6369.75,6370.25,6368.75,6370.0,98
2026-03-30 19:56:00,6369.75,6371.0,6369.5,6371.0,60
2026-03-30 19:57:00,6371.0,6371.5,6368.5,6370.0,173
2026-03-30 19:58:00,6370.5,6370.75,6370.0,6370.0,71
2026-03-30 19:59:00,6370.25,6373.0,6370.25,6373.0,193
2026-03-30 20:00:00,6373.0,6376.25,6371.5,6374.0,560
2026-03-30 20:01:00,6373.75,6374.5,6371.25,6373.5,239
2026-03-30 20:02:00,6373.75,6380.25,6373.75,6377.0,676
2026-03-30 20:03:00,6376.75,6377.0,6374.25,6374.75,319
2026-03-30 20:04:00,6374.75,6378.0,6374.75,6378.0,295
2026-03-30 20:05:00,6378.0,6378.25,6375.25,6375.75,242
2026-03-30 20:06:00,6375.25,6377.5,6374.75,6376.25,191
2026-03-30 20:07:00,6376.0,6376.0,6373.0,6373.75,197
2026-03-30 20:08:00,6373.75,6374.25,6372.5,6373.0,212
2026-03-30 20:09:00,6373.0,6373.75,6371.75,6373.25,221
2026-03-30 20:10:00,6373.0,6374.75,6372.5,6372.75,305
2026-03-30 20:11:00,6372.5,6373.5,6367.75,6368.0,447
2026-03-30 20:12:00,6368.0,6369.5,6365.25,6366.0,604
2026-03-30 20:13:00,6366.0,6367.25,6364.75,6367.25,262
2026-03-30 20:14:00,6367.25,6368.5,6366.0,6367.25,258
2026-03-30 20:15:00,6367.5,6368.5,6364.5,6365.25,370
2026-03-30 20:16:00,6365.5,6365.5,6359.75,6360.75,991
2026-03-30 20:17:00,6360.75,6361.5,6358.25,6360.25,593
2026-03-30 20:18:00,6360.0,6361.0,6359.5,6360.5,304
2026-03-30 20:19:00,6360.5,6361.25,6359.25,6361.0,371
2026-03-30 20:20:00,6360.75,6364.25,6360.75,6363.0,405
2026-03-30 20:21:00,6363.25,6363.5,6361.5,6362.5,284
2026-03-30 20:22:00,6362.5,6362.5,6359.75,6360.75,410
2026-03-30 20:23:00,6360.75,6361.5,6353.25,6356.75,1425
2026-03-30 20:24:00,6356.75,6359.75,6355.25,6359.25,423
2026-03-30 20:25:00,6359.5,6363.25,6359.25,6363.25,342
2026-03-30 20:26:00,6363.25,6367.0,6362.75,6366.5,513
2026-03-30 20:27:00,6366.5,6366.75,6364.75,6365.25,310
2026-03-30 20:28:00,6365.25,6367.0,6364.0,6366.0,314
2026-03-30 20:29:00,6366.5,6366.75,6364.75,6366.25,188
2026-03-30 20:30:00,6366.5,6368.25,6365.0,6365.75,273
2026-03-30 20:31:00,6365.75,6366.25,6364.5,6364.75,162
2026-03-30 20:32:00,6364.5,6364.75,6362.25,6363.75,252
2026-03-30 20:33:00,6363.75,6364.25,6362.75,6363.75,105
2026-03-30 20:34:00,6364.0,6364.75,6363.5,6363.75,130
2026-03-30 20:35:00,6364.0,6370.75,6364.0,6369.0,564
2026-03-30 20:36:00,6368.75,6371.75,6367.75,6371.75,444
2026-03-30 20:37:00,6371.5,6371.5,6366.75,6366.75,264
2026-03-30 20:38:00,6367.0,6385.5,6367.0,6384.0,2891
2026-03-30 20:39:00,6384.0,6384.0,6375.5,6380.25,1141
2026-03-30 20:40:00,6380.0,6382.5,6376.0,6376.0,1032
2026-03-30 20:41:00,6376.0,6383.5,6374.0,6380.5,1221
2026-03-30 20:42:00,6380.5,6385.0,6380.5,6384.0,745
2026-03-30 20:43:00,6384.0,6391.0,6383.5,6389.0,980
2026-03-30 20:44:00,6388.5,6398.5,6388.5,6398.25,1555
2026-03-30 20:45:00,6398.0,6416.25,6396.5,6414.75,3585
2026-03-30 20:46:00,6414.75,6424.5,6412.5,6422.5,2637
2026-03-30 20:47:00,6422.25,6427.5,6418.5,6425.25,2177
2026-03-30 20:48:00,6425.0,6428.5,6416.5,6419.5,1633
2026-03-30 20:49:00,6419.75,6425.25,6419.25,6419.5,1155
2026-03-30 20:50:00,6419.25,6422.0,6416.5,6418.5,967
2026-03-30 20:51:00,6418.5,6420.0,6411.0,6411.75,1020
2026-03-30 20:52:00,6411.75,6414.5,6408.0,6409.25,1375
2026-03-30 20:53:00,6409.0,6421.5,6408.0,6417.25,1492
2026-03-30 20:54:00,6417.5,6419.75,6415.0,6415.25,1038
2026-03-30 20:55:00,6415.25,6417.75,6411.75,6412.5,958
2026-03-30 20:56:00,6412.75,6416.75,6408.5,6411.75,934
2026-03-30 20:57:00,6411.5,6413.0,6406.75,6409.75,971
2026-03-30 20:58:00,6409.75,6411.25,6407.0,6408.0,383
2026-03-30 20:59:00,6408.25,6412.5,6408.25,6411.75,496
2026-03-30 21:00:00,6411.75,6413.5,6408.5,6411.0,587
2026-03-30 21:01:00,6411.5,6416.75,6410.5,6416.0,790
2026-03-30 21:02:00,6415.75,6418.5,6414.25,6414.75,547
2026-03-30 21:03:00,6414.5,6415.0,6411.75,6411.75,521
2026-03-30 21:04:00,6411.75,6411.75,6406.75,6408.5,601
2026-03-30 21:05:00,6408.25,6410.0,6406.75,6409.0,361
2026-03-30 21:06:00,6408.75,6409.25,6402.75,6404.5,723
2026-03-30 21:07:00,6404.5,6404.75,6400.5,6403.25,779
2026-03-30 21:08:00,6403.25,6404.75,6399.75,6400.75,594
2026-03-30 21:09:00,6400.75,6405.0,6400.5,6401.5,511
2026-03-30 21:10:00,6401.0,6402.5,6399.25,6402.25,446
2026-03-30 21:11:00,6402.25,6405.25,6400.75,6403.0,369
2026-03-30 21:12:00,6403.0,6407.0,6403.0,6406.5,354
2026-03-30 21:13:00,6406.5,6407.5,6404.75,6406.0,385
2026-03-30 21:14:00,6405.25,6408.0,6405.25,6406.75,372
2026-03-30 21:15:00,6406.5,6411.5,6405.75,6411.5,684
2026-03-30 21:16:00,6411.5,6414.75,6410.5,6411.25,830
2026-03-30 21:17:00,6411.0,6412.5,6409.0,6410.25,604
2026-03-30 21:18:00,6410.5,6414.75,6410.5,6414.25,570
2026-03-30 21:19:00,6414.25,6416.75,6413.25,6416.0,593
2026-03-30 21:20:00,6416.0,6419.0,6415.75,6418.5,1008
2026-03-30 21:21:00,6418.5,6423.25,6418.0,6422.75,1114
2026-03-30 21:22:00,6422.5,6427.0,6420.75,6426.75,1577
2026-03-30 21:23:00,6426.25,6429.0,6424.5,6427.25,1174
2026-03-30 21:24:00,6427.0,6429.5,6426.0,6428.25,994
2026-03-30 21:25:00,6428.0,6433.75,6427.25,6432.25,1821
2026-03-30 21:26:00,6432.0,6439.0,6431.5,6437.25,1301
2026-03-30 21:27:00,6437.25,6438.5,6435.0,6437.75,509
2026-03-30 21:28:00,6438.0,6438.0,6435.0,6436.25,634
2026-03-30 21:29:00,6436.25,6436.5,6432.5,6436.25,699
2026-03-30 21:30:00,6436.25,6438.75,6435.75,6438.25,588
2026-03-30 21:31:00,6438.5,6441.75,6437.25,6440.25,1041
2026-03-30 21:32:00,6440.0,6446.0,6439.0,6445.0,1110
2026-03-30 21:33:00,6445.25,6446.5,6442.75,6445.5,1159
2026-03-30 21:34:00,6445.25,6447.5,6443.5,6447.0,884
2026-03-30 21:35:00,6446.75,6448.75,6443.75,6445.25,950
2026-03-30 21:36:00,6445.5,6449.0,6445.25,6448.25,627
2026-03-30 21:37:00,6448.0,6453.25,6448.0,6450.25,1482
2026-03-30 21:38:00,6450.5,6452.25,6447.75,6450.0,824
2026-03-30 21:39:00,6450.25,6452.5,6447.25,6452.25,757
2026-03-30 21:40:00,6452.25,6454.0,6451.25,6451.75,595
2026-03-30 21:41:00,6451.75,6452.75,6448.75,6450.0,592
2026-03-30 21:42:00,6449.75,6449.75,6446.25,6448.0,630
2026-03-30 21:43:00,6448.25,6449.0,6445.5,6447.25,559
2026-03-30 21:44:00,6447.5,6448.75,6445.5,6446.75,542
2026-03-30 21:45:00,6446.75,6447.5,6444.25,6445.0,602
2026-03-30 21:46:00,6444.75,6445.0,6442.0,6442.25,490
2026-03-30 21:47:00,6442.5,6444.0,6441.75,6443.0,488
2026-03-30 21:48:00,6443.0,6445.5,6442.5,6445.0,324
2026-03-30 21:49:00,6444.75,6446.5,6442.0,6442.25,500
2026-03-30 21:50:00,6442.5,6443.25,6441.25,6441.25,456
2026-03-30 21:51:00,6441.0,6447.5,6441.0,6447.25,669
2026-03-30 21:52:00,6447.5,6449.5,6445.25,6446.25,703
2026-03-30 21:53:00,6446.25,6447.5,6444.5,6446.0,486
2026-03-30 21:54:00,6445.5,6446.75,6444.75,6445.5,480
2026-03-30 21:55:00,6445.5,6446.25,6443.25,6444.0,396
2026-03-30 21:56:00,6444.5,6445.5,6443.25,6444.5,275
2026-03-30 21:57:00,6444.75,6445.0,6440.5,6441.5,557
2026-03-30 21:58:00,6441.5,6443.5,6441.0,6442.0,335
2026-03-30 21:59:00,6442.25,6442.75,6440.75,6441.5,343
2026-03-30 22:00:00,6441.5,6442.5,6439.5,6440.25,562
2026-03-30 22:01:00,6440.25,6442.25,6438.5,6439.25,554
2026-03-30 22:02:00,6439.5,6440.25,6438.25,6438.75,330
2026-03-30 22:03:00,6438.75,6440.0,6437.75,6438.75,263
2026-03-30 22:04:00,6438.75,6439.25,6438.0,6439.0,216
2026-03-30 22:05:00,6439.25,6440.5,6439.0,6440.25,219
2026-03-30 22:06:00,6440.25,6444.5,6440.0,6443.0,611
2026-03-30 22:07:00,6443.0,6444.25,6440.75,6441.5,433
2026-03-30 22:08:00,6441.25,6443.25,6441.25,6442.5,282
2026-03-30 22:09:00,6442.5,6443.5,6441.5,6443.0,307
2026-03-30 22:10:00,6443.0,6443.0,6441.75,6442.25,169
2026-03-30 22:11:00,6442.25,6443.25,6441.25,6442.25,213
2026-03-30 22:12:00,6442.25,6444.5,6442.0,6443.0,354
2026-03-30 22:13:00,6443.0,6444.5,6442.5,6443.5,273
2026-03-30 22:14:00,6443.5,6444.5,6443.0,6443.5,197
2026-03-30 22:15:00,6443.25,6447.75,6443.25,6444.5,610
2026-03-30 22:16:00,6444.25,6444.25,6442.5,6443.5,244
2026-03-30 22:17:00,6444.0,6446.75,6443.25,6445.0,434
2026-03-30 22:18:00,6445.0,6447.0,6444.75,6445.75,241
2026-03-30 22:19:00,6445.75,6445.75,6442.75,6445.5,360
2026-03-30 22:20:00,6445.0,6446.5,6443.5,6445.5,337
2026-03-30 22:21:00,6445.75,6446.5,6444.75,6445.25,256
2026-03-30 22:22:00,6445.0,6450.0,6444.75,6448.75,582
2026-03-30 22:23:00,6448.5,6449.75,6447.25,6447.5,460
2026-03-30 22:24:00,6447.25,6447.5,6443.75,6445.75,432
2026-03-30 22:25:00,6446.0,6446.25,6443.75,6444.25,344
2026-03-30 22:26:00,6444.25,6445.5,6443.5,6444.5,328
2026-03-30 22:27:00,6444.5,6447.0,6444.5,6446.5,318
2026-03-30 22:28:00,6446.25,6448.75,6446.25,6448.0,478
2026-03-30 22:29:00,6448.0,6448.5,6446.0,6447.75,407
2026-03-30 22:30:00,6447.25,6450.5,6445.25,6449.25,1453
2026-03-30 22:31:00,6449.25,6449.75,6446.25,6446.25,440
2026-03-30 22:32:00,6446.25,6448.5,6445.0,6446.25,345
2026-03-30 22:33:00,6446.0,6447.0,6444.75,6445.75,280
2026-03-30 22:34:00,6445.75,6446.5,6445.0,6446.5,213
2026-03-30 22:35:00,6446.75,6447.75,6446.25,6446.25,328
2026-03-30 22:36:00,6446.25,6448.0,6446.0,6447.25,306
2026-03-30 22:37:00,6447.25,6450.75,6447.0,6450.5,379
2026-03-30 22:38:00,6450.0,6450.25,6447.0,6447.5,331
2026-03-30 22:39:00,6447.5,6449.25,6447.25,6448.75,239
2026-03-30 22:40:00,6448.5,6449.0,6445.75,6446.0,284
2026-03-30 22:41:00,6445.75,6447.0,6444.75,6446.25,369
2026-03-30 22:42:00,6446.25,6448.25,6446.25,6448.25,204
2026-03-30 22:43:00,6448.25,6449.0,6447.25,6448.25,340
2026-03-30 22:44:00,6448.25,6451.25,6448.0,6451.0,417
2026-03-30 22:45:00,6450.75,6451.5,6450.0,6450.5,184
2026-03-30 22:46:00,6450.5,6450.75,6449.25,6450.25,292
2026-03-30 22:47:00,6450.75,6452.0,6450.5,6451.5,271
2026-03-30 22:48:00,6451.25,6451.25,6450.25,6450.75,181
2026-03-30 22:49:00,6451.0,6451.75,6450.5,6451.75,301
2026-03-30 22:50:00,6451.5,6456.75,6451.5,6456.0,1037
2026-03-30 22:51:00,6456.0,6460.25,6455.5,6457.25,1009
2026-03-30 22:52:00,6457.5,6460.0,6456.25,6459.5,552
2026-03-30 22:53:00,6459.5,6462.0,6458.5,6459.0,575
2026-03-30 22:54:00,6459.0,6459.0,6455.5,6456.5,402
2026-03-30 22:55:00,6456.5,6456.5,6453.0,6454.0,402
2026-03-30 22:56:00,6454.0,6456.5,6453.25,6455.75,311
2026-03-30 22:57:00,6455.5,6456.0,6454.5,6454.5,304
2026-03-30 22:58:00,6454.25,6455.25,6453.5,6454.0,266
2026-03-30 22:59:00,6453.75,6454.25,6450.25,6450.25,443
2026-03-30 23:00:00,6450.25,6451.75,6448.5,6450.0,829
2026-03-30 23:01:00,6450.0,6450.75,6448.75,6449.75,276
2026-03-30 23:02:00,6449.5,6451.25,6449.25,6450.25,298
2026-03-30 23:03:00,6450.5,6451.25,6450.0,6451.0,104
2026-03-30 23:04:00,6451.0,6451.5,6450.25,6451.0,110
2026-03-30 23:05:00,6451.0,6451.75,6449.25,6451.25,313
2026-03-30 23:06:00,6451.25,6454.5,6451.0,6454.0,390
2026-03-30 23:07:00,6454.25,6459.0,6454.25,6458.25,562
2026-03-30 23:08:00,6458.0,6459.0,6456.5,6456.75,256
2026-03-30 23:09:00,6456.75,6456.75,6454.5,6455.5,167
2026-03-30 23:10:00,6455.0,6456.0,6454.5,6455.5,101
2026-03-30 23:11:00,6456.0,6456.5,6455.5,6455.5,96
2026-03-30 23:12:00,6455.5,6459.0,6455.25,6457.5,305
2026-03-30 23:13:00,6457.25,6457.5,6456.5,6456.5,115
2026-03-30 23:14:00,6456.25,6457.0,6454.75,6454.75,118
2026-03-30 23:15:00,6454.75,6456.0,6454.0,6454.0,225
2026-03-30 23:16:00,6454.0,6454.0,6451.25,6451.25,289
2026-03-30 23:17:00,6451.5,6451.5,6448.75,6449.25,312
2026-03-30 23:18:00,6449.25,6450.5,6449.0,6450.0,220
2026-03-30 23:19:00,6450.25,6451.0,6449.0,6449.25,272
2026-03-30 23:20:00,6449.0,6450.25,6448.5,6450.0,283
2026-03-30 23:21:00,6450.0,6450.25,6449.25,6449.5,163
2026-03-30 23:22:00,6449.5,6449.75,6448.5,6449.25,184
2026-03-30 23:23:00,6449.25,6449.75,6449.0,6449.5,106
2026-03-30 23:24:00,6449.25,6449.5,6447.75,6448.25,345
2026-03-30 23:25:00,6448.5,6450.25,6448.5,6450.0,334
2026-03-30 23:26:00,6449.75,6450.5,6448.0,6448.25,414
2026-03-30 23:27:00,6448.0,6449.5,6448.0,6448.75,131
2026-03-30 23:28:00,6448.5,6449.25,6447.5,6448.25,187
2026-03-30 23:29:00,6448.5,6449.0,6448.0,6448.75,92
2026-03-30 23:30:00,6448.75,6450.0,6447.5,6447.5,134
2026-03-30 23:31:00,6447.5,6448.5,6446.5,6448.25,267
2026-03-30 23:32:00,6448.0,6448.0,6447.0,6447.75,151
2026-03-30 23:33:00,6447.25,6448.25,6446.5,6448.0,234
2026-03-30 23:34:00,6447.75,6451.0,6447.0,6447.75,385
2026-03-30 23:35:00,6447.5,6448.0,6445.75,6447.25,283
2026-03-30 23:36:00,6447.0,6447.0,6445.5,6445.75,302
2026-03-30 23:37:00,6445.75,6447.5,6445.75,6446.75,324
2026-03-30 23:38:00,6446.25,6447.25,6446.25,6447.25,90
2026-03-30 23:39:00,6447.25,6447.75,6446.75,6447.25,84
2026-03-30 23:40:00,6447.0,6447.75,6446.5,6447.25,132
2026-03-30 23:41:00,6447.0,6447.75,6446.75,6447.25,132
2026-03-30 23:42:00,6447.25,6447.25,6445.5,6446.0,431
2026-03-30 23:43:00,6446.0,6447.5,6446.0,6446.5,152
2026-03-30 23:44:00,6446.5,6447.0,6445.5,6445.5,67
2026-03-30 23:45:00,6446.0,6446.75,6445.5,6446.25,111
2026-03-30 23:46:00,6446.0,6446.0,6445.25,6445.75,178
2026-03-30 23:47:00,6445.75,6446.5,6445.0,6445.0,166
2026-03-30 23:48:00,6445.0,6445.25,6443.0,6443.5,361
2026-03-30 23:49:00,6443.5,6444.75,6442.75,6444.0,310
2026-03-30 23:50:00,6444.5,6449.0,6444.5,6448.75,653
2026-03-30 23:51:00,6447.75,6448.0,6446.75,6447.25,180
2026-03-30 23:52:00,6447.0,6448.0,6446.0,6446.5,148
2026-03-30 23:53:00,6446.75,6447.25,6446.5,6446.5,151
2026-03-30 23:54:00,6446.75,6447.25,6445.25,6445.5,114
2026-03-30 23:55:00,6445.25,6445.75,6444.25,6445.0,132
2026-03-30 23:56:00,6444.75,6445.5,6444.0,6445.25,139
2026-03-30 23:57:00,6444.75,6445.5,6443.0,6443.5,254
2026-03-30 23:58:00,6443.5,6444.25,6443.0,6444.0,111
2026-03-30 23:59:00,6443.75,6444.0,6442.25,6443.0,264
2026-03-31 00:00:00,6442.75,6446.25,6442.75,6445.25,401
2026-03-31 00:01:00,6445.0,6446.25,6445.0,6445.5,148
2026-03-31 00:02:00,6445.75,6446.0,6443.5,6445.25,160
2026-03-31 00:03:00,6445.0,6445.75,6444.5,6445.25,95
2026-03-31 00:04:00,6445.5,6445.5,6444.25,6444.75,82
2026-03-31 00:05:00,6444.25,6444.25,6443.0,6443.75,135
2026-03-31 00:06:00,6443.5,6446.25,6443.5,6445.5,185
2026-03-31 00:07:00,6445.5,6446.0,6444.25,6444.25,175
2026-03-31 00:08:00,6444.25,6447.5,6444.25,6445.75,219
2026-03-31 00:09:00,6446.0,6446.5,6445.0,6445.5,180
2026-03-31 00:10:00,6445.75,6446.5,6445.25,6445.75,96
2026-03-31 00:11:00,6445.75,6446.0,6444.25,6445.25,190
2026-03-31 00:12:00,6444.75,6446.5,6444.75,6445.75,179
2026-03-31 00:13:00,6445.5,6446.5,6445.25,6445.5,96
2026-03-31 00:14:00,6445.75,6446.25,6445.0,6445.75,150
2026-03-31 00:15:00,6445.5,6446.0,6445.25,6445.25,118
2026-03-31 00:16:00,6445.75,6446.0,6445.0,6445.75,116
2026-03-31 00:17:00,6445.75,6446.0,6445.25,6446.0,73
2026-03-31 00:18:00,6445.75,6447.5,6445.75,6447.0,117
2026-03-31 00:19:00,6447.0,6447.5,6446.5,6447.25,120
2026-03-31 00:20:00,6446.5,6448.75,6446.5,6448.75,177
2026-03-31 00:21:00,6448.5,6448.5,6445.5,6446.75,189
2026-03-31 00:22:00,6446.75,6446.75,6444.5,6445.25,155
2026-03-31 00:23:00,6445.25,6445.5,6444.5,6445.5,70
2026-03-31 00:24:00,6445.25,6445.5,6444.5,6445.25,45
2026-03-31 00:25:00,6445.0,6445.25,6440.5,6440.75,279
2026-03-31 00:26:00,6441.25,6442.75,6440.5,6440.5,279
2026-03-31 00:27:00,6440.75,6441.5,6438.5,6441.5,291
2026-03-31 00:28:00,6441.5,6443.25,6441.0,6441.5,153
2026-03-31 00:29:00,6441.5,6441.5,6439.25,6440.5,150
2026-03-31 00:30:00,6440.75,6441.75,6440.0,6441.75,86
2026-03-31 00:31:00,6441.5,6441.5,6440.0,6440.5,60
2026-03-31 00:32:00,6440.5,6443.25,6440.0,6442.5,152
2026-03-31 00:33:00,6442.75,6444.0,6441.75,6443.25,129
2026-03-31 00:34:00,6443.0,6443.5,6441.0,6442.0,82
2026-03-31 00:35:00,6442.0,6442.25,6439.25,6439.75,137
2026-03-31 00:36:00,6440.0,6442.5,6440.0,6442.0,113
2026-03-31 00:37:00,6442.25,6442.25,6438.75,6439.75,265
2026-03-31 00:38:00,6439.75,6440.25,6438.75,6439.25,44
2026-03-31 00:39:00,6439.0,6440.0,6438.75,6439.25,100
2026-03-31 00:40:00,6439.0,6439.5,6438.0,6438.5,136
2026-03-31 00:41:00,6438.5,6439.25,6438.25,6438.5,65
2026-03-31 00:42:00,6438.25,6439.25,6437.75,6438.25,127
2026-03-31 00:43:00,6438.25,6439.75,6438.25,6439.0,55
2026-03-31 00:44:00,6439.0,6441.0,6439.0,6440.5,102
2026-03-31 00:45:00,6440.5,6442.25,6440.5,6441.25,85
2026-03-31 00:46:00,6441.5,6442.25,6438.5,6438.5,646
2026-03-31 00:47:00,6438.5,6438.75,6436.5,6437.0,248
2026-03-31 00:48:00,6437.25,6438.25,6434.5,6436.0,972
2026-03-31 00:49:00,6436.5,6436.75,6434.75,6435.0,139
2026-03-31 00:50:00,6435.0,6436.5,6434.75,6436.0,101
2026-03-31 00:51:00,6436.25,6437.25,6435.75,6435.75,105
2026-03-31 00:52:00,6436.0,6436.25,6433.25,6434.0,297
2026-03-31 00:53:00,6434.0,6435.5,6432.25,6435.5,703
2026-03-31 00:54:00,6435.5,6436.75,6435.25,6435.5,128
2026-03-31 00:55:00,6435.5,6436.0,6434.5,6435.0,91
2026-03-31 00:56:00,6435.0,6435.25,6433.75,6434.5,76
2026-03-31 00:57:00,6434.5,6435.5,6434.5,6434.5,61
2026-03-31 00:58:00,6434.25,6435.0,6433.75,6435.0,63
2026-03-31 00:59:00,6435.25,6435.5,6434.25,6434.25,80
2026-03-31 01:00:00,6434.0,6434.25,6431.25,6431.75,400
2026-03-31 01:01:00,6432.0,6433.5,6432.0,6432.5,138
2026-03-31 01:02:00,6432.25,6434.25,6432.0,6434.0,174
2026-03-31 01:03:00,6433.75,6434.25,6432.25,6433.5,102
2026-03-31 01:04:00,6433.25,6434.0,6432.0,6433.25,123
2026-03-31 01:05:00,6433.25,6433.5,6432.0,6432.5,115
2026-03-31 01:06:00,6432.25,6433.75,6430.75,6432.0,366
2026-03-31 01:07:00,6432.25,6432.5,6431.5,6431.75,117
2026-03-31 01:08:00,6432.0,6432.5,6431.5,6432.0,79
2026-03-31 01:09:00,6431.5,6431.5,6429.5,6430.0,252
2026-03-31 01:10:00,6430.0,6430.0,6428.25,6428.25,203
2026-03-31 01:11:00,6428.5,6429.25,6428.25,6428.75,180
2026-03-31 01:12:00,6429.0,6429.0,6426.75,6427.25,273
2026-03-31 01:13:00,6427.5,6427.5,6424.5,6425.75,573
2026-03-31 01:14:00,6425.5,6426.5,6424.25,6425.0,270
2026-03-31 01:15:00,6425.25,6425.5,6422.0,6423.25,396
2026-03-31 01:16:00,6423.5,6425.0,6423.25,6425.0,371
2026-03-31 01:17:00,6425.0,6428.25,6424.25,6427.5,375
2026-03-31 01:18:00,6427.5,6428.5,6427.0,6427.5,257
2026-03-31 01:19:00,6427.75,6428.75,6427.5,6427.5,156
2026-03-31 01:20:00,6427.5,6430.75,6427.5,6430.25,264
2026-03-31 01:21:00,6430.25,6432.75,6429.75,6432.75,284
2026-03-31 01:22:00,6432.75,6433.5,6431.5,6432.75,225
2026-03-31 01:23:00,6432.75,6434.25,6432.25,6434.0,181
2026-03-31 01:24:00,6433.75,6435.25,6433.5,6434.75,235
2026-03-31 01:25:00,6434.75,6435.25,6433.75,6434.5,151
2026-03-31 01:26:00,6434.25,6437.25,6434.0,6436.25,231
2026-03-31 01:27:00,6436.0,6436.25,6434.25,6434.25,152
2026-03-31 01:28:00,6434.25,6436.25,6434.25,6436.0,104
2026-03-31 01:29:00,6436.0,6436.0,6432.25,6433.75,403
2026-03-31 01:30:00,6434.0,6434.25,6432.5,6433.0,97
2026-03-31 01:31:00,6433.0,6433.75,6432.5,6433.5,90
2026-03-31 01:32:00,6433.75,6434.25,6432.75,6434.0,173
2026-03-31 01:33:00,6434.25,6439.0,6434.0,6439.0,182
2026-03-31 01:34:00,6439.25,6440.5,6436.5,6437.75,334
2026-03-31 01:35:00,6438.25,6438.25,6436.25,6437.5,159
2026-03-31 01:36:00,6437.0,6438.75,6436.25,6437.0,193
2026-03-31 01:37:00,6437.25,6437.75,6435.25,6435.25,122
2026-03-31 01:38:00,6435.75,6437.0,6435.5,6436.0,86
2026-03-31 01:39:00,6436.5,6438.0,6436.0,6436.75,105
2026-03-31 01:40:00,6436.75,6438.5,6435.75,6437.75,184
2026-03-31 01:41:00,6437.5,6437.75,6436.0,6437.0,93
2026-03-31 01:42:00,6437.0,6437.0,6436.0,6437.0,82
2026-03-31 01:43:00,6437.25,6437.75,6436.0,6437.75,64
2026-03-31 01:44:00,6437.5,6438.5,6435.75,6438.25,102
2026-03-31 01:45:00,6438.0,6438.75,6436.25,6438.75,424
2026-03-31 01:46:00,6438.75,6439.5,6437.0,6438.5,385
2026-03-31 01:47:00,6438.25,6442.0,6438.25,6440.75,598
2026-03-31 01:48:00,6441.0,6442.5,6441.0,6442.5,221
2026-03-31 01:49:00,6442.5,6443.0,6440.5,6442.0,217
2026-03-31 01:50:00,6442.0,6443.75,6441.5,6443.25,152
2026-03-31 01:51:00,6443.0,6444.5,6443.0,6444.0,184
2026-03-31 01:52:00,6444.25,6444.25,6442.0,6442.5,153
2026-03-31 01:53:00,6442.5,6442.5,6440.25,6441.0,158
2026-03-31 01:54:00,6441.0,6441.25,6438.0,6439.25,326
2026-03-31 01:55:00,6439.0,6440.0,6438.5,6439.25,155
2026-03-31 01:56:00,6439.25,6440.25,6439.0,6439.75,129
2026-03-31 01:57:00,6439.5,6439.75,6437.5,6437.5,123
2026-03-31 01:58:00,6438.0,6438.75,6437.5,6438.25,95
2026-03-31 01:59:00,6438.5,6438.75,6438.0,6438.5,82
2026-03-31 02:00:00,6438.5,6439.25,6435.5,6436.0,325
2026-03-31 02:01:00,6435.75,6436.5,6433.0,6433.75,281
2026-03-31 02:02:00,6434.0,6436.0,6433.5,6435.5,234
2026-03-31 02:03:00,6435.75,6436.25,6434.0,6435.75,165
2026-03-31 02:04:00,6435.5,6437.25,6434.5,6436.0,341
2026-03-31 02:05:00,6436.0,6436.5,6435.0,6435.25,340
2026-03-31 02:06:00,6435.0,6436.0,6432.75,6433.75,390
2026-03-31 02:07:00,6433.75,6435.25,6430.75,6430.75,370
2026-03-31 02:08:00,6430.5,6432.75,6430.25,6431.0,215
2026-03-31 02:09:00,6430.75,6432.0,6430.25,6430.75,243
2026-03-31 02:10:00,6430.25,6430.5,6429.0,6429.75,249
2026-03-31 02:11:00,6429.5,6432.0,6429.25,6430.5,237
2026-03-31 02:12:00,6430.5,6430.75,6429.5,6430.75,162
2026-03-31 02:13:00,6430.75,6432.0,6430.25,6430.5,183
2026-03-31 02:14:00,6430.5,6430.75,6428.25,6430.75,219
2026-03-31 02:15:00,6430.5,6431.0,6429.5,6431.0,185
2026-03-31 02:16:00,6430.5,6431.0,6429.5,6429.5,121
2026-03-31 02:17:00,6429.5,6430.75,6429.5,6430.5,85
2026-03-31 02:18:00,6430.5,6434.25,6429.5,6433.0,374
2026-03-31 02:19:00,6433.0,6434.75,6432.75,6434.0,266
2026-03-31 02:20:00,6434.25,6435.25,6433.0,6434.5,307
2026-03-31 02:21:00,6434.75,6438.25,6434.75,6438.0,338
2026-03-31 02:22:00,6438.25,6440.5,6438.25,6439.5,381
2026-03-31 02:23:00,6439.75,6439.75,6436.0,6437.75,414
2026-03-31 02:24:00,6437.75,6438.0,6436.0,6437.75,277
2026-03-31 02:25:00,6438.0,6439.0,6435.5,6436.5,321
2026-03-31 02:26:00,6436.25,6439.25,6434.5,6435.0,670
2026-03-31 02:27:00,6435.25,6436.5,6433.25,6434.75,373
2026-03-31 02:28:00,6434.5,6436.5,6433.75,6434.75,310
2026-03-31 02:29:00,6434.75,6434.75,6431.25,6433.5,686
2026-03-31 02:30:00,6434.0,6436.75,6430.0,6432.5,886
2026-03-31 02:31:00,6432.5,6434.25,6432.25,6433.0,204
2026-03-31 02:32:00,6432.75,6434.25,6431.75,6433.5,243
2026-03-31 02:33:00,6433.75,6434.75,6432.75,6433.25,179
2026-03-31 02:34:00,6433.5,6434.25,6432.0,6433.25,279
2026-03-31 02:35:00,6433.0,6433.5,6429.25,6431.5,198
2026-03-31 02:36:00,6431.75,6435.25,6431.0,6433.75,210
2026-03-31 02:37:00,6432.75,6432.75,6430.5,6431.0,129
2026-03-31 02:38:00,6431.0,6432.5,6431.0,6431.75,92
2026-03-31 02:39:00,6432.0,6433.75,6432.0,6433.75,124
2026-03-31 02:40:00,6433.5,6435.0,6431.5,6431.5,199
2026-03-31 02:41:00,6431.25,6432.0,6430.0,6430.5,163
2026-03-31 02:42:00,6430.75,6432.25,6429.5,6429.5,235
2026-03-31 02:43:00,6429.5,6430.0,6427.75,6428.25,236
2026-03-31 02:44:00,6428.5,6430.0,6428.0,6429.25,227
2026-03-31 02:45:00,6429.0,6429.75,6427.75,6428.5,133
2026-03-31 02:46:00,6428.5,6429.75,6427.75,6427.75,137
2026-03-31 02:47:00,6428.0,6429.25,6427.25,6428.75,141
2026-03-31 02:48:00,6428.75,6429.75,6428.0,6429.0,197
2026-03-31 02:49:00,6429.0,6430.5,6429.0,6430.25,166
2026-03-31 02:50:00,6430.5,6432.25,6430.5,6431.5,176
2026-03-31 02:51:00,6431.75,6431.75,6430.5,6431.5,126
2026-03-31 02:52:00,6431.5,6432.0,6429.0,6429.5,143
2026-03-31 02:53:00,6429.5,6432.25,6429.25,6430.5,324
2026-03-31 02:54:00,6430.5,6433.0,6430.25,6432.5,179
2026-03-31 02:55:00,6432.75,6434.75,6431.75,6433.5,244
2026-03-31 02:56:00,6433.5,6437.75,6433.5,6436.5,431
2026-03-31 02:57:00,6436.25,6436.5,6432.25,6433.0,280
2026-03-31 02:58:00,6432.75,6433.75,6432.5,6432.75,150
2026-03-31 02:59:00,6432.75,6434.0,6432.5,6433.5,124
2026-03-31 03:00:00,6433.5,6434.5,6427.75,6429.25,607
2026-03-31 03:01:00,6429.25,6434.5,6429.0,6430.5,385
2026-03-31 03:02:00,6430.5,6434.25,6429.75,6432.75,228
2026-03-31 03:03:00,6433.5,6434.0,6430.25,6431.5,153
2026-03-31 03:04:00,6431.25,6434.75,6430.75,6434.75,272
2026-03-31 03:05:00,6434.75,6436.75,6433.75,6436.25,290
2026-03-31 03:06:00,6436.0,6436.25,6431.75,6433.5,406
2026-03-31 03:07:00,6433.25,6434.25,6432.0,6434.25,162
2026-03-31 03:08:00,6433.75,6434.0,6431.0,6432.25,324
2026-03-31 03:09:00,6432.0,6433.0,6430.75,6431.5,218
2026-03-31 03:10:00,6431.75,6433.5,6431.5,6432.5,171
2026-03-31 03:11:00,6432.25,6432.25,6429.0,6429.0,232
2026-03-31 03:12:00,6428.75,6430.5,6425.5,6425.75,376
2026-03-31 03:13:00,6425.75,6427.0,6423.5,6424.25,400
2026-03-31 03:14:00,6424.25,6428.75,6424.0,6427.0,375
2026-03-31 03:15:00,6427.0,6430.25,6426.5,6429.0,279
2026-03-31 03:16:00,6429.5,6429.5,6426.5,6427.0,223
2026-03-31 03:17:00,6427.25,6428.0,6425.25,6426.25,188
2026-03-31 03:18:00,6426.25,6426.5,6423.25,6424.0,365
2026-03-31 03:19:00,6424.25,6424.25,6421.5,6422.5,708
2026-03-31 03:20:00,6422.5,6428.0,6422.0,6427.0,619
2026-03-31 03:21:00,6427.0,6428.5,6426.25,6427.25,535
2026-03-31 03:22:00,6427.25,6428.25,6425.0,6427.0,282
2026-03-31 03:23:00,6427.25,6427.75,6426.0,6426.5,247
2026-03-31 03:24:00,6426.5,6429.0,6424.75,6428.0,315
2026-03-31 03:25:00,6428.0,6429.0,6426.0,6427.5,342
2026-03-31 03:26:00,6427.75,6428.75,6426.25,6426.75,245
2026-03-31 03:27:00,6426.5,6432.0,6426.5,6431.75,255
2026-03-31 03:28:00,6431.75,6431.75,6429.5,6430.0,193
2026-03-31 03:29:00,6430.25,6430.75,6429.5,6430.5,187
2026-03-31 03:30:00,6430.75,6434.0,6430.5,6433.25,399
2026-03-31 03:31:00,6433.0,6433.0,6430.75,6432.0,221
2026-03-31 03:32:00,6432.0,6435.5,6431.5,6435.0,223
2026-03-31 03:33:00,6435.0,6437.5,6435.0,6436.0,344
2026-03-31 03:34:00,6436.0,6436.0,6433.25,6435.25,276
2026-03-31 03:35:00,6435.0,6437.75,6435.0,6437.25,228
2026-03-31 03:36:00,6437.25,6438.5,6436.5,6437.25,222
2026-03-31 03:37:00,6438.0,6440.0,6438.0,6438.5,501
2026-03-31 03:38:00,6438.5,6441.5,6437.75,6441.25,367
2026-03-31 03:39:00,6441.25,6443.25,6440.5,6442.75,521
2026-03-31 03:40:00,6442.75,6444.75,6441.75,6444.25,596
2026-03-31 03:41:00,6444.0,6447.0,6442.5,6446.25,733
2026-03-31 03:42:00,6446.5,6447.75,6443.75,6444.75,832
2026-03-31 03:43:00,6444.75,6446.5,6444.25,6446.25,252
2026-03-31 03:44:00,6446.0,6447.25,6445.25,6447.0,254
2026-03-31 03:45:00,6447.0,6448.75,6446.5,6447.0,485
2026-03-31 03:46:00,6446.75,6449.5,6446.5,6448.75,517
2026-03-31 03:47:00,6448.5,6450.5,6447.75,6449.75,562
2026-03-31 03:48:00,6449.75,6453.25,6449.5,6451.75,815
2026-03-31 03:49:00,6452.0,6452.0,6448.0,6448.25,538
2026-03-31 03:50:00,6448.0,6449.5,6446.75,6449.5,331
2026-03-31 03:51:00,6449.5,6452.5,6449.25,6450.5,636
2026-03-31 03:52:00,6450.75,6451.5,6450.0,6451.0,394
2026-03-31 03:53:00,6451.0,6452.25,6451.0,6451.5,360
2026-03-31 03:54:00,6451.5,6452.5,6450.5,6451.5,474
2026-03-31 03:55:00,6451.25,6453.0,6448.25,6449.25,355
2026-03-31 03:56:00,6449.5,6452.0,6447.5,6452.0,468
2026-03-31 03:57:00,6452.25,6454.5,6451.25,6451.5,499
2026-03-31 03:58:00,6452.0,6455.0,6452.0,6454.75,418
2026-03-31 03:59:00,6454.5,6455.5,6454.0,6454.75,325
2026-03-31 04:00:00,6454.75,6455.25,6451.25,6453.0,722
2026-03-31 04:01:00,6452.75,6452.75,6448.25,6448.5,482
2026-03-31 04:02:00,6448.25,6450.5,6447.0,6450.0,425
2026-03-31 04:03:00,6450.0,6452.0,6449.5,6451.75,391
2026-03-31 04:04:00,6451.5,6455.75,6451.25,6455.75,514
2026-03-31 04:05:00,6455.5,6456.5,6453.75,6455.75,503
2026-03-31 04:06:00,6455.75,6455.75,6453.25,6455.25,310
2026-03-31 04:07:00,6455.25,6455.75,6452.5,6452.75,369
2026-03-31 04:08:00,6452.5,6453.75,6452.25,6452.75,331
2026-03-31 04:09:00,6452.75,6455.75,6452.75,6454.0,624
2026-03-31 04:10:00,6453.75,6454.25,6448.75,6449.5,389
2026-03-31 04:11:00,6449.75,6451.0,6447.25,6447.25,402
2026-03-31 04:12:00,6447.5,6449.0,6446.25,6447.0,425
2026-03-31 04:13:00,6447.0,6449.75,6447.0,6449.25,440
2026-03-31 04:14:00,6449.25,6449.25,6444.25,6445.75,641
2026-03-31 04:15:00,6445.5,6447.25,6444.5,6447.25,191
2026-03-31 04:16:00,6447.0,6450.5,6446.25,6449.5,265
2026-03-31 04:17:00,6449.5,6449.5,6446.5,6447.75,187
2026-03-31 04:18:00,6447.75,6448.0,6443.75,6446.0,327
2026-03-31 04:19:00,6445.75,6447.25,6445.25,6447.0,398
2026-03-31 04:20:00,6447.0,6448.75,6447.0,6448.0,295
2026-03-31 04:21:00,6448.25,6450.0,6447.0,6447.0,241
2026-03-31 04:22:00,6447.0,6448.75,6444.5,6445.25,587
2026-03-31 04:23:00,6445.25,6446.0,6443.0,6445.0,306
2026-03-31 04:24:00,6445.25,6446.25,6444.5,6445.75,247
2026-03-31 04:25:00,6446.0,6446.75,6444.0,6444.75,220
2026-03-31 04:26:00,6444.75,6444.75,6443.0,6443.5,134
2026-03-31 04:27:00,6443.25,6444.5,6442.25,6442.5,187
2026-03-31 04:28:00,6442.5,6445.75,6442.25,6445.0,323
2026-03-31 04:29:00,6445.25,6446.0,6443.5,6443.5,274
2026-03-31 04:30:00,6443.75,6443.75,6440.75,6443.0,392
2026-03-31 04:31:00,6442.75,6444.0,6442.0,6442.75,157
2026-03-31 04:32:00,6442.5,6443.25,6441.0,6442.25,162
2026-03-31 04:33:00,6442.0,6443.25,6441.5,6443.25,187
2026-03-31 04:34:00,6443.25,6443.25,6440.75,6442.5,145
2026-03-31 04:35:00,6442.5,6443.25,6440.5,6441.0,248
2026-03-31 04:36:00,6441.25,6443.25,6441.25,6443.0,249
2026-03-31 04:37:00,6443.5,6445.25,6443.0,6444.0,263
2026-03-31 04:38:00,6444.25,6445.25,6443.75,6444.5,184
2026-03-31 04:39:00,6445.25,6445.25,6440.0,6440.0,414
2026-03-31 04:40:00,6440.0,6441.25,6439.75,6439.75,181
2026-03-31 04:41:00,6439.75,6440.75,6438.75,6440.5,510
2026-03-31 04:42:00,6440.5,6442.75,6439.75,6442.5,958
2026-03-31 04:43:00,6442.25,6442.5,6441.5,6441.75,172
2026-03-31 04:44:00,6441.5,6443.25,6439.25,6440.5,232
2026-03-31 04:45:00,6440.5,6441.0,6437.25,6437.75,327
2026-03-31 04:46:00,6438.0,6440.75,6437.0,6440.75,210
2026-03-31 04:47:00,6440.5,6442.0,6440.0,6441.75,228
2026-03-31 04:48:00,6442.0,6442.0,6441.0,6441.5,100
2026-03-31 04:49:00,6441.5,6443.0,6440.75,6443.0,135
2026-03-31 04:50:00,6442.75,6445.5,6442.5,6445.0,141
2026-03-31 04:51:00,6444.75,6445.25,6444.0,6444.0,178
2026-03-31 04:52:00,6444.25,6444.5,6435.25,6438.75,1310
2026-03-31 04:53:00,6438.5,6442.0,6438.5,6441.0,502
2026-03-31 04:54:00,6440.75,6443.0,6435.0,6441.75,1205
2026-03-31 04:55:00,6442.0,6442.75,6439.25,6439.25,465
2026-03-31 04:56:00,6439.0,6439.75,6437.75,6439.75,315
2026-03-31 04:57:00,6440.0,6440.75,6439.0,6439.0,221
2026-03-31 04:58:00,6439.25,6439.75,6438.25,6439.5,161
2026-03-31 04:59:00,6439.5,6441.0,6439.5,6440.25,130
2026-03-31 05:00:00,6440.5,6445.0,6439.75,6444.75,521
2026-03-31 05:01:00,6444.5,6445.25,6441.0,6441.25,286
2026-03-31 05:02:00,6441.0,6445.5,6440.5,6444.25,231
2026-03-31 05:03:00,6444.25,6444.25,6442.25,6442.25,288
2026-03-31 05:04:00,6442.0,6447.0,6440.5,6446.5,670
2026-03-31 05:05:00,6446.25,6449.75,6445.5,6449.75,825
2026-03-31 05:06:00,6449.5,6449.5,6445.25,6445.75,294
2026-03-31 05:07:00,6445.75,6447.0,6445.0,6445.75,94
2026-03-31 05:08:00,6445.75,6445.75,6444.5,6444.75,119
2026-03-31 05:09:00,6445.0,6446.75,6444.5,6445.0,89
2026-03-31 05:10:00,6445.5,6446.75,6443.75,6446.25,130
2026-03-31 05:11:00,6445.75,6447.0,6444.25,6446.75,171
2026-03-31 05:12:00,6446.75,6447.0,6443.75,6444.25,461
2026-03-31 05:13:00,6444.25,6445.0,6444.25,6444.5,54
2026-03-31 05:14:00,6444.75,6446.25,6443.75,6445.25,171
2026-03-31 05:15:00,6445.25,6448.5,6445.25,6448.25,250
2026-03-31 05:16:00,6448.5,6448.5,6442.25,6442.5,310
2026-03-31 05:17:00,6442.25,6444.25,6441.75,6442.5,206
2026-03-31 05:18:00,6442.5,6443.5,6441.5,6443.5,181
2026-03-31 05:19:00,6443.75,6446.25,6443.75,6444.0,243
2026-03-31 05:20:00,6444.25,6445.25,6443.75,6445.25,100
2026-03-31 05:21:00,6445.0,6445.25,6443.0,6443.75,160
2026-03-31 05:22:00,6443.25,6445.5,6443.25,6445.0,116
2026-03-31 05:23:00,6445.25,6448.5,6445.25,6447.75,150
2026-03-31 05:24:00,6447.75,6449.0,6447.0,6448.5,135
2026-03-31 05:25:00,6449.0,6449.25,6446.25,6448.25,213
2026-03-31 05:26:00,6448.25,6449.5,6447.25,6448.0,568
2026-03-31 05:27:00,6448.0,6448.5,6447.0,6447.75,165
2026-03-31 05:28:00,6447.75,6448.25,6444.0,6444.0,227
2026-03-31 05:29:00,6444.25,6444.75,6441.0,6442.0,481
2026-03-31 05:30:00,6442.25,6442.75,6437.75,6438.75,298
2026-03-31 05:31:00,6439.0,6440.0,6437.25,6438.5,275
2026-03-31 05:32:00,6438.75,6442.5,6438.5,6441.25,260
2026-03-31 05:33:00,6441.0,6444.5,6440.5,6442.75,508
2026-03-31 05:34:00,6442.5,6443.25,6441.5,6442.75,154
2026-03-31 05:35:00,6442.25,6442.75,6440.25,6442.0,278
2026-03-31 05:36:00,6441.75,6444.5,6441.75,6444.0,373
2026-03-31 05:37:00,6444.0,6446.25,6443.75,6445.0,227
2026-03-31 05:38:00,6444.75,6445.0,6441.75,6441.75,372
2026-03-31 05:39:00,6442.0,6442.25,6439.5,6439.5,360
2026-03-31 05:40:00,6439.75,6444.0,6439.5,6442.0,399
2026-03-31 05:41:00,6441.75,6443.75,6440.75,6441.25,324
2026-03-31 05:42:00,6441.25,6442.5,6441.0,6442.0,227
2026-03-31 05:43:00,6442.25,6443.25,6441.5,6442.25,116
2026-03-31 05:44:00,6442.5,6442.75,6440.75,6442.25,375
2026-03-31 05:45:00,6442.5,6442.5,6439.25,6439.75,203
2026-03-31 05:46:00,6440.0,6442.0,6439.25,6441.5,199
2026-03-31 05:47:00,6441.75,6442.25,6440.0,6440.75,268
2026-03-31 05:48:00,6441.0,6443.25,6441.0,6443.25,201
2026-03-31 05:49:00,6443.5,6443.75,6442.0,6443.75,200
2026-03-31 05:50:00,6443.25,6443.75,6442.0,6443.75,131
2026-03-31 05:51:00,6443.75,6446.0,6442.5,6443.0,238
2026-03-31 05:52:00,6443.0,6445.25,6442.75,6444.75,168
2026-03-31 05:53:00,6444.5,6444.5,6441.0,6441.75,211
2026-03-31 05:54:00,6441.5,6441.75,6440.75,6441.0,209
2026-03-31 05:55:00,6441.0,6441.5,6436.25,6436.75,420
2026-03-31 05:56:00,6436.75,6437.0,6435.25,6435.5,498
2026-03-31 05:57:00,6435.75,6437.75,6435.25,6437.0,248
2026-03-31 05:58:00,6437.0,6438.25,6436.75,6437.25,240
2026-03-31 05:59:00,6437.75,6439.0,6437.5,6438.25,220
2026-03-31 06:00:00,6438.25,6445.0,6438.0,6444.25,486
2026-03-31 06:01:00,6443.75,6445.25,6441.75,6441.75,511
2026-03-31 06:02:00,6441.75,6443.0,6439.5,6439.75,452
2026-03-31 06:03:00,6439.5,6440.75,6438.25,6440.5,299
2026-03-31 06:04:00,6440.75,6444.0,6439.25,6442.75,499
2026-03-31 06:05:00,6442.5,6442.75,6441.0,6441.5,173
2026-03-31 06:06:00,6441.75,6444.25,6441.5,6444.0,161
2026-03-31 06:07:00,6443.75,6445.5,6443.5,6444.0,193
2026-03-31 06:08:00,6443.75,6444.5,6442.25,6443.25,176
2026-03-31 06:09:00,6443.5,6444.0,6441.75,6441.75,123
2026-03-31 06:10:00,6441.75,6443.25,6441.5,6442.5,136
2026-03-31 06:11:00,6442.25,6443.5,6442.25,6443.25,103
2026-03-31 06:12:00,6443.25,6444.0,6442.5,6443.5,82
2026-03-31 06:13:00,6443.5,6443.75,6441.75,6443.75,245
2026-03-31 06:14:00,6443.75,6444.75,6440.75,6442.0,446
2026-03-31 06:15:00,6442.0,6442.0,6438.75,6441.75,251
2026-03-31 06:16:00,6441.75,6443.5,6441.5,6441.75,254
2026-03-31 06:17:00,6442.0,6442.25,6440.75,6441.75,183
2026-03-31 06:18:00,6441.75,6441.75,6440.5,6441.75,94
2026-03-31 06:19:00,6441.5,6442.5,6439.75,6440.25,164
2026-03-31 06:20:00,6440.0,6440.25,6437.25,6437.5,321
2026-03-31 06:21:00,6437.5,6438.25,6437.0,6437.5,158
2026-03-31 06:22:00,6437.5,6439.0,6437.25,6438.75,167
2026-03-31 06:23:00,6438.75,6439.75,6437.75,6439.75,165
2026-03-31 06:24:00,6439.75,6440.25,6439.25,6439.5,209
2026-03-31 06:25:00,6439.25,6439.75,6438.0,6438.75,94
2026-03-31 06:26:00,6439.0,6440.0,6438.5,6439.25,126
2026-03-31 06:27:00,6439.5,6440.5,6439.0,6439.75,165
2026-03-31 06:28:00,6439.5,6440.75,6439.0,6439.0,117
2026-03-31 06:29:00,6439.25,6442.0,6438.5,6441.0,302
2026-03-31 06:30:00,6441.25,6442.0,6440.25,6442.0,196
2026-03-31 06:31:00,6442.0,6442.5,6439.0,6439.5,228
2026-03-31 06:32:00,6439.5,6440.0,6438.25,6438.75,211
2026-03-31 06:33:00,6438.5,6439.25,6438.25,6438.75,113
2026-03-31 06:34:00,6438.5,6438.5,6434.5,6435.5,372
2026-03-31 06:35:00,6435.5,6436.75,6433.75,6434.25,604
2026-03-31 06:36:00,6434.25,6435.25,6431.5,6432.25,533
2026-03-31 06:37:00,6432.5,6433.75,6430.5,6432.75,512
2026-03-31 06:38:00,6432.75,6432.75,6427.0,6427.75,554
2026-03-31 06:39:00,6428.0,6428.75,6426.25,6426.5,633
2026-03-31 06:40:00,6426.75,6427.25,6425.0,6426.5,402
2026-03-31 06:41:00,6426.5,6427.75,6424.5,6425.25,563
2026-03-31 06:42:00,6425.5,6428.0,6425.25,6426.25,496
2026-03-31 06:43:00,6426.25,6426.25,6423.75,6425.5,420
2026-03-31 06:44:00,6425.5,6427.25,6424.75,6425.5,423
2026-03-31 06:45:00,6425.75,6426.0,6424.25,6424.75,352
2026-03-31 06:46:00,6424.75,6427.5,6424.25,6425.0,454
2026-03-31 06:47:00,6425.0,6429.0,6425.0,6428.5,293
2026-03-31 06:48:00,6428.5,6428.5,6425.75,6426.25,267
2026-03-31 06:49:00,6426.5,6427.25,6425.75,6427.25,279
2026-03-31 06:50:00,6427.25,6431.5,6427.0,6430.25,540
2026-03-31 06:51:00,6430.0,6430.25,6428.5,6429.0,307
2026-03-31 06:52:00,6429.0,6431.25,6428.5,6430.75,228
2026-03-31 06:53:00,6431.5,6432.25,6429.75,6431.25,339
2026-03-31 06:54:00,6431.25,6434.75,6431.25,6433.75,480
2026-03-31 06:55:00,6433.75,6434.25,6432.25,6432.5,375
2026-03-31 06:56:00,6432.5,6433.25,6432.25,6433.0,164
2026-03-31 06:57:00,6433.25,6436.25,6432.75,6436.0,441
2026-03-31 06:58:00,6435.5,6436.5,6434.0,6435.5,470
2026-03-31 06:59:00,6435.75,6437.5,6435.0,6435.25,461
2026-03-31 07:00:00,6435.5,6437.0,6434.25,6435.75,520
2026-03-31 07:01:00,6435.5,6436.25,6433.25,6435.75,396
2026-03-31 07:02:00,6435.75,6437.75,6432.0,6432.75,720
2026-03-31 07:03:00,6433.0,6435.75,6431.25,6435.75,317
2026-03-31 07:04:00,6435.75,6441.0,6435.0,6440.75,825
2026-03-31 07:05:00,6440.25,6440.5,6435.0,6435.25,532
2026-03-31 07:06:00,6435.5,6438.25,6435.25,6437.25,379
2026-03-31 07:07:00,6437.0,6437.25,6435.5,6436.25,217
2026-03-31 07:08:00,6436.25,6436.5,6434.0,6434.5,197
2026-03-31 07:09:00,6434.5,6435.5,6433.75,6434.25,401
2026-03-31 07:10:00,6434.5,6438.75,6433.0,6438.25,850
2026-03-31 07:11:00,6438.5,6467.0,6437.0,6441.75,5444
2026-03-31 07:12:00,6441.75,6450.25,6440.25,6447.0,1764
2026-03-31 07:13:00,6447.0,6449.25,6442.25,6447.0,1555
2026-03-31 07:14:00,6447.25,6452.5,6446.0,6450.25,1482
2026-03-31 07:15:00,6450.0,6456.5,6447.0,6453.75,1320
2026-03-31 07:16:00,6454.0,6462.75,6453.5,6458.75,2412
2026-03-31 07:17:00,6458.75,6461.25,6456.0,6457.25,974
2026-03-31 07:18:00,6457.5,6459.25,6456.0,6457.25,1456
2026-03-31 07:19:00,6457.25,6457.25,6448.25,6452.0,3026
2026-03-31 07:20:00,6452.0,6454.5,6448.0,6454.0,1160
2026-03-31 07:21:00,6453.75,6455.5,6450.25,6450.5,622
2026-03-31 07:22:00,6450.5,6453.75,6447.75,6453.5,735
2026-03-31 07:23:00,6453.25,6453.75,6449.25,6451.5,568
2026-03-31 07:24:00,6451.5,6454.75,6451.5,6453.0,658
2026-03-31 07:25:00,6453.0,6456.25,6453.0,6454.5,607
2026-03-31 07:26:00,6454.5,6457.75,6453.5,6456.25,762
2026-03-31 07:27:00,6456.25,6456.75,6450.75,6453.5,719
2026-03-31 07:28:00,6453.25,6454.75,6450.5,6451.0,728
2026-03-31 07:29:00,6451.25,6451.75,6446.5,6450.5,887
2026-03-31 07:30:00,6450.5,6453.25,6449.0,6451.0,748
2026-03-31 07:31:00,6450.75,6451.0,6445.75,6446.25,484
2026-03-31 07:32:00,6446.25,6447.75,6445.25,6446.0,434
2026-03-31 07:33:00,6446.25,6449.75,6445.75,6449.25,375
2026-03-31 07:34:00,6449.0,6450.75,6448.0,6449.75,399
2026-03-31 07:35:00,6450.0,6450.0,6446.0,6446.0,457
2026-03-31 07:36:00,6446.25,6448.75,6445.0,6448.5,334
2026-03-31 07:37:00,6448.5,6449.0,6446.75,6447.25,296
2026-03-31 07:38:00,6447.25,6450.25,6447.25,6449.75,344
2026-03-31 07:39:00,6449.5,6455.0,6449.5,6453.75,621
2026-03-31 07:40:00,6453.5,6453.75,6451.0,6451.25,450
2026-03-31 07:41:00,6451.5,6451.5,6449.0,6450.25,506
2026-03-31 07:42:00,6450.5,6453.25,6450.5,6453.0,252
2026-03-31 07:43:00,6453.0,6457.0,6452.75,6456.0,729
2026-03-31 07:44:00,6456.0,6458.75,6455.25,6458.5,926
2026-03-31 07:45:00,6458.5,6458.75,6455.25,6456.5,672
2026-03-31 07:46:00,6456.25,6456.25,6453.5,6454.5,571
2026-03-31 07:47:00,6454.5,6454.5,6450.25,6453.5,894
2026-03-31 07:48:00,6453.5,6453.75,6449.75,6450.0,483
2026-03-31 07:49:00,6450.0,6452.75,6447.0,6451.5,1167
2026-03-31 07:50:00,6451.5,6452.75,6447.0,6448.25,1090
2026-03-31 07:51:00,6448.75,6451.0,6447.25,6448.0,825
2026-03-31 07:52:00,6448.0,6449.75,6447.25,6449.0,523
2026-03-31 07:53:00,6449.0,6452.25,6448.25,6451.75,717
2026-03-31 07:54:00,6451.75,6451.75,6448.75,6449.25,402
2026-03-31 07:55:00,6449.5,6451.5,6449.25,6450.5,359
2026-03-31 07:56:00,6450.25,6453.0,6450.25,6451.75,606
2026-03-31 07:57:00,6451.75,6453.75,6451.75,6452.75,303
2026-03-31 07:58:00,6452.75,6453.5,6451.75,6452.75,357
2026-03-31 07:59:00,6452.75,6454.5,6452.5,6453.5,461
2026-03-31 08:00:00,6453.5,6456.75,6453.25,6456.0,997
2026-03-31 08:01:00,6456.0,6457.5,6454.75,6457.25,786
2026-03-31 08:02:00,6457.0,6458.25,6456.5,6457.75,614
2026-03-31 08:03:00,6457.75,6458.5,6455.25,6457.75,576
2026-03-31 08:04:00,6457.75,6459.0,6454.25,6457.75,2263
2026-03-31 08:05:00,6457.75,6458.0,6453.5,6454.0,966
2026-03-31 08:06:00,6454.25,6457.5,6454.25,6457.0,642
2026-03-31 08:07:00,6457.0,6459.75,6456.5,6459.5,935
2026-03-31 08:08:00,6459.25,6460.0,6458.25,6459.5,874
2026-03-31 08:09:00,6459.75,6470.0,6459.5,6464.25,4240
2026-03-31 08:10:00,6464.25,6464.75,6451.0,6453.0,3977
2026-03-31 08:11:00,6453.0,6455.0,6447.0,6447.75,3151
2026-03-31 08:12:00,6447.75,6451.0,6442.5,6446.5,2864
2026-03-31 08:13:00,6446.5,6452.25,6445.25,6448.25,1600
2026-03-31 08:14:00,6448.25,6448.25,6442.25,6443.25,1625
2026-03-31 08:15:00,6443.25,6445.25,6439.5,6440.5,1823
2026-03-31 08:16:00,6440.75,6444.0,6440.0,6442.0,1118
2026-03-31 08:17:00,6442.0,6444.0,6438.0,6443.0,1093
2026-03-31 08:18:00,6443.0,6453.0,6443.0,6451.75,3402
2026-03-31 08:19:00,6451.5,6461.25,6449.75,6455.75,2484
2026-03-31 08:20:00,6456.0,6456.25,6450.5,6453.75,1137
2026-03-31 08:21:00,6453.75,6456.25,6450.25,6450.5,1175
2026-03-31 08:22:00,6450.75,6454.0,6450.25,6452.25,725
2026-03-31 08:23:00,6452.25,6452.25,6446.75,6447.0,976
2026-03-31 08:24:00,6447.25,6451.0,6446.75,6448.25,777
2026-03-31 08:25:00,6448.25,6451.25,6448.0,6450.5,473
2026-03-31 08:26:00,6450.5,6454.25,6450.0,6452.75,423
2026-03-31 08:27:00,6452.75,6456.0,6451.5,6453.0,946
2026-03-31 08:28:00,6453.5,6464.75,6451.75,6460.25,3379
2026-03-31 08:29:00,6460.75,6462.75,6456.75,6460.0,1847
2026-03-31 08:30:00,6460.0,6462.25,6457.25,6457.75,2092
2026-03-31 08:31:00,6457.5,6462.25,6457.5,6460.75,1135
2026-03-31 08:32:00,6460.25,6463.75,6458.75,6460.5,1392
2026-03-31 08:33:00,6461.0,6462.5,6459.25,6461.25,797
2026-03-31 08:34:00,6461.0,6464.25,6460.25,6463.5,756
2026-03-31 08:35:00,6463.75,6468.75,6462.5,6468.25,1630
2026-03-31 08:36:00,6468.5,6468.75,6463.5,6464.0,944
2026-03-31 08:37:00,6463.75,6466.25,6463.0,6466.25,654
2026-03-31 08:38:00,6466.25,6466.5,6462.75,6463.25,843
2026-03-31 08:39:00,6463.0,6465.0,6462.0,6462.5,463
2026-03-31 08:40:00,6462.75,6464.25,6462.0,6462.75,423
2026-03-31 08:41:00,6462.75,6464.75,6462.25,6464.25,452
2026-03-31 08:42:00,6464.25,6464.25,6462.75,6463.25,412
2026-03-31 08:43:00,6463.5,6466.75,6463.0,6465.5,636
2026-03-31 08:44:00,6465.5,6467.75,6465.25,6467.0,539
2026-03-31 08:45:00,6467.0,6468.0,6463.25,6463.75,1140
2026-03-31 08:46:00,6463.75,6466.25,6463.5,6465.75,537
2026-03-31 08:47:00,6465.75,6465.75,6462.25,6462.5,597
2026-03-31 08:48:00,6462.5,6464.0,6460.0,6461.0,719
2026-03-31 08:49:00,6461.0,6463.0,6460.0,6462.25,443
2026-03-31 08:50:00,6462.25,6462.25,6459.5,6460.75,502
2026-03-31 08:51:00,6460.75,6462.75,6460.5,6462.0,399
2026-03-31 08:52:00,6462.0,6465.0,6461.0,6463.25,964
2026-03-31 08:53:00,6463.25,6465.25,6462.75,6464.5,378
2026-03-31 08:54:00,6464.25,6464.75,6461.5,6462.5,275
2026-03-31 08:55:00,6462.5,6462.75,6460.5,6460.5,317
2026-03-31 08:56:00,6460.25,6460.75,6457.0,6457.75,525
2026-03-31 08:57:00,6457.75,6458.25,6454.0,6455.0,1930
2026-03-31 08:58:00,6455.25,6455.5,6453.25,6455.5,685
2026-03-31 08:59:00,6455.25,6456.25,6453.25,6453.5,429
2026-03-31 09:00:00,6453.75,6457.25,6453.75,6456.0,740
2026-03-31 09:01:00,6455.75,6457.0,6454.25,6456.25,424
2026-03-31 09:02:00,6456.25,6457.0,6455.5,6456.25,395
2026-03-31 09:03:00,6456.0,6456.75,6453.5,6453.75,673
2026-03-31 09:04:00,6453.75,6453.75,6450.25,6452.0,1302
2026-03-31 09:05:00,6452.0,6455.5,6452.0,6454.75,1179
2026-03-31 09:06:00,6454.75,6457.0,6454.0,6454.5,786
2026-03-31 09:07:00,6454.5,6455.25,6453.25,6455.25,473
2026-03-31 09:08:00,6455.25,6458.0,6455.0,6457.75,727
2026-03-31 09:09:00,6457.5,6458.0,6456.0,6457.75,728
2026-03-31 09:10:00,6457.5,6460.0,6457.25,6459.25,731
2026-03-31 09:11:00,6459.25,6459.25,6457.0,6457.75,787
2026-03-31 09:12:00,6457.75,6458.5,6455.75,6458.25,556
2026-03-31 09:13:00,6458.25,6459.25,6455.0,6455.5,655
2026-03-31 09:14:00,6455.5,6458.0,6455.25,6456.5,742
2026-03-31 09:15:00,6456.5,6458.75,6455.75,6458.25,430
2026-03-31 09:16:00,6458.25,6460.25,6458.0,6459.5,799
2026-03-31 09:17:00,6459.5,6460.25,6458.25,6458.25,943
2026-03-31 09:18:00,6458.5,6462.5,6458.25,6462.0,889
2026-03-31 09:19:00,6461.75,6462.25,6460.75,6461.5,687
2026-03-31 09:20:00,6461.75,6463.0,6459.75,6460.0,658
2026-03-31 09:21:00,6460.25,6461.0,6459.5,6460.25,539
2026-03-31 09:22:00,6460.5,6462.5,6460.0,6460.5,773
2026-03-31 09:23:00,6460.25,6461.25,6458.25,6458.75,823
2026-03-31 09:24:00,6458.75,6459.75,6458.0,6459.25,872
2026-03-31 09:25:00,6459.0,6459.0,6456.25,6457.5,1280
2026-03-31 09:26:00,6457.5,6458.25,6456.5,6457.25,949
2026-03-31 09:27:00,6457.25,6458.25,6455.5,6455.75,1218
2026-03-31 09:28:00,6456.0,6458.0,6456.0,6457.25,945
2026-03-31 09:29:00,6457.5,6459.0,6456.75,6457.25,2424
2026-03-31 09:30:00,6457.25,6465.0,6456.5,6463.5,15437
2026-03-31 09:31:00,6463.5,6465.5,6459.25,6461.25,6618
2026-03-31 09:32:00,6461.25,6462.0,6451.75,6451.75,5468
2026-03-31 09:33:00,6452.0,6460.0,6450.5,6459.5,4901
2026-03-31 09:34:00,6459.25,6465.25,6457.25,6465.0,4535
2026-03-31 09:35:00,6464.75,6465.25,6459.25,6459.5,5918
2026-03-31 09:36:00,6459.5,6460.25,6455.25,6459.5,4803
2026-03-31 09:37:00,6459.25,6464.75,6457.25,6461.0,4967
2026-03-31 09:38:00,6460.75,6462.5,6455.5,6460.75,5127
2026-03-31 09:39:00,6460.5,6467.0,6459.25,6466.25,4204
2026-03-31 09:40:00,6466.0,6470.0,6463.75,6467.75,5683
2026-03-31 09:41:00,6468.0,6469.5,6465.5,6466.75,4074
2026-03-31 09:42:00,6466.75,6473.0,6465.75,6469.5,7175
2026-03-31 09:43:00,6469.5,6471.25,6465.5,6466.5,5093
2026-03-31 09:44:00,6466.5,6466.75,6458.25,6460.25,5088
2026-03-31 09:45:00,6460.25,6470.25,6460.25,6469.5,6195
2026-03-31 09:46:00,6469.75,6475.0,6467.75,6474.25,5751
2026-03-31 09:47:00,6474.0,6477.5,6471.75,6475.25,5152
2026-03-31 09:48:00,6475.0,6476.75,6474.25,6476.25,3868
2026-03-31 09:49:00,6476.25,6486.25,6475.5,6486.0,9770
2026-03-31 09:50:00,6486.0,6486.25,6480.5,6482.75,4429
2026-03-31 09:51:00,6482.5,6485.25,6481.75,6484.75,4143
2026-03-31 09:52:00,6484.75,6484.75,6480.5,6484.0,3875
2026-03-31 09:53:00,6484.25,6489.5,6482.0,6489.0,4812
2026-03-31 09:54:00,6488.75,6492.75,6488.25,6491.0,7135
2026-03-31 09:55:00,6491.0,6493.5,6489.5,6490.0,4646
2026-03-31 09:56:00,6490.25,6491.0,6483.75,6485.75,5889
2026-03-31 09:57:00,6485.5,6486.5,6481.25,6484.25,5398
2026-03-31 09:58:00,6484.25,6491.75,6484.25,6491.5,3842
2026-03-31 09:59:00,6491.25,6495.0,6490.75,6494.0,3647
2026-03-31 10:00:00,6494.5,6497.25,6490.25,6495.5,6669
2026-03-31 10:01:00,6495.5,6495.75,6492.0,6495.5,3599
2026-03-31 10:02:00,6495.5,6495.5,6491.25,6494.25,4055
2026-03-31 10:03:00,6494.25,6494.5,6488.25,6490.0,5776
2026-03-31 10:04:00,6490.0,6492.25,6488.5,6491.25,3864
2026-03-31 10:05:00,6491.5,6491.75,6485.25,6485.5,3939
2026-03-31 10:06:00,6485.75,6486.75,6482.5,6485.5,4920
2026-03-31 10:07:00,6485.5,6485.75,6481.0,6482.75,4721
2026-03-31 10:08:00,6482.75,6484.25,6478.5,6481.5,5290
2026-03-31 10:09:00,6481.5,6483.5,6478.75,6479.75,4281
2026-03-31 10:10:00,6479.75,6482.5,6479.0,6481.0,4897
2026-03-31 10:11:00,6481.25,6487.5,6480.75,6484.75,4632
2026-03-31 10:12:00,6485.0,6485.0,6480.75,6481.0,3432
2026-03-31 10:13:00,6481.25,6483.75,6480.25,6481.5,3693
2026-03-31 10:14:00,6481.5,6483.75,6480.75,6482.5,3262
2026-03-31 10:15:00,6482.5,6485.25,6481.75,6483.25,3218
2026-03-31 10:16:00,6483.25,6483.5,6477.25,6481.0,4441
2026-03-31 10:17:00,6481.25,6485.0,6479.5,6484.75,3966
2026-03-31 10:18:00,6484.5,6491.25,6484.25,6490.0,5136
2026-03-31 10:19:00,6489.75,6490.0,6486.0,6487.25,3240
2026-03-31 10:20:00,6487.25,6487.5,6481.75,6482.5,4104
2026-03-31 10:21:00,6482.5,6484.75,6476.25,6483.0,5107
2026-03-31 10:22:00,6483.25,6484.75,6480.25,6484.0,3103
2026-03-31 10:23:00,6484.0,6490.5,6483.25,6488.75,3760
2026-03-31 10:24:00,6488.75,6492.25,6487.5,6489.25,3443
2026-03-31 10:25:00,6489.5,6489.5,6485.5,6487.0,3710
2026-03-31 10:26:00,6487.25,6490.5,6486.0,6490.25,2591
2026-03-31 10:27:00,6490.25,6491.25,6489.0,6489.75,2490
2026-03-31 10:28:00,6489.5,6494.5,6489.0,6492.5,3528
2026-03-31 10:29:00,6492.25,6493.75,6490.75,6492.75,3043
2026-03-31 10:30:00,6492.5,6493.75,6490.25,6490.75,3236
2026-03-31 10:31:00,6490.75,6491.25,6487.5,6488.25,3391
2026-03-31 10:32:00,6488.0,6490.0,6486.0,6489.25,3542
2026-03-31 10:33:00,6489.25,6494.25,6489.0,6493.5,3043
2026-03-31 10:34:00,6493.25,6493.25,6488.5,6490.5,2818
2026-03-31 10:35:00,6490.25,6492.0,6485.5,6487.0,2989
2026-03-31 10:36:00,6487.0,6489.75,6481.75,6482.25,4031
2026-03-31 10:37:00,6482.25,6482.75,6477.0,6478.75,5565
2026-03-31 10:38:00,6478.75,6482.5,6475.75,6477.75,5188
2026-03-31 10:39:00,6477.75,6480.5,6477.25,6478.5,3479
2026-03-31 10:40:00,6478.5,6482.75,6477.5,6477.5,3684
2026-03-31 10:41:00,6477.5,6478.5,6475.0,6476.25,2872
2026-03-31 10:42:00,6476.25,6477.75,6473.0,6473.5,3935
2026-03-31 10:43:00,6473.5,6474.0,6468.5,6469.5,4939
2026-03-31 10:44:00,6469.5,6471.0,6466.75,6469.75,4644
2026-03-31 10:45:00,6470.0,6471.5,6465.0,6467.25,3700
2026-03-31 10:46:00,6467.25,6472.25,6466.5,6470.5,4415
2026-03-31 10:47:00,6470.5,6471.0,6465.25,6466.75,3701
2026-03-31 10:48:00,6466.75,6466.75,6462.0,6463.0,3956
2026-03-31 10:49:00,6463.0,6463.5,6460.75,6461.25,4111
2026-03-31 10:50:00,6461.25,6462.75,6457.75,6459.0,5807
2026-03-31 10:51:00,6459.0,6461.25,6455.75,6455.75,4605
2026-03-31 10:52:00,6456.0,6457.5,6454.0,6455.25,4116
2026-03-31 10:53:00,6455.25,6455.5,6452.25,6454.0,4162
2026-03-31 10:54:00,6453.75,6455.75,6452.25,6453.75,4384
2026-03-31 10:55:00,6453.5,6453.75,6448.25,6448.75,5784
2026-03-31 10:56:00,6448.75,6452.25,6447.0,6449.5,4746
2026-03-31 10:57:00,6449.5,6451.75,6447.0,6447.75,4134
2026-03-31 10:58:00,6447.75,6453.5,6447.75,6453.0,4216
2026-03-31 10:59:00,6452.75,6455.25,6452.75,6454.0,4585
2026-03-31 11:00:00,6454.25,6460.0,6453.5,6458.5,6465
2026-03-31 11:01:00,6458.75,6463.0,6457.75,6462.75,5254
2026-03-31 11:02:00,6462.75,6469.25,6462.5,6467.0,7176
2026-03-31 11:03:00,6467.0,6467.25,6461.0,6466.25,3848
2026-03-31 11:04:00,6466.5,6469.25,6464.75,6467.25,3869
2026-03-31 11:05:00,6467.0,6471.5,6466.0,6471.25,3892
2026-03-31 11:06:00,6471.5,6480.25,6471.25,6477.5,6954
2026-03-31 11:07:00,6477.5,6477.75,6474.0,6476.75,4441
2026-03-31 11:08:00,6476.75,6477.5,6473.0,6474.75,4249
2026-03-31 11:09:00,6474.75,6474.75,6471.25,6473.25,3938
2026-03-31 11:10:00,6473.5,6474.5,6470.5,6473.75,3348
2026-03-31 11:11:00,6473.5,6478.5,6473.5,6476.75,3608
2026-03-31 11:12:00,6477.0,6480.25,6476.25,6478.75,3393
2026-03-31 11:13:00,6478.75,6484.5,6477.25,6483.75,3487
2026-03-31 11:14:00,6483.75,6488.0,6482.0,6487.25,5221
2026-03-31 11:15:00,6487.0,6489.0,6485.5,6487.5,3906
2026-03-31 11:16:00,6487.5,6488.5,6484.25,6486.25,3708
2026-03-31 11:17:00,6486.25,6488.25,6482.75,6487.5,4654
2026-03-31 11:18:00,6487.5,6490.5,6487.25,6488.0,3759
2026-03-31 11:19:00,6488.0,6488.75,6484.25,6485.25,2915
2026-03-31 11:20:00,6485.25,6485.25,6478.75,6479.5,5329
2026-03-31 11:21:00,6479.5,6481.25,6477.25,6478.0,3107
2026-03-31 11:22:00,6477.75,6480.75,6476.5,6479.5,3178
2026-03-31 11:23:00,6479.75,6483.25,6479.5,6481.75,2419
2026-03-31 11:24:00,6481.75,6485.75,6481.5,6485.25,2578
2026-03-31 11:25:00,6485.0,6486.75,6483.25,6484.0,2797
2026-03-31 11:26:00,6484.0,6484.5,6474.5,6475.25,4368
2026-03-31 11:27:00,6475.25,6476.5,6473.0,6475.75,4335
2026-03-31 11:28:00,6475.75,6478.25,6472.5,6478.25,3651
2026-03-31 11:29:00,6478.0,6478.75,6474.0,6474.5,3401
2026-03-31 11:30:00,6474.25,6474.75,6470.5,6470.75,5775
2026-03-31 11:31:00,6470.75,6472.75,6468.75,6470.5,3719
2026-03-31 11:32:00,6470.25,6472.0,6466.5,6466.75,3343
2026-03-31 11:33:00,6466.75,6470.5,6466.25,6467.75,2834
2026-03-31 11:34:00,6467.75,6475.0,6467.75,6474.5,3760
2026-03-31 11:35:00,6474.25,6480.25,6474.0,6477.75,4875
2026-03-31 11:36:00,6477.75,6479.75,6475.75,6479.0,2745
2026-03-31 11:37:00,6478.75,6480.25,6476.5,6478.25,2542
2026-03-31 11:38:00,6478.25,6480.5,6477.5,6478.25,1481
2026-03-31 11:39:00,6478.0,6478.5,6475.0,6477.0,2175
2026-03-31 11:40:00,6477.0,6478.0,6475.25,6475.25,1992
2026-03-31 11:41:00,6475.5,6477.0,6472.75,6476.5,2265
2026-03-31 11:42:00,6476.5,6478.25,6474.75,6475.75,1502
2026-03-31 11:43:00,6476.0,6477.0,6473.5,6475.0,2236
2026-03-31 11:44:00,6475.0,6476.75,6474.0,6475.0,1653
2026-03-31 11:45:00,6474.75,6475.0,6471.0,6471.5,2615
2026-03-31 11:46:00,6471.25,6472.75,6468.25,6471.0,3191
2026-03-31 11:47:00,6471.25,6473.25,6468.75,6468.75,2714
2026-03-31 11:48:00,6469.0,6471.0,6468.75,6469.75,1861
2026-03-31 11:49:00,6469.75,6473.5,6469.25,6471.75,2166
2026-03-31 11:50:00,6471.5,6475.5,6469.75,6473.0,2876
2026-03-31 11:51:00,6472.75,6479.25,6472.75,6476.75,2702
2026-03-31 11:52:00,6476.75,6479.25,6475.25,6478.5,1842
2026-03-31 11:53:00,6478.5,6479.25,6475.75,6476.25,1561
2026-03-31 11:54:00,6476.25,6476.25,6471.75,6473.75,1931
2026-03-31 11:55:00,6473.75,6475.5,6470.25,6471.75,2030
2026-03-31 11:56:00,6471.5,6473.0,6466.25,6466.5,3366
2026-03-31 11:57:00,6466.5,6469.25,6466.5,6466.75,1835
2026-03-31 11:58:00,6467.0,6468.0,6465.25,6467.25,2063
2026-03-31 11:59:00,6467.0,6468.25,6464.25,6465.25,2503
2026-03-31 12:00:00,6465.25,6468.5,6462.5,6468.25,4178
2026-03-31 12:01:00,6468.5,6475.75,6467.75,6475.0,2915
2026-03-31 12:02:00,6475.25,6479.5,6474.25,6476.0,4964
2026-03-31 12:03:00,6476.25,6476.5,6473.5,6473.5,2400
2026-03-31 12:04:00,6473.75,6475.0,6472.25,6473.5,2220
2026-03-31 12:05:00,6473.5,6477.0,6473.5,6476.5,1693
2026-03-31 12:06:00,6476.5,6479.0,6476.25,6478.25,1655
2026-03-31 12:07:00,6478.5,6483.5,6477.75,6483.5,2984
2026-03-31 12:08:00,6483.75,6484.25,6482.25,6483.0,2381
2026-03-31 12:09:00,6483.0,6483.0,6480.5,6481.5,1928
2026-03-31 12:10:00,6481.5,6482.0,6478.75,6480.0,1647
2026-03-31 12:11:00,6480.25,6480.5,6474.0,6475.25,2307
2026-03-31 12:12:00,6475.25,6476.0,6472.0,6474.5,2615
2026-03-31 12:13:00,6474.75,6479.75,6474.5,6479.25,2344
2026-03-31 12:14:00,6479.5,6481.75,6478.75,6480.25,1745
2026-03-31 12:15:00,6480.25,6483.25,6480.25,6482.25,1782
2026-03-31 12:16:00,6482.25,6486.75,6482.0,6484.5,4139
2026-03-31 12:17:00,6484.75,6485.75,6484.0,6485.0,1455
2026-03-31 12:18:00,6485.0,6485.0,6483.25,6483.25,1291
2026-03-31 12:19:00,6483.75,6483.75,6481.0,6482.5,1952
2026-03-31 12:20:00,6482.75,6484.0,6481.75,6483.5,1550
2026-03-31 12:21:00,6483.75,6485.75,6481.5,6485.0,2008
2026-03-31 12:22:00,6485.0,6485.0,6482.25,6482.25,1445
2026-03-31 12:23:00,6482.5,6485.5,6481.5,6485.0,1797
2026-03-31 12:24:00,6485.25,6492.25,6485.25,6492.25,3327
2026-03-31 12:25:00,6492.25,6494.0,6491.25,6493.25,2863
2026-03-31 12:26:00,6493.5,6494.25,6488.25,6488.75,2730
2026-03-31 12:27:00,6488.75,6490.0,6487.25,6489.0,1826
2026-03-31 12:28:00,6489.0,6490.75,6488.75,6490.5,1837
2026-03-31 12:29:00,6490.5,6491.0,6488.25,6489.0,1483
2026-03-31 12:30:00,6489.0,6489.5,6485.0,6487.25,3306
2026-03-31 12:31:00,6487.5,6487.75,6485.5,6485.75,1541
2026-03-31 12:32:00,6485.75,6487.25,6484.75,6486.0,1953
2026-03-31 12:33:00,6486.25,6487.5,6485.25,6486.0,1415
2026-03-31 12:34:00,6486.25,6488.25,6486.0,6487.25,1134
2026-03-31 12:35:00,6487.5,6488.25,6484.25,6484.75,2648
2026-03-31 12:36:00,6485.0,6490.5,6484.5,6489.75,2569
2026-03-31 12:37:00,6490.0,6494.75,6489.5,6492.25,3858
2026-03-31 12:38:00,6492.25,6504.5,6492.0,6504.0,11157
2026-03-31 12:39:00,6503.75,6517.5,6503.0,6517.0,10685
2026-03-31 12:40:00,6516.75,6536.25,6516.0,6532.25,23544
2026-03-31 12:41:00,6532.0,6558.0,6532.0,6557.5,21142
2026-03-31 12:42:00,6557.25,6560.75,6540.75,6556.0,20571
2026-03-31 12:43:00,6555.75,6563.5,6547.0,6552.75,18811
2026-03-31 12:44:00,6552.75,6554.5,6535.75,6539.25,18659
2026-03-31 12:45:00,6539.5,6548.25,6535.25,6539.25,13476
2026-03-31 12:46:00,6539.25,6539.75,6524.25,6530.0,11654
2026-03-31 12:47:00,6529.75,6534.0,6522.75,6524.0,9268
2026-03-31 12:48:00,6524.25,6524.5,6517.5,6521.25,10317
2026-03-31 12:49:00,6521.0,6533.25,6520.0,6531.5,7526
2026-03-31 12:50:00,6531.5,6547.5,6529.0,6539.5,10038
2026-03-31 12:51:00,6539.25,6539.25,6530.5,6532.5,6762
2026-03-31 12:52:00,6532.5,6532.75,6519.5,6525.0,8370
2026-03-31 12:53:00,6525.0,6537.0,6521.75,6534.0,7806
2026-03-31 12:54:00,6534.0,6536.0,6530.75,6531.0,4317
2026-03-31 12:55:00,6531.0,6532.5,6526.0,6527.5,3962
2026-03-31 12:56:00,6527.5,6529.25,6524.0,6527.75,3699
2026-03-31 12:57:00,6527.75,6532.25,6523.0,6528.25,5042
2026-03-31 12:58:00,6528.5,6535.25,6528.5,6533.25,3997
2026-03-31 12:59:00,6533.25,6535.75,6530.75,6534.75,3133
2026-03-31 13:00:00,6534.75,6542.25,6534.0,6540.25,7056
2026-03-31 13:01:00,6540.25,6544.75,6537.0,6542.5,5795
2026-03-31 13:02:00,6542.5,6549.0,6541.0,6548.0,5616
2026-03-31 13:03:00,6547.75,6552.5,6547.0,6549.75,6248
2026-03-31 13:04:00,6550.0,6554.0,6548.5,6548.75,5583
2026-03-31 13:05:00,6548.75,6549.5,6540.5,6541.25,6857
2026-03-31 13:06:00,6541.5,6541.75,6536.75,6538.0,4914
2026-03-31 13:07:00,6538.0,6542.25,6536.5,6542.0,3624
2026-03-31 13:08:00,6541.5,6544.5,6541.0,6543.75,2973
2026-03-31 13:09:00,6543.75,6545.0,6529.25,6532.75,6364
2026-03-31 13:10:00,6532.75,6536.25,6530.75,6534.25,5209
2026-03-31 13:11:00,6534.0,6541.0,6533.75,6539.25,4166
2026-03-31 13:12:00,6539.25,6540.25,6535.0,6537.5,3090
2026-03-31 13:13:00,6537.5,6541.0,6532.25,6538.75,3100
2026-03-31 13:14:00,6538.75,6544.0,6538.75,6543.25,3180
2026-03-31 13:15:00,6543.25,6548.5,6542.75,6546.75,3642
2026-03-31 13:16:00,6546.75,6550.5,6544.25,6546.25,4784
2026-03-31 13:17:00,6546.25,6551.25,6545.25,6550.0,3032
2026-03-31 13:18:00,6549.75,6550.5,6546.5,6547.0,3081
2026-03-31 13:19:00,6547.0,6553.25,6544.75,6551.0,4174
2026-03-31 13:20:00,6551.0,6552.5,6544.5,6545.75,4589
2026-03-31 13:21:00,6545.75,6548.25,6545.0,6546.25,3192
2026-03-31 13:22:00,6546.25,6550.5,6545.0,6549.25,3572
2026-03-31 13:23:00,6549.25,6550.75,6548.0,6548.75,2520
2026-03-31 13:24:00,6548.5,6549.0,6545.75,6546.75,4325
2026-03-31 13:25:00,6547.0,6547.75,6538.25,6541.25,4946
2026-03-31 13:26:00,6541.0,6543.5,6539.25,6542.0,4566
2026-03-31 13:27:00,6542.0,6544.5,6536.75,6537.5,3890
2026-03-31 13:28:00,6537.5,6540.75,6536.75,6539.0,3175
2026-03-31 13:29:00,6538.75,6539.25,6536.0,6538.0,3922
2026-03-31 13:30:00,6538.0,6541.25,6537.25,6538.75,5342
2026-03-31 13:31:00,6538.75,6544.25,6538.5,6542.75,3365
2026-03-31 13:32:00,6542.5,6547.5,6540.5,6541.0,3356
2026-03-31 13:33:00,6541.0,6547.0,6540.5,6546.0,3859
2026-03-31 13:34:00,6546.25,6551.0,6545.0,6549.5,3789
2026-03-31 13:35:00,6549.25,6552.5,6548.75,6549.25,3030
2026-03-31 13:36:00,6549.25,6549.75,6534.5,6542.5,9562
2026-03-31 13:37:00,6542.25,6544.0,6532.5,6535.0,6394
2026-03-31 13:38:00,6534.75,6537.0,6529.75,6532.75,5817
2026-03-31 13:39:00,6532.75,6538.5,6532.25,6536.5,3959
2026-03-31 13:40:00,6536.5,6542.75,6536.0,6541.0,3848
2026-03-31 13:41:00,6540.75,6541.0,6535.5,6536.75,2620
2026-03-31 13:42:00,6536.75,6537.75,6532.0,6534.75,2701
2026-03-31 13:43:00,6534.5,6538.0,6534.5,6535.25,2300
2026-03-31 13:44:00,6535.25,6536.75,6531.0,6535.25,3001
2026-03-31 13:45:00,6535.0,6536.25,6532.5,6535.5,2150
2026-03-31 13:46:00,6535.25,6536.75,6534.0,6535.25,2100
2026-03-31 13:47:00,6535.25,6543.5,6534.25,6539.75,3461
2026-03-31 13:48:00,6539.75,6541.0,6537.0,6538.25,2248
2026-03-31 13:49:00,6538.0,6540.5,6537.5,6539.5,1808
2026-03-31 13:50:00,6539.75,6541.25,6538.0,6539.0,1844
2026-03-31 13:51:00,6539.0,6543.0,6538.25,6539.25,3556
2026-03-31 13:52:00,6539.0,6540.75,6536.75,6539.75,2023
2026-03-31 13:53:00,6539.75,6541.0,6537.75,6539.25,1519
2026-03-31 13:54:00,6539.0,6540.75,6537.0,6540.0,1892
2026-03-31 13:55:00,6540.0,6540.25,6532.0,6534.0,3495
2026-03-31 13:56:00,6534.0,6534.75,6530.25,6531.75,3230
2026-03-31 13:57:00,6531.5,6534.0,6530.5,6532.0,1858
2026-03-31 13:58:00,6532.25,6534.0,6529.25,6533.0,2833
2026-03-31 13:59:00,6533.0,6533.75,6530.75,6532.0,2196
2026-03-31 14:00:00,6532.0,6538.0,6531.75,6536.0,3837
2026-03-31 14:01:00,6535.75,6542.5,6535.25,6539.75,2881
2026-03-31 14:02:00,6540.0,6544.0,6539.25,6539.5,2806
2026-03-31 14:03:00,6539.75,6542.0,6538.0,6540.0,3469
2026-03-31 14:04:00,6540.0,6541.5,6536.75,6538.0,2652
2026-03-31 14:05:00,6538.0,6542.5,6537.75,6541.75,2053
2026-03-31 14:06:00,6542.0,6543.75,6537.5,6538.75,1746
2026-03-31 14:07:00,6539.0,6543.5,6539.0,6542.5,2004
2026-03-31 14:08:00,6542.5,6543.75,6541.5,6543.0,1375
2026-03-31 14:09:00,6543.0,6547.5,6542.25,6544.5,3353
2026-03-31 14:10:00,6544.75,6545.0,6541.5,6541.75,2072
2026-03-31 14:11:00,6541.75,6542.0,6537.5,6540.0,1897
2026-03-31 14:12:00,6540.0,6540.5,6536.75,6537.75,1356
2026-03-31 14:13:00,6537.75,6540.25,6536.0,6540.0,1603
2026-03-31 14:14:00,6539.75,6544.0,6539.5,6542.75,1486
2026-03-31 14:15:00,6542.5,6544.75,6542.25,6543.25,1920
2026-03-31 14:16:00,6543.25,6547.25,6543.0,6546.0,1750
2026-03-31 14:17:00,6546.0,6549.25,6544.75,6547.0,4232
2026-03-31 14:18:00,6547.25,6547.75,6545.25,6545.5,2235
2026-03-31 14:19:00,6545.5,6546.25,6544.0,6546.25,1896
2026-03-31 14:20:00,6546.5,6547.0,6544.5,6545.5,1518
2026-03-31 14:21:00,6545.25,6546.5,6543.0,6544.0,1946
2026-03-31 14:22:00,6544.0,6545.5,6541.5,6544.25,2668
2026-03-31 14:23:00,6544.0,6544.25,6541.75,6542.75,1471
2026-03-31 14:24:00,6542.5,6544.0,6539.75,6540.75,2437
2026-03-31 14:25:00,6541.0,6541.25,6538.75,6539.5,1973
2026-03-31 14:26:00,6539.5,6541.25,6537.5,6538.5,2180
2026-03-31 14:27:00,6538.25,6542.0,6537.5,6541.75,1970
2026-03-31 14:28:00,6542.0,6550.5,6541.5,6545.0,5390
2026-03-31 14:29:00,6545.0,6547.5,6544.0,6545.0,2222
2026-03-31 14:30:00,6545.0,6547.0,6542.5,6543.25,3844
2026-03-31 14:31:00,6543.25,6545.25,6540.5,6540.75,2455
2026-03-31 14:32:00,6541.0,6542.5,6539.75,6541.0,2655
2026-03-31 14:33:00,6541.0,6543.75,6539.75,6543.5,2530
2026-03-31 14:34:00,6543.5,6544.75,6542.5,6543.5,2120
2026-03-31 14:35:00,6543.5,6548.5,6542.0,6548.25,3109
2026-03-31 14:36:00,6548.0,6551.25,6547.5,6549.75,3069
2026-03-31 14:37:00,6549.5,6553.75,6549.0,6552.75,3397
2026-03-31 14:38:00,6552.75,6554.5,6552.75,6553.5,3214
2026-03-31 14:39:00,6553.5,6553.75,6550.25,6551.0,3106
2026-03-31 14:40:00,6550.75,6551.25,6547.0,6548.75,2731
2026-03-31 14:41:00,6548.75,6550.25,6546.25,6547.5,2360
2026-03-31 14:42:00,6547.5,6549.0,6547.25,6548.0,1824
2026-03-31 14:43:00,6548.0,6548.0,6545.0,6545.5,2455
2026-03-31 14:44:00,6545.75,6547.75,6544.0,6547.75,2619
2026-03-31 14:45:00,6547.75,6553.0,6547.5,6551.75,3414
2026-03-31 14:46:00,6551.75,6553.75,6549.75,6553.0,2759
2026-03-31 14:47:00,6552.75,6555.0,6552.5,6553.0,2226
2026-03-31 14:48:00,6553.0,6553.0,6549.5,6550.0,1838
2026-03-31 14:49:00,6550.0,6551.25,6547.25,6551.0,2101
2026-03-31 14:50:00,6551.25,6555.5,6551.0,6553.75,2493
2026-03-31 14:51:00,6554.0,6557.25,6553.75,6555.5,2473
2026-03-31 14:52:00,6555.25,6556.0,6553.5,6554.5,1668
2026-03-31 14:53:00,6554.5,6555.75,6554.25,6554.5,1183
2026-03-31 14:54:00,6554.25,6555.75,6554.0,6555.0,2033
2026-03-31 14:55:00,6554.75,6557.0,6554.75,6554.75,1829
2026-03-31 14:56:00,6554.5,6556.25,6554.25,6556.0,1414
2026-03-31 14:57:00,6555.75,6556.0,6553.25,6553.5,1672
2026-03-31 14:58:00,6553.75,6556.5,6553.25,6556.25,2196
2026-03-31 14:59:00,6556.25,6556.25,6554.0,6554.25,1361
2026-03-31 15:00:00,6554.5,6557.25,6553.75,6557.25,2002
2026-03-31 15:01:00,6557.25,6559.25,6556.25,6557.0,2874
2026-03-31 15:02:00,6557.0,6558.75,6556.0,6557.75,2223
2026-03-31 15:03:00,6557.75,6559.75,6557.5,6559.0,1763
2026-03-31 15:04:00,6559.0,6559.0,6556.0,6557.25,2055
2026-03-31 15:05:00,6557.25,6557.5,6554.25,6554.5,2991
2026-03-31 15:06:00,6554.5,6555.25,6552.0,6553.5,2963
2026-03-31 15:07:00,6553.5,6553.5,6550.75,6551.5,2105
2026-03-31 15:08:00,6551.75,6551.75,6548.0,6548.25,3231
2026-03-31 15:09:00,6548.25,6551.5,6548.0,6550.75,2519
2026-03-31 15:10:00,6550.75,6560.0,6550.0,6558.0,4969
2026-03-31 15:11:00,6558.0,6560.0,6556.75,6558.0,3311
2026-03-31 15:12:00,6558.25,6558.25,6555.75,6557.5,2084
2026-03-31 15:13:00,6557.75,6558.25,6555.0,6557.75,2363
2026-03-31 15:14:00,6557.75,6559.25,6556.75,6558.5,2098
2026-03-31 15:15:00,6558.5,6562.75,6558.5,6562.5,3797
2026-03-31 15:16:00,6562.75,6564.25,6559.25,6559.25,3514
2026-03-31 15:17:00,6559.5,6560.0,6557.25,6558.75,2602
2026-03-31 15:18:00,6558.75,6560.75,6557.25,6559.5,3138
2026-03-31 15:19:00,6559.75,6562.0,6559.5,6560.25,2577
2026-03-31 15:20:00,6560.25,6563.0,6559.25,6562.25,3139
2026-03-31 15:21:00,6562.25,6564.75,6562.0,6563.0,3298
2026-03-31 15:22:00,6563.0,6565.25,6562.25,6565.0,2551
2026-03-31 15:23:00,6565.25,6566.75,6563.75,6565.0,3123
2026-03-31 15:24:00,6565.0,6565.0,6563.25,6564.0,1831
2026-03-31 15:25:00,6564.0,6564.25,6562.75,6562.75,1882
2026-03-31 15:26:00,6563.0,6564.25,6559.0,6561.0,3864
2026-03-31 15:27:00,6561.0,6563.5,6559.75,6560.5,3589
2026-03-31 15:28:00,6560.25,6562.75,6559.75,6562.5,2584
2026-03-31 15:29:00,6562.5,6563.0,6561.25,6561.5,1797
2026-03-31 15:30:00,6561.75,6568.0,6561.0,6567.5,4275
2026-03-31 15:31:00,6567.25,6567.5,6564.0,6564.75,2784
2026-03-31 15:32:00,6564.75,6566.75,6564.75,6565.0,2790
2026-03-31 15:33:00,6564.75,6566.0,6563.0,6565.75,2926
2026-03-31 15:34:00,6565.5,6566.25,6564.5,6564.75,2053
2026-03-31 15:35:00,6564.75,6569.0,6564.25,6568.0,3819
2026-03-31 15:36:00,6567.75,6571.5,6567.25,6569.0,4666
2026-03-31 15:37:00,6569.0,6572.25,6569.0,6571.25,3896
2026-03-31 15:38:00,6571.25,6572.25,6570.25,6571.75,3122
2026-03-31 15:39:00,6571.75,6573.75,6571.25,6572.25,2948
2026-03-31 15:40:00,6572.25,6574.0,6570.75,6571.75,3503
2026-03-31 15:41:00,6572.0,6572.25,6569.0,6569.5,4892
2026-03-31 15:42:00,6569.5,6570.75,6567.75,6568.25,3833
2026-03-31 15:43:00,6568.5,6568.5,6566.25,6566.75,3975
2026-03-31 15:44:00,6567.0,6571.0,6565.75,6569.5,5344
2026-03-31 15:45:00,6569.25,6571.25,6567.5,6570.25,4048
2026-03-31 15:46:00,6570.25,6574.75,6569.5,6573.75,4051
2026-03-31 15:47:00,6573.75,6575.5,6572.25,6575.0,3993
2026-03-31 15:48:00,6575.0,6577.0,6574.75,6576.75,4790
2026-03-31 15:49:00,6577.0,6578.25,6575.25,6576.25,5372
2026-03-31 15:50:00,6576.25,6583.25,6576.0,6576.5,13360
2026-03-31 15:51:00,6576.25,6577.0,6568.25,6569.25,9237
2026-03-31 15:52:00,6569.25,6570.25,6564.5,6565.75,11330
2026-03-31 15:53:00,6565.5,6568.25,6564.0,6566.5,7176
2026-03-31 15:54:00,6566.75,6569.5,6564.5,6566.25,9419
2026-03-31 15:55:00,6566.25,6571.25,6564.25,6565.5,12364
2026-03-31 15:56:00,6565.5,6566.75,6561.0,6562.0,9474
2026-03-31 15:57:00,6562.0,6567.5,6560.0,6566.25,13652
2026-03-31 15:58:00,6566.25,6568.25,6565.5,6566.75,18092
2026-03-31 15:59:00,6567.0,6574.75,6565.5,6569.25,141385
2026-03-31 16:00:00,6569.25,6574.0,6566.0,6572.25,34062
2026-03-31 16:01:00,6572.5,6573.0,6569.0,6571.75,9211
2026-03-31 16:02:00,6572.0,6572.75,6568.0,6569.0,4648
2026-03-31 16:03:00,6569.25,6569.75,6564.5,6565.25,6371
2026-03-31 16:04:00,6565.25,6565.75,6562.0,6564.25,3989
2026-03-31 16:05:00,6564.5,6567.75,6563.75,6567.0,2959
2026-03-31 16:06:00,6567.0,6568.5,6566.5,6568.0,2289
2026-03-31 16:07:00,6568.0,6569.5,6566.5,6569.0,2748
2026-03-31 16:08:00,6569.0,6570.25,6567.5,6569.0,2225
2026-03-31 16:09:00,6569.25,6572.5,6568.5,6570.75,2783
2026-03-31 16:10:00,6570.75,6572.75,6569.0,6572.25,2703
2026-03-31 16:11:00,6572.25,6572.5,6569.5,6569.75,1678
2026-03-31 16:12:00,6570.0,6570.75,6568.75,6569.5,1721
2026-03-31 16:13:00,6569.5,6573.0,6569.0,6572.0,2302
2026-03-31 16:14:00,6572.25,6573.0,6570.5,6571.5,1693
2026-03-31 16:15:00,6571.5,6575.0,6570.25,6574.25,1381
2026-03-31 16:16:00,6574.0,6574.75,6573.0,6573.25,455
2026-03-31 16:17:00,6573.0,6574.5,6572.75,6574.25,438
2026-03-31 16:18:00,6574.5,6576.5,6574.0,6575.5,923
2026-03-31 16:19:00,6575.25,6576.75,6575.0,6576.5,487
2026-03-31 16:20:00,6576.5,6577.25,6575.25,6575.5,721
2026-03-31 16:21:00,6575.5,6575.75,6574.0,6574.25,426
2026-03-31 16:22:00,6574.0,6575.0,6573.75,6574.75,461
2026-03-31 16:23:00,6574.75,6575.75,6574.25,6575.25,417
2026-03-31 16:24:00,6575.5,6575.5,6574.25,6575.0,449
2026-03-31 16:25:00,6575.0,6577.0,6574.5,6576.25,735
2026-03-31 16:26:00,6576.25,6577.0,6574.0,6574.75,608
2026-03-31 16:27:00,6574.75,6575.25,6573.25,6573.75,621
2026-03-31 16:28:00,6573.75,6575.0,6573.0,6574.75,447
2026-03-31 16:29:00,6575.0,6576.25,6574.75,6576.0,416
2026-03-31 16:30:00,6576.0,6576.75,6575.25,6575.5,435
2026-03-31 16:31:00,6575.5,6575.75,6574.0,6575.0,357
2026-03-31 16:32:00,6575.0,6575.25,6574.25,6574.75,450
2026-03-31 16:33:00,6575.0,6575.0,6574.25,6574.75,353
2026-03-31 16:34:00,6574.75,6575.25,6573.75,6574.75,220
2026-03-31 16:35:00,6575.0,6575.5,6574.5,6575.0,395
2026-03-31 16:36:00,6575.25,6575.25,6573.0,6573.0,522
2026-03-31 16:37:00,6573.25,6573.25,6572.0,6572.25,448
2026-03-31 16:38:00,6572.25,6572.75,6571.75,6572.0,411
2026-03-31 16:39:00,6572.0,6572.0,6570.0,6571.75,726
2026-03-31 16:40:00,6571.75,6571.75,6570.25,6570.5,404
2026-03-31 16:41:00,6570.75,6571.0,6569.5,6569.5,843
2026-03-31 16:42:00,6569.75,6570.25,6568.25,6568.75,619
2026-03-31 16:43:00,6568.75,6568.75,6567.5,6568.25,439
2026-03-31 16:44:00,6568.25,6568.5,6567.25,6568.0,361
2026-03-31 16:45:00,6568.0,6569.75,6567.75,6568.25,382
2026-03-31 16:46:00,6568.5,6569.0,6567.0,6567.25,430
2026-03-31 16:47:00,6567.25,6568.5,6567.0,6568.25,325
2026-03-31 16:48:00,6568.5,6569.75,6568.25,6569.25,447
2026-03-31 16:49:00,6569.25,6570.25,6569.0,6569.5,451
2026-03-31 16:50:00,6569.5,6569.75,6568.5,6568.75,477
2026-03-31 16:51:00,6568.75,6569.0,6568.25,6568.75,205
2026-03-31 16:52:00,6569.0,6570.0,6569.0,6569.75,356
2026-03-31 16:53:00,6569.5,6570.0,6568.5,6568.5,279
2026-03-31 16:54:00,6568.75,6568.75,6567.5,6568.5,672
2026-03-31 16:55:00,6568.5,6569.25,6567.75,6568.0,441
2026-03-31 16:56:00,6568.0,6569.0,6567.25,6567.5,415
2026-03-31 16:57:00,6567.5,6568.0,6567.0,6568.0,304
2026-03-31 16:58:00,6567.75,6568.0,6565.0,6566.25,1058
2026-03-31 16:59:00,6566.25,6568.5,6565.75,6567.5,733
2026-03-31 18:00:00,6562.0,6569.75,6561.0,6565.75,1448
2026-03-31 18:01:00,6566.75,6568.75,6565.75,6567.0,270
2026-03-31 18:02:00,6567.0,6570.0,6566.75,6568.0,293
2026-03-31 18:03:00,6568.0,6571.5,6566.75,6571.5,485
2026-03-31 18:04:00,6571.5,6573.75,6567.25,6567.5,803
2026-03-31 18:05:00,6567.5,6570.5,6567.5,6569.25,316
2026-03-31 18:06:00,6569.75,6571.5,6568.25,6568.75,422
2026-03-31 18:07:00,6568.5,6568.5,6567.0,6567.5,277
2026-03-31 18:08:00,6567.5,6569.5,6565.75,6567.0,417
2026-03-31 18:09:00,6566.5,6566.75,6565.0,6566.0,183
2026-03-31 18:10:00,6566.0,6566.25,6564.5,6565.0,407
2026-03-31 18:11:00,6565.5,6569.0,6565.0,6569.0,279
2026-03-31 18:12:00,6569.0,6570.75,6569.0,6570.25,582
2026-03-31 18:13:00,6570.25,6573.0,6570.25,6573.0,408
2026-03-31 18:14:00,6572.75,6576.5,6572.5,6575.25,719
2026-03-31 18:15:00,6575.0,6576.0,6573.0,6575.5,337
2026-03-31 18:16:00,6575.5,6576.25,6572.75,6573.5,310
2026-03-31 18:17:00,6573.0,6574.75,6572.5,6573.5,225
2026-03-31 18:18:00,6573.5,6573.75,6572.0,6572.5,120
2026-03-31 18:19:00,6572.75,6573.25,6572.0,6572.75,220
2026-03-31 18:20:00,6572.75,6574.75,6571.75,6573.0,321
2026-03-31 18:21:00,6573.0,6575.5,6569.0,6574.75,606
2026-03-31 18:22:00,6575.0,6577.25,6573.25,6574.75,584
2026-03-31 18:23:00,6574.25,6574.5,6570.75,6571.25,257
2026-03-31 18:24:00,6571.5,6575.0,6571.5,6574.25,196
2026-03-31 18:25:00,6573.75,6574.5,6571.0,6574.0,391
2026-03-31 18:26:00,6574.25,6574.75,6573.75,6574.25,65
2026-03-31 18:27:00,6574.0,6574.5,6574.0,6574.25,65
2026-03-31 18:28:00,6574.25,6575.75,6574.25,6575.5,66
2026-03-31 18:29:00,6575.25,6575.25,6573.5,6573.75,78
2026-03-31 18:30:00,6574.0,6574.0,6572.25,6572.5,116
2026-03-31 18:31:00,6572.5,6575.0,6572.5,6574.0,194
2026-03-31 18:32:00,6574.0,6574.0,6572.0,6572.0,125
2026-03-31 18:33:00,6572.0,6572.0,6570.25,6571.0,310
2026-03-31 18:34:00,6571.5,6571.5,6569.75,6570.0,248
2026-03-31 18:35:00,6570.0,6570.25,6569.25,6569.75,197
2026-03-31 18:36:00,6570.0,6570.5,6568.75,6569.25,245
2026-03-31 18:37:00,6569.25,6571.0,6569.0,6571.0,220
2026-03-31 18:38:00,6571.0,6572.75,6570.5,6571.75,162
2026-03-31 18:39:00,6572.0,6573.0,6571.75,6572.5,130
2026-03-31 18:40:00,6572.0,6573.75,6572.0,6573.75,133
2026-03-31 18:41:00,6573.75,6574.75,6573.0,6573.25,119
2026-03-31 18:42:00,6573.25,6576.0,6573.25,6575.5,207
2026-03-31 18:43:00,6575.25,6575.25,6573.0,6573.5,108
2026-03-31 18:44:00,6573.75,6574.25,6573.0,6573.5,41
2026-03-31 18:45:00,6573.75,6574.0,6573.25,6573.5,22
2026-03-31 18:46:00,6573.25,6574.0,6572.5,6572.75,203
2026-03-31 18:47:00,6573.25,6573.25,6572.0,6572.0,135
2026-03-31 18:48:00,6572.0,6572.5,6570.75,6571.25,140
2026-03-31 18:49:00,6571.5,6574.25,6571.25,6572.5,158
2026-03-31 18:50:00,6572.5,6572.5,6571.25,6571.75,106
2026-03-31 18:51:00,6571.0,6571.25,6570.75,6571.0,130
2026-03-31 18:52:00,6570.75,6571.75,6570.75,6571.5,51
2026-03-31 18:53:00,6571.25,6572.0,6571.0,6571.75,51
2026-03-31 18:54:00,6571.75,6573.0,6571.5,6572.25,46
2026-03-31 18:55:00,6572.25,6573.25,6572.25,6572.75,51
2026-03-31 18:56:00,6573.0,6573.0,6572.25,6572.75,26
2026-03-31 18:57:00,6572.75,6573.0,6571.5,6571.75,125
2026-03-31 18:58:00,6571.5,6572.75,6571.5,6572.5,51
2026-03-31 18:59:00,6572.5,6573.5,6572.0,6572.75,165
2026-03-31 19:00:00,6572.75,6573.0,6570.25,6570.25,254
2026-03-31 19:01:00,6570.25,6570.5,6569.25,6569.5,225
2026-03-31 19:02:00,6569.75,6572.5,6569.75,6571.75,191
2026-03-31 19:03:00,6572.25,6572.75,6571.75,6572.5,122
2026-03-31 19:04:00,6572.5,6572.5,6571.0,6571.0,84
2026-03-31 19:05:00,6571.0,6573.0,6570.75,6573.0,163
2026-03-31 19:06:00,6573.0,6573.25,6571.75,6572.25,146
2026-03-31 19:07:00,6572.5,6572.5,6570.75,6571.25,188
2026-03-31 19:08:00,6571.5,6571.5,6570.25,6570.5,223
2026-03-31 19:09:00,6570.5,6570.75,6570.25,6570.5,95
2026-03-31 19:10:00,6570.5,6571.5,6570.25,6570.25,109
2026-03-31 19:11:00,6570.5,6571.25,6569.25,6569.75,132
2026-03-31 19:12:00,6569.5,6571.25,6569.25,6571.25,87
2026-03-31 19:13:00,6571.0,6571.5,6570.5,6571.0,44
2026-03-31 19:14:00,6571.0,6571.0,6570.75,6570.75,23
2026-03-31 19:15:00,6570.75,6570.75,6569.0,6569.5,128
2026-03-31 19:16:00,6569.75,6571.75,6569.75,6571.5,80
2026-03-31 19:17:00,6571.5,6574.25,6571.5,6574.0,194
2026-03-31 19:18:00,6574.0,6574.0,6572.5,6573.25,100
2026-03-31 19:19:00,6573.5,6574.0,6573.0,6573.25,49
2026-03-31 19:20:00,6573.25,6573.5,6572.5,6573.25,39
2026-03-31 19:21:00,6573.25,6573.5,6572.75,6573.0,46
2026-03-31 19:22:00,6572.75,6572.75,6570.75,6571.25,107
2026-03-31 19:23:00,6571.25,6573.0,6571.0,6572.75,102
2026-03-31 19:24:00,6572.5,6573.75,6572.5,6573.75,59
2026-03-31 19:25:00,6573.25,6574.0,6572.5,6572.5,129
2026-03-31 19:26:00,6572.5,6573.75,6572.5,6573.25,66
2026-03-31 19:27:00,6573.5,6573.75,6572.75,6573.25,41
2026-03-31 19:28:00,6573.25,6574.0,6573.25,6574.0,61
2026-03-31 19:29:00,6573.5,6576.25,6573.5,6575.0,588
2026-03-31 19:30:00,6574.75,6577.0,6574.5,6576.25,159
2026-03-31 19:31:00,6576.0,6576.25,6575.25,6575.5,44
2026-03-31 19:32:00,6575.5,6576.25,6574.5,6576.0,71
2026-03-31 19:33:00,6576.0,6577.0,6575.75,6577.0,111
2026-03-31 19:34:00,6576.75,6580.0,6576.75,6579.5,441
2026-03-31 19:35:00,6579.25,6581.0,6579.25,6580.5,362
2026-03-31 19:36:00,6580.25,6584.75,6579.5,6582.5,902
2026-03-31 19:37:00,6582.5,6584.25,6582.25,6583.75,474
2026-03-31 19:38:00,6583.75,6587.5,6582.75,6584.5,956
2026-03-31 19:39:00,6584.5,6586.25,6584.25,6584.75,348
2026-03-31 19:40:00,6584.5,6584.75,6581.25,6581.75,290
2026-03-31 19:41:00,6581.75,6581.75,6579.75,6580.5,328
2026-03-31 19:42:00,6580.5,6580.75,6579.5,6579.75,126
2026-03-31 19:43:00,6579.75,6580.25,6579.0,6579.25,140
2026-03-31 19:44:00,6579.5,6580.0,6578.25,6579.0,231
2026-03-31 19:45:00,6578.75,6580.75,6578.75,6580.0,194
2026-03-31 19:46:00,6579.75,6580.0,6579.0,6579.5,100
2026-03-31 19:47:00,6579.75,6580.5,6577.75,6578.75,225
2026-03-31 19:48:00,6578.75,6579.5,6578.0,6579.5,88
2026-03-31 19:49:00,6579.5,6581.25,6578.75,6581.25,215
2026-03-31 19:50:00,6581.0,6583.5,6580.25,6582.5,406
2026-03-31 19:51:00,6582.5,6582.5,6581.25,6581.5,145
2026-03-31 19:52:00,6581.5,6585.75,6581.5,6585.0,389
2026-03-31 19:53:00,6585.0,6587.5,6584.5,6585.25,358
2026-03-31 19:54:00,6585.0,6586.5,6585.0,6586.25,316
2026-03-31 19:55:00,6586.25,6586.5,6584.75,6585.75,281
2026-03-31 19:56:00,6585.5,6585.75,6584.5,6585.75,134
2026-03-31 19:57:00,6585.5,6587.25,6585.25,6587.0,297
2026-03-31 19:58:00,6586.75,6592.0,6586.75,6589.5,992
2026-03-31 19:59:00,6589.5,6591.25,6589.25,6589.75,327
2026-03-31 20:00:00,6589.25,6589.75,6585.75,6587.0,600
2026-03-31 20:01:00,6587.25,6587.75,6585.75,6587.0,385
2026-03-31 20:02:00,6587.25,6588.25,6586.0,6588.25,311
2026-03-31 20:03:00,6588.0,6592.75,6587.75,6590.25,694
2026-03-31 20:04:00,6590.25,6591.75,6588.75,6591.5,429
2026-03-31 20:05:00,6591.75,6591.75,6588.25,6590.0,339
2026-03-31 20:06:00,6590.0,6591.25,6587.0,6587.25,427
2026-03-31 20:07:00,6587.0,6588.5,6586.75,6587.25,224
2026-03-31 20:08:00,6587.0,6590.5,6587.0,6588.25,281
2026-03-31 20:09:00,6588.25,6590.0,6588.0,6588.0,179
2026-03-31 20:10:00,6587.75,6589.5,6586.75,6587.0,291
2026-03-31 20:11:00,6587.0,6587.5,6585.75,6586.0,309
2026-03-31 20:12:00,6586.0,6587.75,6585.75,6587.5,198
2026-03-31 20:13:00,6587.25,6589.0,6586.25,6587.75,151
2026-03-31 20:14:00,6587.75,6589.0,6587.0,6588.5,274
2026-03-31 20:15:00,6588.5,6589.25,6586.75,6588.25,392
2026-03-31 20:16:00,6588.25,6589.25,6585.0,6585.25,538
2026-03-31 20:17:00,6585.5,6587.0,6585.0,6587.0,273
2026-03-31 20:18:00,6586.75,6588.0,6586.75,6586.75,198
2026-03-31 20:19:00,6586.5,6589.25,6586.5,6588.0,213
2026-03-31 20:20:00,6588.0,6588.0,6586.75,6587.0,115
2026-03-31 20:21:00,6587.0,6587.25,6584.0,6586.25,519
2026-03-31 20:22:00,6586.25,6586.75,6584.5,6585.75,178
2026-03-31 20:23:00,6585.75,6587.25,6585.25,6586.75,174
2026-03-31 20:24:00,6587.0,6589.0,6587.0,6588.5,324
2026-03-31 20:25:00,6588.25,6589.0,6587.5,6588.75,174
2026-03-31 20:26:00,6588.75,6588.75,6586.0,6586.75,538
2026-03-31 20:27:00,6586.75,6587.75,6585.75,6587.0,275
2026-03-31 20:28:00,6586.75,6587.25,6585.25,6586.0,331
2026-03-31 20:29:00,6585.75,6587.5,6585.75,6587.25,145
2026-03-31 20:30:00,6587.25,6588.0,6586.0,6586.25,175
2026-03-31 20:31:00,6586.0,6586.75,6585.0,6585.0,213
2026-03-31 20:32:00,6585.25,6585.25,6580.25,6584.0,616
2026-03-31 20:33:00,6583.75,6584.5,6581.75,6584.25,228
2026-03-31 20:34:00,6584.75,6585.0,6583.5,6583.5,135
2026-03-31 20:35:00,6583.5,6586.25,6583.5,6586.0,230
2026-03-31 20:36:00,6585.75,6586.0,6584.5,6584.5,107
2026-03-31 20:37:00,6584.25,6586.5,6583.75,6584.5,224
2026-03-31 20:38:00,6584.75,6586.0,6584.75,6585.25,169
2026-03-31 20:39:00,6585.25,6585.75,6585.0,6585.0,112
2026-03-31 20:40:00,6585.25,6589.0,6585.25,6588.75,189
2026-03-31 20:41:00,6588.75,6589.25,6588.0,6588.5,171
2026-03-31 20:42:00,6588.5,6589.5,6587.75,6587.75,187
2026-03-31 20:43:00,6587.75,6588.0,6587.0,6587.5,66
2026-03-31 20:44:00,6587.75,6588.75,6587.5,6588.5,110
2026-03-31 20:45:00,6588.0,6588.0,6586.25,6586.75,155
2026-03-31 20:46:00,6587.0,6588.75,6587.0,6588.0,199
2026-03-31 20:47:00,6588.0,6589.0,6587.75,6588.75,325
2026-03-31 20:48:00,6588.5,6588.5,6587.5,6587.75,109
2026-03-31 20:49:00,6587.5,6588.5,6587.25,6588.0,61
2026-03-31 20:50:00,6588.0,6590.25,6588.0,6589.5,456
2026-03-31 20:51:00,6589.25,6590.75,6589.0,6590.5,259
2026-03-31 20:52:00,6590.5,6591.75,6588.5,6589.0,388
2026-03-31 20:53:00,6588.75,6591.0,6588.75,6590.5,223
2026-03-31 20:54:00,6590.25,6590.5,6589.0,6589.5,84
2026-03-31 20:55:00,6589.5,6591.0,6589.5,6590.25,88
2026-03-31 20:56:00,6590.0,6590.0,6588.25,6588.75,197
2026-03-31 20:57:00,6588.75,6590.25,6588.75,6590.0,75
2026-03-31 20:58:00,6589.75,6591.5,6589.75,6590.75,125
2026-03-31 20:59:00,6590.75,6592.75,6590.5,6592.5,261
2026-03-31 21:00:00,6592.75,6595.0,6588.0,6591.0,1494
2026-03-31 21:01:00,6591.0,6592.75,6587.25,6588.25,720
2026-03-31 21:02:00,6588.25,6590.5,6586.0,6589.0,643
2026-03-31 21:03:00,6588.75,6591.5,6588.0,6591.25,365
2026-03-31 21:04:00,6591.0,6591.5,6587.5,6587.5,300
2026-03-31 21:05:00,6587.75,6588.0,6583.25,6583.5,603
2026-03-31 21:06:00,6583.75,6584.5,6579.5,6580.25,935
2026-03-31 21:07:00,6580.5,6586.0,6580.5,6584.75,806
2026-03-31 21:08:00,6584.75,6585.5,6583.0,6584.5,122
2026-03-31 21:09:00,6584.5,6586.25,6584.25,6585.75,199
2026-03-31 21:10:00,6585.5,6588.5,6584.25,6587.5,279
2026-03-31 21:11:00,6587.75,6588.25,6586.75,6588.25,168
2026-03-31 21:12:00,6587.75,6588.0,6585.0,6586.5,183
2026-03-31 21:13:00,6586.5,6588.0,6584.75,6584.75,245
2026-03-31 21:14:00,6584.75,6586.25,6584.75,6586.0,220
2026-03-31 21:15:00,6585.75,6586.0,6583.5,6584.0,247
2026-03-31 21:16:00,6584.0,6584.5,6582.25,6582.75,183
2026-03-31 21:17:00,6582.75,6583.75,6582.25,6583.5,178
2026-03-31 21:18:00,6583.25,6585.75,6583.0,6585.0,152
2026-03-31 21:19:00,6585.25,6586.0,6584.0,6585.25,172
2026-03-31 21:20:00,6585.0,6587.0,6585.0,6586.75,262
2026-03-31 21:21:00,6586.5,6586.5,6585.0,6585.25,95
2026-03-31 21:22:00,6585.5,6585.75,6584.5,6584.75,147
2026-03-31 21:23:00,6584.75,6585.0,6584.25,6585.0,73
2026-03-31 21:24:00,6584.75,6586.5,6584.5,6586.0,163
2026-03-31 21:25:00,6586.0,6587.5,6585.75,6587.25,214
2026-03-31 21:26:00,6587.0,6588.5,6586.25,6588.5,307
2026-03-31 21:27:00,6588.5,6589.5,6587.75,6589.25,220
2026-03-31 21:28:00,6589.0,6589.0,6587.5,6588.25,142
2026-03-31 21:29:00,6588.25,6589.25,6588.0,6588.5,142
2026-03-31 21:30:00,6588.5,6589.5,6588.0,6588.75,208
2026-03-31 21:31:00,6588.75,6589.25,6588.0,6588.5,159
2026-03-31 21:32:00,6588.25,6588.25,6586.25,6586.25,198
2026-03-31 21:33:00,6586.5,6588.25,6586.25,6588.25,154
2026-03-31 21:34:00,6588.25,6588.75,6584.5,6584.75,181
2026-03-31 21:35:00,6584.5,6585.75,6583.75,6585.0,258
2026-03-31 21:36:00,6585.25,6586.25,6583.5,6584.25,163
2026-03-31 21:37:00,6584.25,6585.25,6584.0,6584.75,153
2026-03-31 21:38:00,6584.25,6584.25,6583.0,6583.0,244
2026-03-31 21:39:00,6583.25,6584.5,6583.25,6584.5,161
2026-03-31 21:40:00,6584.5,6585.0,6584.0,6584.25,106
2026-03-31 21:41:00,6583.75,6584.0,6582.5,6582.5,105
2026-03-31 21:42:00,6582.75,6582.75,6580.5,6580.75,295
2026-03-31 21:43:00,6580.75,6581.25,6580.25,6580.5,345
2026-03-31 21:44:00,6580.5,6581.5,6580.25,6581.5,144
2026-03-31 21:45:00,6581.5,6581.5,6579.75,6580.5,180
2026-03-31 21:46:00,6581.0,6582.25,6580.5,6581.0,199
2026-03-31 21:47:00,6581.0,6581.25,6580.25,6580.75,135
2026-03-31 21:48:00,6581.0,6581.25,6580.0,6581.0,103
2026-03-31 21:49:00,6581.0,6581.0,6579.0,6579.75,226
2026-03-31 21:50:00,6579.75,6581.25,6579.5,6581.0,150
2026-03-31 21:51:00,6581.0,6581.25,6580.75,6581.0,39
2026-03-31 21:52:00,6581.0,6581.25,6579.5,6580.5,76
2026-03-31 21:53:00,6581.0,6581.75,6581.0,6581.0,106
2026-03-31 21:54:00,6580.75,6583.0,6580.25,6582.75,208
2026-03-31 21:55:00,6582.75,6583.0,6582.0,6582.0,96
2026-03-31 21:56:00,6582.25,6582.25,6581.0,6581.25,92
2026-03-31 21:57:00,6581.0,6582.25,6580.75,6582.25,93
2026-03-31 21:58:00,6582.5,6582.75,6581.5,6581.75,108
2026-03-31 21:59:00,6581.75,6582.25,6581.0,6581.25,89
2026-03-31 22:00:00,6581.5,6583.0,6581.5,6583.0,180
2026-03-31 22:01:00,6582.75,6584.25,6582.0,6584.0,167
2026-03-31 22:02:00,6583.75,6585.5,6583.75,6585.0,173
2026-03-31 22:03:00,6585.0,6585.25,6583.5,6584.25,105
2026-03-31 22:04:00,6584.25,6585.0,6583.75,6584.25,148
2026-03-31 22:05:00,6584.25,6584.75,6583.0,6584.0,148
2026-03-31 22:06:00,6584.0,6584.5,6583.25,6583.25,81
2026-03-31 22:07:00,6583.5,6584.25,6582.75,6584.0,160
2026-03-31 22:08:00,6584.0,6584.25,6583.25,6583.5,120
2026-03-31 22:09:00,6583.5,6584.75,6583.25,6584.0,110
2026-03-31 22:10:00,6584.0,6585.0,6582.25,6582.5,220
2026-03-31 22:11:00,6582.5,6582.5,6579.75,6580.25,235
2026-03-31 22:12:00,6580.5,6581.5,6580.5,6581.25,106
2026-03-31 22:13:00,6581.0,6581.5,6580.5,6580.5,68
2026-03-31 22:14:00,6580.75,6581.5,6580.5,6581.25,88
2026-03-31 22:15:00,6581.0,6581.0,6579.25,6580.0,171
2026-03-31 22:16:00,6580.0,6580.75,6579.25,6580.25,100
2026-03-31 22:17:00,6580.5,6580.5,6579.25,6580.5,171
2026-03-31 22:18:00,6580.75,6581.25,6580.5,6580.5,105
2026-03-31 22:19:00,6580.75,6582.25,6580.75,6581.75,109
2026-03-31 22:20:00,6581.5,6581.5,6580.25,6581.0,97
2026-03-31 22:21:00,6581.0,6581.0,6580.75,6581.0,24
2026-03-31 22:22:00,6581.0,6581.0,6580.0,6580.0,39
2026-03-31 22:23:00,6580.0,6581.5,6579.75,6581.5,68
2026-03-31 22:24:00,6581.25,6581.25,6580.25,6581.0,33
2026-03-31 22:25:00,6581.0,6581.0,6579.5,6580.25,66
2026-03-31 22:26:00,6580.5,6580.5,6578.5,6579.5,318
2026-03-31 22:27:00,6579.5,6580.25,6578.75,6579.75,116
2026-03-31 22:28:00,6580.0,6580.0,6578.5,6579.5,128
2026-03-31 22:29:00,6579.25,6579.25,6578.25,6579.0,191
2026-03-31 22:30:00,6579.0,6580.0,6577.0,6579.0,236
2026-03-31 22:31:00,6579.0,6579.75,6578.75,6578.75,74
2026-03-31 22:32:00,6578.75,6578.75,6577.5,6578.0,124
2026-03-31 22:33:00,6578.0,6578.75,6577.25,6577.75,254
2026-03-31 22:34:00,6578.0,6578.0,6576.5,6576.5,251
2026-03-31 22:35:00,6576.75,6577.75,6576.25,6576.25,134
2026-03-31 22:36:00,6576.25,6576.75,6575.5,6576.0,238
2026-03-31 22:37:00,6576.0,6577.0,6575.75,6576.5,117
2026-03-31 22:38:00,6576.25,6577.25,6575.75,6577.25,121
2026-03-31 22:39:00,6577.5,6577.5,6576.75,6577.5,71
2026-03-31 22:40:00,6577.25,6577.75,6577.0,6577.5,87
2026-03-31 22:41:00,6577.5,6579.0,6576.75,6579.0,210
2026-03-31 22:42:00,6579.0,6579.75,6578.5,6579.25,135
2026-03-31 22:43:00,6579.25,6579.5,6578.75,6579.0,67
2026-03-31 22:44:00,6579.0,6579.25,6578.75,6578.75,57
2026-03-31 22:45:00,6579.0,6580.75,6578.75,6580.5,193
2026-03-31 22:46:00,6580.5,6581.5,6578.5,6578.75,298
2026-03-31 22:47:00,6578.5,6579.5,6578.5,6579.5,82
2026-03-31 22:48:00,6579.75,6580.25,6579.0,6579.5,126
2026-03-31 22:49:00,6579.5,6579.5,6578.0,6578.25,95
2026-03-31 22:50:00,6578.5,6579.0,6578.25,6578.25,91
2026-03-31 22:51:00,6578.5,6579.0,6578.25,6578.25,42
2026-03-31 22:52:00,6578.25,6578.75,6578.0,6578.5,59
2026-03-31 22:53:00,6578.25,6579.25,6578.0,6579.0,143
2026-03-31 22:54:00,6579.0,6580.5,6579.0,6580.0,153
2026-03-31 22:55:00,6580.0,6580.5,6579.5,6579.75,117
2026-03-31 22:56:00,6579.75,6579.75,6578.5,6579.0,97
2026-03-31 22:57:00,6579.25,6579.75,6578.75,6578.75,84
2026-03-31 22:58:00,6578.75,6579.5,6578.25,6578.25,80
2026-03-31 22:59:00,6578.5,6579.0,6578.25,6578.5,71
2026-03-31 23:00:00,6578.5,6578.75,6578.0,6578.0,144
2026-03-31 23:01:00,6578.0,6580.0,6577.5,6580.0,124
2026-03-31 23:02:00,6580.0,6580.0,6579.25,6579.75,52
2026-03-31 23:03:00,6580.25,6580.25,6579.5,6579.75,31
2026-03-31 23:04:00,6579.75,6579.75,6578.5,6578.75,61
2026-03-31 23:05:00,6578.75,6579.0,6578.5,6578.75,41
2026-03-31 23:06:00,6578.75,6580.0,6578.75,6579.5,61
2026-03-31 23:07:00,6579.5,6582.5,6579.5,6581.75,277
2026-03-31 23:08:00,6581.5,6581.75,6581.0,6581.75,64
2026-03-31 23:09:00,6582.0,6582.75,6581.5,6581.5,294
2026-03-31 23:10:00,6581.5,6582.25,6581.25,6582.0,74
2026-03-31 23:11:00,6582.0,6582.0,6581.0,6581.0,55
2026-03-31 23:12:00,6581.0,6582.0,6581.0,6581.75,38
2026-03-31 23:13:00,6581.75,6581.75,6581.25,6581.5,36
2026-03-31 23:14:00,6581.5,6581.75,6581.0,6581.0,19
2026-03-31 23:15:00,6581.25,6581.25,6580.0,6580.25,71
2026-03-31 23:16:00,6580.25,6580.75,6580.25,6580.75,48
2026-03-31 23:17:00,6581.0,6581.5,6581.0,6581.0,92
2026-03-31 23:18:00,6581.0,6581.0,6579.5,6579.75,95
2026-03-31 23:19:00,6580.0,6581.0,6579.75,6580.0,58
2026-03-31 23:20:00,6579.75,6580.0,6579.5,6580.0,57
2026-03-31 23:21:00,6580.0,6580.5,6579.75,6580.5,35
2026-03-31 23:22:00,6580.5,6580.5,6579.75,6580.25,19
2026-03-31 23:23:00,6580.25,6581.0,6580.25,6581.0,38
2026-03-31 23:24:00,6581.0,6581.0,6578.5,6578.5,105
2026-03-31 23:25:00,6578.5,6579.5,6578.25,6579.25,74
2026-03-31 23:26:00,6579.25,6580.25,6579.0,6579.25,112
2026-03-31 23:27:00,6579.0,6580.5,6579.0,6579.75,88
2026-03-31 23:28:00,6580.0,6580.0,6579.5,6580.0,52
2026-03-31 23:29:00,6580.0,6580.25,6579.25,6580.0,66
2026-03-31 23:30:00,6580.0,6581.75,6580.0,6581.25,153
2026-03-31 23:31:00,6581.25,6581.5,6580.5,6580.75,58
2026-03-31 23:32:00,6581.0,6581.0,6580.5,6581.0,48
2026-03-31 23:33:00,6580.75,6582.0,6580.5,6582.0,118
2026-03-31 23:34:00,6582.0,6582.0,6581.0,6581.0,44
2026-03-31 23:35:00,6581.0,6581.5,6580.0,6580.0,89
2026-03-31 23:36:00,6580.0,6581.0,6579.75,6581.0,152
2026-03-31 23:37:00,6581.0,6581.5,6580.75,6581.0,86
2026-03-31 23:38:00,6580.75,6581.5,6580.5,6581.5,48
2026-03-31 23:39:00,6581.5,6582.0,6581.25,6581.75,53
2026-03-31 23:40:00,6581.75,6582.0,6581.5,6581.5,52
2026-03-31 23:41:00,6581.5,6581.5,6580.75,6581.5,74
2026-03-31 23:42:00,6581.5,6582.0,6581.5,6581.75,37
2026-03-31 23:43:00,6581.75,6583.0,6581.5,6582.75,105
2026-03-31 23:44:00,6582.75,6582.75,6582.25,6582.25,42
2026-03-31 23:45:00,6582.25,6583.5,6582.25,6582.5,272
2026-03-31 23:46:00,6582.5,6582.5,6582.0,6582.25,64
2026-03-31 23:47:00,6582.0,6582.0,6580.0,6580.25,143
2026-03-31 23:48:00,6580.0,6581.0,6579.5,6580.25,131
2026-03-31 23:49:00,6580.5,6581.5,6580.5,6580.75,116
2026-03-31 23:50:00,6581.0,6581.5,6580.75,6580.75,72
2026-03-31 23:51:00,6580.75,6580.75,6579.75,6580.5,56
2026-03-31 23:52:00,6580.75,6581.25,6580.5,6580.75,55
2026-03-31 23:53:00,6580.75,6581.0,6579.75,6581.0,80
2026-03-31 23:54:00,6581.0,6581.0,6580.25,6580.75,56
2026-03-31 23:55:00,6580.75,6581.25,6580.5,6580.75,64
2026-03-31 23:56:00,6580.75,6581.0,6580.0,6580.25,110
2026-03-31 23:57:00,6580.25,6580.5,6580.25,6580.5,46
2026-03-31 23:58:00,6580.5,6580.5,6579.75,6580.0,83
2026-03-31 23:59:00,6580.0,6580.75,6579.75,6580.5,114
2026-04-01 00:00:00,6580.5,6582.25,6580.25,6582.0,306
2026-04-01 00:01:00,6582.0,6582.25,6581.25,6581.75,482
2026-04-01 00:02:00,6582.0,6582.5,6581.5,6582.25,369
2026-04-01 00:03:00,6582.25,6583.0,6582.0,6582.0,366
2026-04-01 00:04:00,6582.0,6582.0,6581.0,6581.25,77
2026-04-01 00:05:00,6581.0,6581.0,6580.0,6580.75,177
2026-04-01 00:06:00,6581.0,6581.5,6581.0,6581.5,81
2026-04-01 00:07:00,6581.5,6581.75,6581.25,6581.75,70
2026-04-01 00:08:00,6581.5,6581.75,6581.0,6581.75,71
2026-04-01 00:09:00,6581.5,6581.5,6581.25,6581.5,61
2026-04-01 00:10:00,6581.5,6581.5,6581.0,6581.25,47
2026-04-01 00:11:00,6581.25,6581.25,6581.0,6581.25,58
2026-04-01 00:12:00,6581.0,6581.25,6580.25,6580.25,75
2026-04-01 00:13:00,6580.5,6580.5,6579.75,6580.0,88
2026-04-01 00:14:00,6580.0,6580.75,6579.75,6580.25,81
2026-04-01 00:15:00,6580.5,6580.5,6580.0,6580.25,41
2026-04-01 00:16:00,6580.25,6580.25,6579.5,6579.5,79
2026-04-01 00:17:00,6579.5,6580.75,6579.5,6580.75,100
2026-04-01 00:18:00,6580.75,6582.0,6580.5,6581.25,165
2026-04-01 00:19:00,6581.25,6581.5,6580.5,6581.25,103
2026-04-01 00:20:00,6581.25,6581.5,6580.75,6581.25,49
2026-04-01 00:21:00,6581.5,6581.5,6580.5,6581.5,85
2026-04-01 00:22:00,6581.5,6584.0,6581.5,6583.75,514
2026-04-01 00:23:00,6583.5,6584.75,6583.0,6584.25,306
2026-04-01 00:24:00,6584.25,6585.0,6583.5,6584.0,302
2026-04-01 00:25:00,6584.0,6584.25,6583.25,6583.5,85
2026-04-01 00:26:00,6583.75,6583.75,6582.5,6582.5,85
2026-04-01 00:27:00,6582.75,6584.25,6582.75,6584.0,137
2026-04-01 00:28:00,6583.75,6584.0,6583.0,6584.0,77
2026-04-01 00:29:00,6584.0,6584.5,6583.75,6584.5,131
2026-04-01 00:30:00,6584.5,6585.5,6584.5,6584.75,169
2026-04-01 00:31:00,6584.75,6584.75,6584.0,6584.0,59
2026-04-01 00:32:00,6584.25,6585.25,6584.25,6585.25,50
2026-04-01 00:33:00,6585.5,6585.75,6585.0,6585.0,153
2026-04-01 00:34:00,6584.75,6585.5,6584.75,6585.5,40
2026-04-01 00:35:00,6585.25,6586.0,6583.75,6585.0,388
2026-04-01 00:36:00,6584.75,6584.75,6582.75,6583.25,100
2026-04-01 00:37:00,6583.5,6584.25,6583.5,6584.0,91
2026-04-01 00:38:00,6584.0,6584.5,6583.25,6584.5,70
2026-04-01 00:39:00,6584.75,6585.0,6584.0,6584.25,48
2026-04-01 00:40:00,6584.25,6584.75,6584.25,6584.5,39
2026-04-01 00:41:00,6584.5,6584.5,6584.0,6584.25,25
2026-04-01 00:42:00,6584.0,6584.5,6584.0,6584.5,35
2026-04-01 00:43:00,6584.5,6584.5,6584.25,6584.5,20
2026-04-01 00:44:00,6584.5,6585.0,6584.25,6585.0,41
2026-04-01 00:45:00,6585.0,6585.0,6584.0,6584.0,53
2026-04-01 00:46:00,6584.0,6584.5,6583.5,6584.5,36
2026-04-01 00:47:00,6584.5,6584.75,6584.5,6584.75,26
2026-04-01 00:48:00,6585.0,6586.0,6584.75,6585.75,81
2026-04-01 00:49:00,6586.0,6587.25,6586.0,6587.0,383
2026-04-01 00:50:00,6587.0,6587.5,6586.25,6586.75,114
2026-04-01 00:51:00,6586.75,6587.5,6586.5,6587.0,110
2026-04-01 00:52:00,6587.0,6587.25,6586.75,6587.25,59
2026-04-01 00:53:00,6587.25,6588.0,6587.0,6587.75,162
2026-04-01 00:54:00,6587.75,6587.75,6586.5,6586.75,61
2026-04-01 00:55:00,6586.5,6586.75,6584.5,6584.75,146
2026-04-01 00:56:00,6584.75,6585.25,6584.5,6585.0,117
2026-04-01 00:57:00,6585.0,6586.0,6585.0,6585.75,54
2026-04-01 00:58:00,6586.0,6586.25,6585.75,6585.75,67
2026-04-01 00:59:00,6585.75,6585.75,6585.5,6585.75,39
2026-04-01 01:00:00,6586.0,6586.25,6584.75,6585.25,129
2026-04-01 01:01:00,6585.25,6586.0,6584.75,6586.0,46
2026-04-01 01:02:00,6585.75,6586.75,6585.75,6586.5,104
2026-04-01 01:03:00,6586.25,6586.75,6586.0,6586.75,36
2026-04-01 01:04:00,6586.75,6587.25,6586.0,6587.0,82
2026-04-01 01:05:00,6587.0,6589.5,6586.75,6589.0,272
2026-04-01 01:06:00,6588.75,6589.75,6588.0,6589.25,74
2026-04-01 01:07:00,6589.0,6589.75,6588.5,6589.75,80
2026-04-01 01:08:00,6589.75,6589.75,6588.75,6589.0,136
2026-04-01 01:09:00,6588.75,6590.5,6588.5,6590.25,155
2026-04-01 01:10:00,6590.25,6591.25,6589.5,6589.75,195
2026-04-01 01:11:00,6589.75,6591.25,6589.75,6590.75,146
2026-04-01 01:12:00,6590.5,6590.5,6589.75,6590.25,84
2026-04-01 01:13:00,6590.25,6591.5,6589.75,6591.5,92
2026-04-01 01:14:00,6591.25,6593.0,6591.25,6592.75,235
2026-04-01 01:15:00,6592.75,6592.75,6591.0,6591.75,215
2026-04-01 01:16:00,6591.75,6592.5,6591.75,6591.75,84
2026-04-01 01:17:00,6592.0,6592.5,6591.75,6592.5,62
2026-04-01 01:18:00,6592.5,6593.25,6592.5,6593.0,89
2026-04-01 01:19:00,6593.25,6593.5,6592.5,6592.75,49
2026-04-01 01:20:00,6592.75,6592.75,6591.75,6592.25,52
2026-04-01 01:21:00,6592.25,6592.75,6591.75,6592.0,46
2026-04-01 01:22:00,6592.25,6592.5,6592.0,6592.25,69
2026-04-01 01:23:00,6592.25,6592.75,6592.0,6592.75,72
2026-04-01 01:24:00,6592.75,6595.0,6592.75,6594.5,401
2026-04-01 01:25:00,6594.5,6599.75,6594.25,6597.25,684
2026-04-01 01:26:00,6597.25,6597.25,6594.5,6595.25,271
2026-04-01 01:27:00,6595.0,6595.5,6593.75,6594.25,184
2026-04-01 01:28:00,6594.5,6594.5,6593.5,6594.5,99
2026-04-01 01:29:00,6594.0,6595.0,6593.5,6594.25,195
2026-04-01 01:30:00,6594.5,6595.5,6594.0,6594.0,128
2026-04-01 01:31:00,6594.0,6595.5,6593.75,6595.5,106
2026-04-01 01:32:00,6595.5,6596.5,6594.75,6595.0,167
2026-04-01 01:33:00,6595.0,6597.0,6595.0,6596.0,167
2026-04-01 01:34:00,6595.75,6596.0,6595.0,6595.0,119
2026-04-01 01:35:00,6595.0,6595.25,6594.25,6595.25,94
2026-04-01 01:36:00,6595.0,6595.0,6590.0,6591.75,336
2026-04-01 01:37:00,6591.5,6593.0,6591.5,6592.25,99
2026-04-01 01:38:00,6592.5,6592.75,6592.0,6592.5,135
2026-04-01 01:39:00,6592.5,6594.0,6592.25,6594.0,99
2026-04-01 01:40:00,6594.0,6594.75,6593.5,6593.5,109
2026-04-01 01:41:00,6593.5,6594.75,6593.5,6594.0,87
2026-04-01 01:42:00,6593.75,6594.0,6593.0,6593.25,58
2026-04-01 01:43:00,6593.25,6594.75,6593.25,6594.0,106
2026-04-01 01:44:00,6593.75,6595.25,6593.75,6595.0,62
2026-04-01 01:45:00,6595.25,6596.75,6595.0,6595.5,288
2026-04-01 01:46:00,6595.25,6595.5,6593.5,6593.75,159
2026-04-01 01:47:00,6593.75,6594.0,6593.25,6593.75,112
2026-04-01 01:48:00,6594.0,6594.25,6592.5,6593.0,181
2026-04-01 01:49:00,6593.25,6595.75,6593.25,6595.25,104
2026-04-01 01:50:00,6595.5,6596.75,6595.5,6596.0,115
2026-04-01 01:51:00,6596.0,6597.25,6595.25,6597.0,256
2026-04-01 01:52:00,6597.0,6597.0,6595.25,6596.0,119
2026-04-01 01:53:00,6596.0,6596.5,6595.5,6595.75,144
2026-04-01 01:54:00,6595.5,6595.5,6594.25,6594.25,261
2026-04-01 01:55:00,6594.5,6595.25,6593.5,6594.75,195
2026-04-01 01:56:00,6594.75,6594.75,6592.75,6593.5,120
2026-04-01 01:57:00,6593.25,6593.5,6592.0,6592.5,130
2026-04-01 01:58:00,6592.25,6593.25,6591.75,6592.5,111
2026-04-01 01:59:00,6592.25,6593.75,6592.0,6593.0,175
2026-04-01 02:00:00,6593.0,6594.5,6592.5,6594.5,231
2026-04-01 02:01:00,6594.25,6597.5,6593.75,6597.0,244
2026-04-01 02:02:00,6597.0,6597.0,6595.5,6596.5,178
2026-04-01 02:03:00,6596.75,6596.75,6595.0,6595.75,85
2026-04-01 02:04:00,6595.75,6595.75,6592.0,6593.0,388
2026-04-01 02:05:00,6593.0,6595.25,6592.75,6595.25,85
2026-04-01 02:06:00,6595.5,6597.25,6595.0,6597.0,128
2026-04-01 02:07:00,6597.0,6598.75,6595.75,6597.75,548
2026-04-01 02:08:00,6597.75,6598.75,6597.5,6598.25,175
2026-04-01 02:09:00,6598.0,6598.75,6596.25,6596.5,148
2026-04-01 02:10:00,6596.75,6597.0,6596.25,6597.0,124
2026-04-01 02:11:00,6597.0,6598.5,6597.0,6597.5,75
2026-04-01 02:12:00,6597.75,6602.25,6597.75,6602.0,584
2026-04-01 02:13:00,6602.25,6602.75,6600.25,6601.0,591
2026-04-01 02:14:00,6600.75,6602.5,6600.75,6602.25,237
2026-04-01 02:15:00,6602.0,6607.5,6601.0,6605.25,1121
2026-04-01 02:16:00,6605.25,6607.0,6604.25,6605.25,525
2026-04-01 02:17:00,6605.25,6606.5,6604.5,6606.0,418
2026-04-01 02:18:00,6606.25,6606.75,6602.25,6602.5,591
2026-04-01 02:19:00,6602.5,6605.25,6602.0,6605.0,456
2026-04-01 02:20:00,6605.25,6606.75,6604.25,6606.75,213
2026-04-01 02:21:00,6606.5,6608.75,6605.25,6607.5,695
2026-04-01 02:22:00,6607.5,6607.75,6605.5,6605.5,455
2026-04-01 02:23:00,6606.0,6607.5,6605.5,6607.0,299
2026-04-01 02:24:00,6606.5,6607.75,6606.0,6607.5,213
2026-04-01 02:25:00,6607.5,6608.5,6606.75,6607.75,423
2026-04-01 02:26:00,6607.5,6609.0,6607.25,6608.5,511
2026-04-01 02:27:00,6608.5,6608.75,6607.0,6607.25,359
2026-04-01 02:28:00,6607.75,6609.75,6607.75,6609.25,646
2026-04-01 02:29:00,6609.25,6612.5,6609.25,6610.5,1249
2026-04-01 02:30:00,6610.25,6613.0,6609.25,6612.75,392
2026-04-01 02:31:00,6613.0,6617.5,6613.0,6614.75,1129
2026-04-01 02:32:00,6615.0,6616.0,6614.0,6615.25,801
2026-04-01 02:33:00,6615.25,6617.5,6615.0,6616.75,539
2026-04-01 02:34:00,6616.5,6617.75,6616.5,6617.0,477
2026-04-01 02:35:00,6617.0,6617.25,6615.0,6616.25,431
2026-04-01 02:36:00,6616.0,6618.75,6615.5,6618.25,520
2026-04-01 02:37:00,6618.0,6619.25,6617.5,6619.25,569
2026-04-01 02:38:00,6619.0,6619.75,6617.5,6617.75,701
2026-04-01 02:39:00,6617.5,6618.0,6616.0,6617.5,645
2026-04-01 02:40:00,6617.75,6618.75,6615.25,6616.0,400
2026-04-01 02:41:00,6615.75,6618.25,6615.75,6618.25,311
2026-04-01 02:42:00,6618.25,6621.25,6618.25,6619.0,864
2026-04-01 02:43:00,6619.25,6619.25,6617.75,6618.5,287
2026-04-01 02:44:00,6618.5,6620.75,6618.25,6620.5,361
2026-04-01 02:45:00,6620.25,6620.75,6618.5,6620.0,448
2026-04-01 02:46:00,6619.75,6620.0,6617.25,6618.75,500
2026-04-01 02:47:00,6618.5,6620.0,6618.25,6620.0,452
2026-04-01 02:48:00,6620.0,6622.0,6619.25,6621.25,668
2026-04-01 02:49:00,6621.0,6621.25,6617.25,6617.5,885
2026-04-01 02:50:00,6617.5,6618.75,6616.0,6618.25,699
2026-04-01 02:51:00,6618.25,6619.0,6616.5,6617.25,588
2026-04-01 02:52:00,6617.0,6619.5,6616.75,6618.75,354
2026-04-01 02:53:00,6618.75,6619.75,6618.0,6619.75,265
2026-04-01 02:54:00,6619.75,6620.75,6618.75,6620.0,343
2026-04-01 02:55:00,6620.25,6621.75,6620.0,6621.5,653
2026-04-01 02:56:00,6621.75,6622.0,6620.5,6620.75,375
2026-04-01 02:57:00,6620.75,6621.0,6619.75,6620.5,337
2026-04-01 02:58:00,6620.75,6621.75,6620.25,6620.25,639
2026-04-01 02:59:00,6620.5,6621.25,6620.0,6620.25,309
2026-04-01 03:00:00,6620.5,6621.75,6618.75,6621.5,923
2026-04-01 03:01:00,6621.5,6623.0,6620.25,6620.25,713
2026-04-01 03:02:00,6620.25,6620.25,6618.5,6618.75,567
2026-04-01 03:03:00,6618.75,6619.0,6617.0,6618.25,739
2026-04-01 03:04:00,6618.5,6618.75,6617.0,6617.75,324
2026-04-01 03:05:00,6618.0,6618.25,6616.25,6617.25,485
2026-04-01 03:06:00,6617.5,6618.0,6616.25,6617.5,465
2026-04-01 03:07:00,6617.5,6619.0,6616.75,6618.0,350
2026-04-01 03:08:00,6618.25,6620.75,6617.25,6618.25,398
2026-04-01 03:09:00,6618.5,6619.0,6617.0,6618.75,346
2026-04-01 03:10:00,6619.25,6619.5,6616.5,6617.25,462
2026-04-01 03:11:00,6617.25,6618.0,6614.5,6615.25,504
2026-04-01 03:12:00,6615.75,6617.25,6615.25,6615.5,461
2026-04-01 03:13:00,6615.5,6616.75,6614.75,6615.25,494
2026-04-01 03:14:00,6615.0,6616.5,6615.0,6616.5,224
2026-04-01 03:15:00,6616.25,6616.25,6614.5,6615.0,559
2026-04-01 03:16:00,6615.0,6616.25,6614.5,6615.0,397
2026-04-01 03:17:00,6615.25,6616.25,6614.25,6616.25,351
2026-04-01 03:18:00,6616.25,6616.25,6614.25,6615.25,279
2026-04-01 03:19:00,6615.25,6615.75,6614.5,6614.5,230
2026-04-01 03:20:00,6614.75,6614.75,6613.75,6614.0,385
2026-04-01 03:21:00,6614.25,6615.0,6613.25,6613.5,482
2026-04-01 03:22:00,6613.25,6613.75,6611.75,6613.0,485
2026-04-01 03:23:00,6613.0,6613.25,6612.25,6612.5,229
2026-04-01 03:24:00,6612.5,6614.0,6612.25,6613.5,264
2026-04-01 03:25:00,6613.75,6614.5,6612.5,6613.75,392
2026-04-01 03:26:00,6613.75,6614.25,6613.0,6613.25,289
2026-04-01 03:27:00,6613.25,6615.75,6613.0,6615.5,408
2026-04-01 03:28:00,6615.25,6615.5,6613.75,6615.0,252
2026-04-01 03:29:00,6615.0,6616.25,6615.0,6615.25,239
2026-04-01 03:30:00,6615.25,6619.0,6615.25,6619.0,379
2026-04-01 03:31:00,6618.75,6619.0,6616.0,6616.5,354
2026-04-01 03:32:00,6616.5,6618.25,6615.0,6615.25,560
2026-04-01 03:33:00,6615.25,6617.75,6614.25,6617.5,604
2026-04-01 03:34:00,6617.5,6619.0,6616.75,6617.5,656
2026-04-01 03:35:00,6617.5,6619.25,6617.5,6618.75,348
2026-04-01 03:36:00,6618.75,6619.25,6617.25,6618.75,226
2026-04-01 03:37:00,6619.0,6620.75,6619.0,6620.5,361
2026-04-01 03:38:00,6620.25,6621.75,6620.0,6620.5,238
2026-04-01 03:39:00,6620.5,6620.5,6617.75,6618.25,304
2026-04-01 03:40:00,6618.25,6619.5,6617.0,6618.0,601
2026-04-01 03:41:00,6617.75,6617.75,6614.5,6615.0,774
2026-04-01 03:42:00,6615.0,6617.75,6614.0,6617.0,709
2026-04-01 03:43:00,6617.25,6619.0,6616.25,6616.5,392
2026-04-01 03:44:00,6616.25,6618.0,6616.0,6617.75,308
2026-04-01 03:45:00,6617.75,6618.25,6616.0,6616.0,233
2026-04-01 03:46:00,6616.0,6619.25,6616.0,6617.75,381
2026-04-01 03:47:00,6617.75,6619.0,6616.5,6618.25,380
2026-04-01 03:48:00,6618.25,6618.5,6613.5,6613.75,485
2026-04-01 03:49:00,6613.75,6613.75,6608.25,6608.75,1167
2026-04-01 03:50:00,6608.5,6609.5,6603.25,6603.75,1218
2026-04-01 03:51:00,6604.25,6605.0,6600.0,6602.25,1322
2026-04-01 03:52:00,6602.5,6604.25,6601.0,6601.5,633
2026-04-01 03:53:00,6601.5,6604.25,6600.25,6603.5,1663
2026-04-01 03:54:00,6603.5,6605.5,6602.5,6604.0,794
2026-04-01 03:55:00,6603.75,6604.75,6600.5,6602.25,1150
2026-04-01 03:56:00,6602.5,6605.0,6602.5,6603.75,506
2026-04-01 03:57:00,6603.5,6605.0,6601.75,6602.5,838
2026-04-01 03:58:00,6602.5,6602.5,6600.0,6601.0,304
2026-04-01 03:59:00,6601.0,6602.75,6598.5,6600.5,901
2026-04-01 04:00:00,6600.5,6603.0,6598.75,6601.5,816
2026-04-01 04:01:00,6601.5,6601.5,6596.75,6597.5,708
2026-04-01 04:02:00,6597.5,6599.75,6595.75,6597.5,940
2026-04-01 04:03:00,6597.75,6603.25,6597.75,6602.25,651
2026-04-01 04:04:00,6602.5,6604.5,6601.25,6602.25,678
2026-04-01 04:05:00,6602.25,6602.25,6599.75,6600.0,505
2026-04-01 04:06:00,6600.0,6601.5,6595.25,6595.75,531
2026-04-01 04:07:00,6595.75,6597.25,6595.25,6596.5,340
2026-04-01 04:08:00,6596.5,6597.0,6595.0,6596.75,277
2026-04-01 04:09:00,6597.0,6597.0,6594.0,6594.75,491
2026-04-01 04:10:00,6594.75,6595.0,6593.25,6594.0,583
2026-04-01 04:11:00,6594.0,6594.0,6590.0,6592.25,665
2026-04-01 04:12:00,6592.0,6594.25,6591.25,6593.25,543
2026-04-01 04:13:00,6593.25,6595.75,6593.25,6594.5,436
2026-04-01 04:14:00,6594.5,6594.75,6592.5,6592.5,386
2026-04-01 04:15:00,6592.75,6597.25,6592.5,6596.5,402
2026-04-01 04:16:00,6596.25,6596.5,6592.0,6592.25,326
2026-04-01 04:17:00,6592.5,6596.75,6591.5,6596.5,473
2026-04-01 04:18:00,6596.5,6598.75,6596.25,6598.5,797
2026-04-01 04:19:00,6598.5,6599.5,6597.75,6599.0,579
2026-04-01 04:20:00,6598.5,6600.75,6598.5,6600.25,413
2026-04-01 04:21:00,6600.0,6601.5,6599.5,6600.75,523
2026-04-01 04:22:00,6600.75,6603.0,6600.75,6602.5,475
2026-04-01 04:23:00,6602.25,6603.75,6600.0,6601.0,443
2026-04-01 04:24:00,6600.75,6603.75,6600.75,6603.75,310
2026-04-01 04:25:00,6603.5,6607.5,6603.5,6606.75,498
2026-04-01 04:26:00,6606.75,6608.25,6606.25,6606.75,338
2026-04-01 04:27:00,6607.0,6607.75,6605.0,6605.0,370
2026-04-01 04:28:00,6605.0,6605.5,6601.75,6601.75,400
2026-04-01 04:29:00,6602.0,6603.0,6600.5,6602.25,436
2026-04-01 04:30:00,6602.5,6603.75,6601.75,6603.0,300
2026-04-01 04:31:00,6603.0,6604.25,6602.5,6604.0,266
2026-04-01 04:32:00,6603.5,6606.5,6603.0,6606.25,302
2026-04-01 04:33:00,6606.5,6607.0,6604.75,6604.75,330
2026-04-01 04:34:00,6604.75,6606.0,6604.25,6605.75,180
2026-04-01 04:35:00,6605.25,6606.0,6602.75,6602.75,233
2026-04-01 04:36:00,6602.5,6603.75,6601.25,6603.75,376
2026-04-01 04:37:00,6604.0,6604.25,6601.5,6602.75,531
2026-04-01 04:38:00,6603.0,6605.0,6602.0,6604.25,655
2026-04-01 04:39:00,6604.0,6606.0,6603.5,6605.5,364
2026-04-01 04:40:00,6605.75,6606.0,6603.5,6605.25,196
2026-04-01 04:41:00,6605.75,6607.0,6604.75,6605.5,198
2026-04-01 04:42:00,6605.25,6605.25,6603.25,6603.5,279
2026-04-01 04:43:00,6603.5,6604.75,6602.25,6604.75,338
2026-04-01 04:44:00,6604.5,6606.5,6604.0,6606.25,359
2026-04-01 04:45:00,6606.0,6606.75,6604.5,6605.75,181
2026-04-01 04:46:00,6605.75,6606.0,6602.75,6603.0,255
2026-04-01 04:47:00,6602.75,6603.75,6601.75,6602.75,287
2026-04-01 04:48:00,6602.5,6604.75,6602.5,6604.25,251
2026-04-01 04:49:00,6604.25,6606.0,6603.5,6605.25,300
2026-04-01 04:50:00,6605.0,6607.0,6605.0,6606.25,118
2026-04-01 04:51:00,6606.25,6606.75,6604.0,6604.25,586
2026-04-01 04:52:00,6604.0,6605.5,6603.0,6605.0,416
2026-04-01 04:53:00,6605.0,6608.5,6604.75,6607.5,365
2026-04-01 04:54:00,6607.25,6607.75,6590.25,6601.5,4427
2026-04-01 04:55:00,6601.5,6603.0,6597.0,6601.25,999
2026-04-01 04:56:00,6601.75,6606.0,6600.75,6602.75,848
2026-04-01 04:57:00,6602.5,6604.75,6602.5,6604.75,475
2026-04-01 04:58:00,6604.75,6605.5,6601.5,6602.25,410
2026-04-01 04:59:00,6602.5,6603.5,6600.0,6601.25,444
2026-04-01 05:00:00,6601.75,6602.25,6599.25,6600.0,424
2026-04-01 05:01:00,6600.0,6605.5,6599.0,6602.75,856
2026-04-01 05:02:00,6602.75,6604.0,6602.0,6603.0,465
2026-04-01 05:03:00,6603.0,6603.0,6599.25,6600.5,327
2026-04-01 05:04:00,6600.5,6600.75,6599.0,6599.75,264
2026-04-01 05:05:00,6599.75,6600.5,6599.25,6599.75,377
2026-04-01 05:06:00,6599.75,6601.25,6598.5,6599.0,360
2026-04-01 05:07:00,6599.25,6599.25,6596.75,6598.0,511
2026-04-01 05:08:00,6598.0,6598.0,6594.5,6595.25,527
2026-04-01 05:09:00,6595.25,6596.5,6594.25,6595.25,607
2026-04-01 05:10:00,6595.25,6595.75,6592.25,6592.5,707
2026-04-01 05:11:00,6592.75,6594.0,6592.0,6592.75,562
2026-04-01 05:12:00,6592.5,6595.75,6591.75,6595.5,521
2026-04-01 05:13:00,6595.75,6595.75,6592.25,6595.0,631
2026-04-01 05:14:00,6595.25,6596.0,6593.5,6594.25,382
2026-04-01 05:15:00,6594.25,6595.5,6593.0,6594.0,232
2026-04-01 05:16:00,6593.75,6594.25,6592.75,6593.25,289
2026-04-01 05:17:00,6593.5,6594.5,6593.0,6593.0,248
2026-04-01 05:18:00,6593.0,6593.25,6591.0,6591.0,716
2026-04-01 05:19:00,6591.25,6592.25,6590.5,6591.75,435
2026-04-01 05:20:00,6591.75,6592.75,6588.0,6588.5,743
2026-04-01 05:21:00,6589.0,6590.5,6587.25,6587.5,559
2026-04-01 05:22:00,6587.25,6588.25,6586.75,6588.25,548
2026-04-01 05:23:00,6588.25,6589.0,6586.5,6588.75,415
2026-04-01 05:24:00,6588.75,6589.75,6587.75,6589.5,303
2026-04-01 05:25:00,6589.5,6593.0,6589.25,6592.75,380
2026-04-01 05:26:00,6592.0,6592.5,6590.25,6590.75,327
2026-04-01 05:27:00,6590.5,6593.0,6590.5,6592.5,349
2026-04-01 05:28:00,6592.5,6592.75,6591.0,6591.0,209
2026-04-01 05:29:00,6591.25,6592.5,6591.0,6592.25,228
2026-04-01 05:30:00,6592.25,6595.0,6592.25,6594.75,338
2026-04-01 05:31:00,6595.0,6597.0,6594.25,6594.75,599
2026-04-01 05:32:00,6595.0,6596.0,6594.25,6594.25,424
2026-04-01 05:33:00,6594.25,6596.0,6593.0,6594.75,511
2026-04-01 05:34:00,6595.0,6596.5,6594.25,6595.75,208
2026-04-01 05:35:00,6595.75,6596.75,6595.5,6596.75,220
2026-04-01 05:36:00,6596.5,6599.75,6596.5,6598.25,742
2026-04-01 05:37:00,6598.25,6599.0,6597.5,6598.5,310
2026-04-01 05:38:00,6598.5,6599.75,6598.0,6599.5,259
2026-04-01 05:39:00,6599.5,6599.5,6596.5,6597.5,251
2026-04-01 05:40:00,6597.5,6598.25,6596.5,6597.25,243
2026-04-01 05:41:00,6597.0,6598.0,6596.75,6597.5,405
2026-04-01 05:42:00,6597.25,6598.0,6597.0,6597.5,352
2026-04-01 05:43:00,6597.25,6599.0,6597.25,6598.5,239
2026-04-01 05:44:00,6598.25,6599.0,6597.0,6597.75,348
2026-04-01 05:45:00,6597.75,6600.5,6597.75,6599.0,455
2026-04-01 05:46:00,6599.0,6601.75,6598.25,6601.25,400
2026-04-01 05:47:00,6601.0,6602.0,6600.25,6601.75,241
2026-04-01 05:48:00,6601.75,6604.0,6601.75,6602.5,458
2026-04-01 05:49:00,6602.75,6604.25,6602.0,6604.25,288
2026-04-01 05:50:00,6604.25,6607.0,6604.25,6605.75,844
2026-04-01 05:51:00,6605.75,6605.75,6603.5,6605.0,485
2026-04-01 05:52:00,6605.0,6606.5,6604.25,6604.5,371
2026-04-01 05:53:00,6604.25,6605.25,6604.0,6605.0,163
2026-04-01 05:54:00,6604.75,6605.25,6602.5,6603.75,523
2026-04-01 05:55:00,6604.0,6604.5,6600.25,6600.5,549
2026-04-01 05:56:00,6600.5,6602.5,6598.75,6602.0,954
2026-04-01 05:57:00,6601.75,6607.75,6601.75,6605.75,975
2026-04-01 05:58:00,6605.75,6605.75,6601.25,6602.75,642
2026-04-01 05:59:00,6602.5,6603.5,6601.75,6602.75,216
2026-04-01 06:00:00,6603.0,6607.25,6601.5,6606.75,856
2026-04-01 06:01:00,6606.75,6607.25,6603.0,6604.25,478
2026-04-01 06:02:00,6604.25,6604.5,6602.0,6604.0,277
2026-04-01 06:03:00,6604.0,6605.25,6603.75,6604.5,219
2026-04-01 06:04:00,6604.25,6604.25,6599.0,6600.5,589
2026-04-01 06:05:00,6600.25,6603.25,6599.0,6601.5,667
2026-04-01 06:06:00,6601.5,6602.0,6600.5,6601.75,177
2026-04-01 06:07:00,6601.75,6602.0,6600.25,6600.75,228
2026-04-01 06:08:00,6600.75,6602.0,6600.0,6601.5,293
2026-04-01 06:09:00,6601.25,6602.75,6599.25,6599.5,379
2026-04-01 06:10:00,6599.25,6600.5,6598.5,6599.75,663
2026-04-01 06:11:00,6599.5,6601.5,6599.25,6601.0,286
2026-04-01 06:12:00,6601.0,6603.75,6600.5,6603.25,248
2026-04-01 06:13:00,6603.5,6605.75,6603.0,6605.0,253
2026-04-01 06:14:00,6605.0,6605.25,6603.5,6603.5,211
2026-04-01 06:15:00,6603.25,6605.0,6602.5,6603.5,286
2026-04-01 06:16:00,6603.5,6604.5,6603.0,6604.5,109
2026-04-01 06:17:00,6604.25,6605.75,6604.0,6604.0,168
2026-04-01 06:18:00,6604.0,6604.75,6603.75,6604.75,125
2026-04-01 06:19:00,6604.75,6605.0,6603.0,6603.75,189
2026-04-01 06:20:00,6603.5,6606.75,6603.25,6603.25,694
2026-04-01 06:21:00,6603.5,6606.5,6603.5,6606.25,145
2026-04-01 06:22:00,6606.25,6606.75,6603.75,6604.25,232
2026-04-01 06:23:00,6604.0,6605.75,6603.75,6605.25,181
2026-04-01 06:24:00,6605.0,6605.5,6603.75,6604.0,232
2026-04-01 06:25:00,6604.0,6604.25,6600.75,6602.25,368
2026-04-01 06:26:00,6602.25,6602.75,6599.5,6602.5,1052
2026-04-01 06:27:00,6602.5,6603.0,6601.5,6601.75,330
2026-04-01 06:28:00,6601.5,6602.5,6600.75,6602.0,141
2026-04-01 06:29:00,6601.75,6603.25,6601.75,6601.75,252
2026-04-01 06:30:00,6602.25,6606.0,6602.25,6604.75,260
2026-04-01 06:31:00,6604.5,6605.25,6603.75,6604.25,291
2026-04-01 06:32:00,6604.5,6606.0,6602.25,6603.0,267
2026-04-01 06:33:00,6602.75,6603.0,6600.25,6601.75,194
2026-04-01 06:34:00,6601.75,6602.0,6600.75,6601.0,171
2026-04-01 06:35:00,6600.75,6602.5,6600.75,6601.75,135
2026-04-01 06:36:00,6602.0,6602.5,6601.0,6601.5,140
2026-04-01 06:37:00,6601.75,6603.0,6601.0,6602.75,140
2026-04-01 06:38:00,6603.0,6603.0,6601.5,6602.75,174
2026-04-01 06:39:00,6602.75,6605.25,6602.5,6604.25,334
2026-04-01 06:40:00,6604.5,6606.0,6604.5,6605.5,267
2026-04-01 06:41:00,6605.5,6607.25,6605.0,6607.25,321
2026-04-01 06:42:00,6607.0,6607.75,6606.25,6606.5,305
2026-04-01 06:43:00,6606.25,6606.75,6604.75,6605.5,292
2026-04-01 06:44:00,6605.5,6607.75,6605.5,6606.75,773
2026-04-01 06:45:00,6606.75,6610.5,6606.5,6610.25,984
2026-04-01 06:46:00,6610.25,6614.25,6610.0,6613.5,1601
2026-04-01 06:47:00,6613.25,6614.5,6612.25,6613.75,879
2026-04-01 06:48:00,6613.75,6616.0,6613.5,6613.75,1057
2026-04-01 06:49:00,6613.5,6615.75,6613.25,6615.75,759
2026-04-01 06:50:00,6615.75,6617.5,6615.25,6616.75,1158
2026-04-01 06:51:00,6616.5,6618.0,6616.0,6617.0,590
2026-04-01 06:52:00,6616.75,6617.75,6615.75,6615.75,735
2026-04-01 06:53:00,6616.0,6617.0,6614.25,6614.75,477
2026-04-01 06:54:00,6614.5,6615.5,6613.75,6615.0,509
2026-04-01 06:55:00,6614.75,6614.75,6610.75,6611.25,476
2026-04-01 06:56:00,6611.25,6613.25,6610.25,6612.5,477
2026-04-01 06:57:00,6612.5,6615.0,6612.5,6614.5,510
2026-04-01 06:58:00,6614.25,6614.5,6613.0,6614.0,355
2026-04-01 06:59:00,6614.0,6618.5,6614.0,6616.0,1158
2026-04-01 07:00:00,6616.0,6617.0,6614.75,6615.5,702
2026-04-01 07:01:00,6615.5,6616.0,6614.5,6615.5,429
2026-04-01 07:02:00,6615.75,6617.5,6615.25,6616.75,233
2026-04-01 07:03:00,6616.5,6619.0,6616.25,6617.5,697
2026-04-01 07:04:00,6617.5,6619.5,6617.0,6619.0,530
2026-04-01 07:05:00,6618.75,6619.5,6618.25,6618.75,251
2026-04-01 07:06:00,6618.75,6619.5,6618.5,6618.75,287
2026-04-01 07:07:00,6619.0,6619.0,6617.0,6618.0,252
2026-04-01 07:08:00,6618.0,6619.75,6617.75,6619.5,255
2026-04-01 07:09:00,6619.5,6619.75,6618.5,6618.5,203
2026-04-01 07:10:00,6618.5,6619.25,6617.5,6617.5,218
2026-04-01 07:11:00,6617.5,6618.75,6617.0,6618.75,171
2026-04-01 07:12:00,6618.75,6619.75,6618.25,6619.25,287
2026-04-01 07:13:00,6619.0,6619.75,6618.75,6619.0,212
2026-04-01 07:14:00,6618.75,6621.0,6618.75,6620.75,492
2026-04-01 07:15:00,6620.75,6623.5,6620.5,6621.25,949
2026-04-01 07:16:00,6621.25,6621.25,6619.25,6620.5,582
2026-04-01 07:17:00,6620.25,6620.75,6619.25,6620.25,295
2026-04-01 07:18:00,6620.25,6620.5,6618.75,6619.75,330
2026-04-01 07:19:00,6619.25,6622.75,6619.25,6622.5,712
2026-04-01 07:20:00,6622.5,6623.25,6620.75,6621.25,515
2026-04-01 07:21:00,6621.5,6622.75,6620.75,6621.5,391
2026-04-01 07:22:00,6621.75,6621.75,6618.75,6620.0,475
2026-04-01 07:23:00,6619.75,6621.25,6619.75,6620.75,206
2026-04-01 07:24:00,6620.5,6622.0,6619.5,6620.75,340
2026-04-01 07:25:00,6621.0,6623.5,6620.25,6623.25,413
2026-04-01 07:26:00,6623.0,6624.0,6621.75,6623.5,624
2026-04-01 07:27:00,6623.5,6623.5,6621.0,6622.0,321
2026-04-01 07:28:00,6622.0,6623.0,6620.0,6620.0,596
2026-04-01 07:29:00,6620.25,6621.5,6620.0,6620.75,499
2026-04-01 07:30:00,6620.5,6623.25,6619.75,6622.25,656
2026-04-01 07:31:00,6622.0,6623.25,6621.25,6622.25,545
2026-04-01 07:32:00,6622.5,6623.75,6621.75,6622.0,379
2026-04-01 07:33:00,6622.0,6623.0,6620.75,6621.5,331
2026-04-01 07:34:00,6621.75,6624.0,6621.0,6623.5,712
2026-04-01 07:35:00,6623.5,6625.75,6622.75,6624.25,1183
2026-04-01 07:36:00,6624.0,6626.25,6623.75,6624.0,481
2026-04-01 07:37:00,6624.25,6626.25,6623.0,6625.75,341
2026-04-01 07:38:00,6625.75,6627.75,6625.5,6627.25,784
2026-04-01 07:39:00,6627.5,6628.25,6626.25,6626.75,624
2026-04-01 07:40:00,6627.0,6627.5,6626.0,6626.75,306
2026-04-01 07:41:00,6626.5,6628.0,6626.25,6626.5,434
2026-04-01 07:42:00,6626.5,6627.25,6622.75,6623.0,790
2026-04-01 07:43:00,6623.0,6624.5,6622.25,6624.25,561
2026-04-01 07:44:00,6624.25,6626.0,6624.0,6624.75,508
2026-04-01 07:45:00,6625.0,6625.25,6623.0,6624.5,695
2026-04-01 07:46:00,6624.5,6625.5,6624.0,6624.25,647
2026-04-01 07:47:00,6624.5,6624.75,6622.5,6622.75,351
2026-04-01 07:48:00,6622.75,6624.75,6622.5,6624.25,406
2026-04-01 07:49:00,6624.25,6625.75,6622.25,6625.0,534
2026-04-01 07:50:00,6625.0,6626.25,6624.75,6625.5,275
2026-04-01 07:51:00,6625.75,6626.25,6624.75,6626.0,486
2026-04-01 07:52:00,6626.0,6628.25,6625.5,6628.25,387
2026-04-01 07:53:00,6628.25,6629.5,6626.75,6627.0,555
2026-04-01 07:54:00,6627.25,6627.75,6626.0,6627.5,364
2026-04-01 07:55:00,6627.75,6630.0,6627.25,6629.0,712
2026-04-01 07:56:00,6628.75,6629.75,6628.0,6628.0,374
2026-04-01 07:57:00,6628.0,6629.75,6626.75,6629.5,489
2026-04-01 07:58:00,6629.75,6630.75,6628.5,6628.75,409
2026-04-01 07:59:00,6628.75,6629.0,6627.25,6627.75,581
2026-04-01 08:00:00,6628.0,6628.25,6625.5,6628.25,719
2026-04-01 08:01:00,6628.0,6628.25,6626.0,6628.0,564
2026-04-01 08:02:00,6627.75,6628.0,6625.25,6626.25,597
2026-04-01 08:03:00,6626.5,6626.5,6623.5,6623.75,760
2026-04-01 08:04:00,6623.75,6626.0,6623.5,6624.5,629
2026-04-01 08:05:00,6624.75,6627.75,6624.75,6626.75,611
2026-04-01 08:06:00,6626.75,6628.5,6625.5,6627.25,531
2026-04-01 08:07:00,6627.25,6627.75,6625.25,6625.25,492
2026-04-01 08:08:00,6625.0,6625.75,6622.75,6623.25,716
2026-04-01 08:09:00,6623.25,6624.25,6622.25,6624.0,460
2026-04-01 08:10:00,6624.0,6624.25,6622.5,6623.0,488
2026-04-01 08:11:00,6623.0,6623.25,6621.25,6621.75,629
2026-04-01 08:12:00,6621.75,6622.25,6621.0,6621.25,493
2026-04-01 08:13:00,6621.25,6621.5,6620.0,6620.0,567
2026-04-01 08:14:00,6620.0,6621.0,6619.75,6620.75,447
2026-04-01 08:15:00,6620.75,6622.25,6620.25,6621.5,358
2026-04-01 08:16:00,6621.5,6623.0,6620.25,6621.5,449
2026-04-01 08:17:00,6621.5,6621.5,6619.25,6620.0,433
2026-04-01 08:18:00,6619.75,6621.25,6619.75,6621.0,330
2026-04-01 08:19:00,6621.0,6621.25,6620.0,6620.75,403
2026-04-01 08:20:00,6620.75,6621.0,6618.0,6619.5,642
2026-04-01 08:21:00,6619.5,6619.5,6616.0,6617.25,1052
2026-04-01 08:22:00,6616.75,6617.25,6613.75,6615.25,790
2026-04-01 08:23:00,6615.25,6617.5,6614.75,6616.5,1110
2026-04-01 08:24:00,6616.25,6616.5,6615.25,6615.75,443
2026-04-01 08:25:00,6615.75,6616.25,6615.0,6615.25,634
2026-04-01 08:26:00,6615.25,6615.25,6612.25,6613.25,969
2026-04-01 08:27:00,6613.25,6614.25,6610.5,6611.0,968
2026-04-01 08:28:00,6611.0,6615.25,6609.5,6615.25,1845
2026-04-01 08:29:00,6615.25,6616.5,6614.75,6615.25,852
2026-04-01 08:30:00,6615.75,6619.25,6613.5,6615.0,993
2026-04-01 08:31:00,6615.0,6615.0,6612.25,6613.5,454
2026-04-01 08:32:00,6613.5,6614.75,6612.75,6612.75,557
2026-04-01 08:33:00,6613.0,6614.5,6611.75,6612.25,486
2026-04-01 08:34:00,6611.75,6613.75,6611.5,6613.25,465
2026-04-01 08:35:00,6613.25,6615.25,6612.0,6614.25,538
2026-04-01 08:36:00,6614.25,6614.5,6610.0,6611.0,1012
2026-04-01 08:37:00,6610.75,6610.75,6605.5,6605.75,1585
2026-04-01 08:38:00,6605.75,6607.5,6604.25,6606.75,1020
2026-04-01 08:39:00,6606.75,6609.0,6606.25,6607.0,1346
2026-04-01 08:40:00,6607.25,6611.75,6606.25,6611.25,913
2026-04-01 08:41:00,6611.25,6611.25,6608.25,6609.0,516
2026-04-01 08:42:00,6609.0,6610.5,6607.75,6608.75,797
2026-04-01 08:43:00,6608.5,6609.0,6607.25,6608.0,543
2026-04-01 08:44:00,6607.75,6643.75,6606.5,6625.5,5777
2026-04-01 08:45:00,6625.0,6638.0,6604.75,6619.0,9832
2026-04-01 08:46:00,6618.75,6621.75,6609.5,6613.5,3894
2026-04-01 08:47:00,6613.0,6614.5,6608.75,6611.75,2557
2026-04-01 08:48:00,6612.0,6613.0,6602.0,6602.25,3474
2026-04-01 08:49:00,6602.25,6604.25,6597.5,6602.5,4638
2026-04-01 08:50:00,6602.25,6607.25,6599.75,6602.0,2697
2026-04-01 08:51:00,6602.0,6605.5,6596.75,6597.5,1862
2026-04-01 08:52:00,6597.5,6602.0,6597.5,6600.5,1720
2026-04-01 08:53:00,6600.25,6601.5,6597.0,6598.75,1693
2026-04-01 08:54:00,6598.5,6598.5,6594.25,6596.0,2038
2026-04-01 08:55:00,6596.25,6599.0,6593.25,6598.0,1729
2026-04-01 08:56:00,6598.0,6600.25,6595.75,6597.0,1473
2026-04-01 08:57:00,6597.25,6600.0,6595.5,6597.0,954
2026-04-01 08:58:00,6596.75,6597.75,6594.5,6594.75,925
2026-04-01 08:59:00,6594.5,6597.0,6593.25,6596.25,1811
2026-04-01 09:00:00,6596.25,6597.5,6594.25,6595.25,2107
2026-04-01 09:01:00,6595.25,6595.5,6591.5,6595.0,1985
2026-04-01 09:02:00,6595.5,6597.0,6593.25,6595.0,1183
2026-04-01 09:03:00,6594.75,6597.0,6594.25,6595.75,718
2026-04-01 09:04:00,6595.75,6596.0,6591.75,6593.5,1119
2026-04-01 09:05:00,6593.75,6594.25,6590.75,6592.25,1445
2026-04-01 09:06:00,6592.25,6592.5,6590.0,6590.25,1465
2026-04-01 09:07:00,6590.25,6594.0,6590.25,6592.75,1403
2026-04-01 09:08:00,6592.5,6593.5,6591.0,6592.75,1024
2026-04-01 09:09:00,6592.75,6594.25,6591.5,6594.25,741
2026-04-01 09:10:00,6594.25,6598.75,6593.5,6596.25,2944
2026-04-01 09:11:00,6596.25,6600.5,6594.75,6599.5,2854
2026-04-01 09:12:00,6599.75,6600.75,6596.5,6599.5,1864
2026-04-01 09:13:00,6599.5,6602.0,6599.25,6599.5,1856
2026-04-01 09:14:00,6599.5,6600.25,6596.25,6596.5,1313
2026-04-01 09:15:00,6596.25,6598.5,6595.75,6597.75,1274
2026-04-01 09:16:00,6597.5,6602.75,6597.25,6602.0,1462
2026-04-01 09:17:00,6602.25,6602.5,6600.75,6601.25,1190
2026-04-01 09:18:00,6601.25,6604.5,6600.5,6601.0,1945
2026-04-01 09:19:00,6601.0,6603.25,6600.0,6602.75,986
2026-04-01 09:20:00,6602.75,6603.5,6600.75,6602.25,881
2026-04-01 09:21:00,6602.5,6602.75,6596.25,6597.25,1096
2026-04-01 09:22:00,6597.25,6601.25,6595.0,6601.0,1317
2026-04-01 09:23:00,6601.0,6601.75,6599.75,6600.75,637
2026-04-01 09:24:00,6600.75,6602.0,6600.5,6601.25,538
2026-04-01 09:25:00,6601.25,6603.5,6598.0,6600.75,1449
2026-04-01 09:26:00,6600.75,6603.25,6599.75,6602.5,1090
2026-04-01 09:27:00,6602.5,6606.0,6602.25,6605.5,1457
2026-04-01 09:28:00,6605.5,6606.0,6603.75,6606.0,1378
2026-04-01 09:29:00,6605.75,6606.5,6604.25,6606.0,2214
2026-04-01 09:30:00,6606.25,6611.75,6605.0,6609.75,13025
2026-04-01 09:31:00,6609.5,6611.0,6602.5,6606.75,6971
2026-04-01 09:32:00,6607.0,6617.5,6606.75,6617.25,6960
2026-04-01 09:33:00,6617.25,6619.75,6614.75,6618.5,6220
2026-04-01 09:34:00,6618.5,6622.25,6616.75,6617.5,6745
2026-04-01 09:35:00,6617.5,6619.5,6613.25,6618.75,5087
2026-04-01 09:36:00,6618.75,6623.75,6617.75,6621.0,4620
2026-04-01 09:37:00,6620.75,6622.75,6618.25,6622.5,4024
2026-04-01 09:38:00,6622.5,6626.75,6622.5,6626.0,4758
2026-04-01 09:39:00,6626.0,6628.5,6624.25,6626.5,4778
2026-04-01 09:40:00,6626.5,6626.75,6620.0,6620.5,6549
2026-04-01 09:41:00,6620.25,6622.25,6617.75,6618.5,5034
2026-04-01 09:42:00,6618.5,6622.25,6606.75,6608.5,9639
2026-04-01 09:43:00,6608.25,6609.25,6601.25,6601.75,6985
2026-04-01 09:44:00,6601.75,6608.0,6601.25,6607.5,4781
2026-04-01 09:45:00,6607.5,6612.75,6605.0,6605.5,5764
2026-04-01 09:46:00,6605.25,6607.0,6603.25,6604.25,4642
2026-04-01 09:47:00,6604.25,6604.75,6599.0,6599.5,5199
2026-04-01 09:48:00,6599.75,6604.25,6598.0,6600.5,5611
2026-04-01 09:49:00,6600.5,6602.0,6598.0,6600.25,3573
2026-04-01 09:50:00,6600.25,6606.0,6598.0,6605.0,5730
2026-04-01 09:51:00,6605.0,6611.0,6604.5,6608.5,4931
2026-04-01 09:52:00,6608.5,6611.5,6605.0,6610.5,4548
2026-04-01 09:53:00,6610.5,6616.5,6610.0,6612.25,4793
2026-04-01 09:54:00,6612.25,6612.75,6606.75,6607.25,3911
2026-04-01 09:55:00,6607.5,6611.25,6604.5,6610.0,5041
2026-04-01 09:56:00,6609.75,6611.5,6605.5,6607.25,4304
2026-04-01 09:57:00,6607.25,6613.75,6606.25,6608.75,2897
2026-04-01 09:58:00,6608.75,6611.25,6607.5,6610.25,2943
2026-04-01 09:59:00,6610.0,6611.5,6606.75,6611.25,2087
2026-04-01 10:00:00,6611.25,6615.75,6606.75,6610.0,5694
2026-04-01 10:01:00,6609.75,6618.25,6609.5,6615.25,5778
2026-04-01 10:02:00,6615.0,6617.0,6613.25,6616.25,4013
2026-04-01 10:03:00,6616.25,6620.0,6614.25,6615.5,5156
2026-04-01 10:04:00,6615.5,6617.75,6612.0,6614.75,3686
2026-04-01 10:05:00,6614.75,6618.5,6614.0,6615.25,3585
2026-04-01 10:06:00,6615.25,6615.5,6607.5,6611.25,4039
2026-04-01 10:07:00,6611.25,6619.25,6610.5,6616.5,4341
2026-04-01 10:08:00,6616.5,6621.5,6615.25,6618.75,3634
2026-04-01 10:09:00,6618.75,6619.75,6613.75,6616.0,3406
2026-04-01 10:10:00,6616.0,6617.25,6610.75,6613.75,4341
2026-04-01 10:11:00,6613.5,6613.5,6608.0,6608.25,3292
2026-04-01 10:12:00,6608.0,6615.25,6607.75,6613.5,4668
2026-04-01 10:13:00,6613.5,6614.0,6609.5,6611.5,3277
2026-04-01 10:14:00,6611.25,6615.0,6610.5,6614.0,3210
2026-04-01 10:15:00,6614.0,6618.75,6613.25,6617.0,3625
2026-04-01 10:16:00,6617.25,6617.5,6612.75,6614.75,2953
2026-04-01 10:17:00,6614.5,6616.25,6610.5,6612.25,2886
2026-04-01 10:18:00,6612.0,6615.0,6611.75,6613.75,2231
2026-04-01 10:19:00,6613.5,6615.75,6610.5,6615.5,2515
2026-04-01 10:20:00,6615.5,6617.0,6611.0,6612.0,4871
2026-04-01 10:21:00,6612.25,6619.25,6611.75,6617.75,3569
2026-04-01 10:22:00,6617.75,6623.25,6616.75,6620.25,5736
2026-04-01 10:23:00,6620.25,6620.5,6616.0,6618.75,3208
2026-04-01 10:24:00,6619.0,6619.25,6610.25,6614.25,4508
2026-04-01 10:25:00,6614.25,6618.0,6612.75,6617.25,2635
2026-04-01 10:26:00,6617.5,6617.75,6611.5,6612.5,2885
2026-04-01 10:27:00,6612.25,6615.5,6611.75,6614.0,2516
2026-04-01 10:28:00,6613.75,6618.0,6613.75,6616.75,2723
2026-04-01 10:29:00,6617.0,6619.25,6616.25,6618.5,1796
2026-04-01 10:30:00,6618.5,6622.0,6617.5,6621.75,4026
2026-04-01 10:31:00,6621.75,6624.5,6620.75,6623.25,4494
2026-04-01 10:32:00,6623.0,6623.75,6618.5,6619.0,3185
2026-04-01 10:33:00,6619.0,6619.75,6612.0,6615.5,5460
2026-04-01 10:34:00,6615.5,6616.5,6612.25,6613.25,3760
2026-04-01 10:35:00,6613.25,6613.5,6608.5,6610.25,5297
2026-04-01 10:36:00,6610.25,6611.0,6604.75,6609.0,5752
2026-04-01 10:37:00,6608.75,6611.25,6606.25,6611.25,4418
2026-04-01 10:38:00,6611.0,6618.75,6610.5,6616.0,4726
2026-04-01 10:39:00,6616.0,6631.25,6615.75,6623.25,15769
2026-04-01 10:40:00,6623.25,6623.25,6613.25,6617.75,7677
2026-04-01 10:41:00,6617.75,6621.0,6616.25,6620.5,3399
2026-04-01 10:42:00,6620.5,6627.75,6620.0,6625.5,4548
2026-04-01 10:43:00,6625.5,6628.75,6622.5,6624.25,5294
2026-04-01 10:44:00,6624.25,6626.0,6622.25,6625.0,3055
2026-04-01 10:45:00,6625.0,6626.5,6622.25,6624.75,3232
2026-04-01 10:46:00,6624.5,6625.0,6618.25,6621.5,3348
2026-04-01 10:47:00,6621.75,6625.25,6620.25,6624.75,2949
2026-04-01 10:48:00,6624.75,6627.0,6624.5,6627.0,2619
2026-04-01 10:49:00,6627.0,6632.25,6626.5,6630.25,4221
2026-04-01 10:50:00,6630.25,6631.25,6628.75,6629.5,3282
2026-04-01 10:51:00,6629.5,6631.75,6625.75,6630.0,3836
2026-04-01 10:52:00,6630.0,6633.75,6630.0,6632.0,3620
2026-04-01 10:53:00,6631.75,6637.0,6631.75,6635.5,4993
2026-04-01 10:54:00,6635.5,6636.25,6633.0,6634.0,3157
2026-04-01 10:55:00,6633.75,6634.25,6630.75,6631.5,3003
2026-04-01 10:56:00,6631.25,6635.0,6630.0,6634.5,3247
2026-04-01 10:57:00,6634.5,6636.25,6633.25,6634.0,2578
2026-04-01 10:58:00,6634.25,6636.0,6633.0,6635.25,2063
2026-04-01 10:59:00,6635.25,6635.5,6631.75,6633.5,3376
2026-04-01 11:00:00,6633.5,6634.5,6631.5,6634.5,3097
2026-04-01 11:01:00,6634.5,6636.0,6633.25,6634.75,3073
2026-04-01 11:02:00,6635.0,6638.5,6634.75,6636.5,3607
2026-04-01 11:03:00,6636.75,6638.0,6634.75,6635.75,2531
2026-04-01 11:04:00,6636.0,6637.25,6633.75,6634.5,2399
2026-04-01 11:05:00,6634.5,6636.5,6632.25,6635.75,2805
2026-04-01 11:06:00,6635.75,6638.5,6632.5,6634.0,5056
2026-04-01 11:07:00,6634.25,6639.0,6633.75,6638.5,2571
2026-04-01 11:08:00,6638.25,6638.5,6636.5,6638.25,2176
2026-04-01 11:09:00,6638.25,6639.5,6638.0,6638.25,2204
2026-04-01 11:10:00,6638.5,6638.75,6634.5,6634.5,4152
2026-04-01 11:11:00,6634.75,6637.75,6633.75,6636.75,2806
2026-04-01 11:12:00,6636.5,6637.75,6634.5,6637.25,2019
2026-04-01 11:13:00,6637.5,6637.75,6635.0,6635.25,1499
2026-04-01 11:14:00,6635.5,6636.25,6633.75,6634.5,2688
2026-04-01 11:15:00,6634.75,6636.0,6633.25,6634.0,2577
2026-04-01 11:16:00,6634.25,6636.5,6634.0,6635.5,1977
2026-04-01 11:17:00,6635.75,6636.5,6633.5,6634.25,1536
2026-04-01 11:18:00,6634.25,6637.25,6634.0,6637.0,2214
2026-04-01 11:19:00,6637.25,6638.25,6636.5,6638.0,2174
2026-04-01 11:20:00,6638.0,6638.5,6636.75,6637.25,1966
2026-04-01 11:21:00,6637.0,6639.0,6634.5,6635.0,2202
2026-04-01 11:22:00,6635.25,6638.5,6635.0,6637.75,2061
2026-04-01 11:23:00,6637.75,6639.0,6637.5,6637.5,2010
2026-04-01 11:24:00,6637.75,6637.75,6633.5,6635.0,3488
2026-04-01 11:25:00,6635.5,6636.0,6634.0,6635.5,2414
2026-04-01 11:26:00,6635.75,6638.25,6635.5,6637.0,3305
2026-04-01 11:27:00,6637.25,6637.25,6633.25,6634.25,2951
2026-04-01 11:28:00,6634.5,6637.0,6632.25,6635.25,3105
2026-04-01 11:29:00,6635.5,6635.5,6631.75,6631.75,3894
2026-04-01 11:30:00,6632.0,6632.25,6627.25,6628.75,6695
2026-04-01 11:31:00,6628.75,6635.0,6628.75,6634.25,4198
2026-04-01 11:32:00,6634.0,6635.0,6631.5,6633.25,3564
2026-04-01 11:33:00,6633.5,6633.5,6631.25,6632.25,2546
2026-04-01 11:34:00,6632.5,6633.75,6630.5,6633.25,3028
2026-04-01 11:35:00,6633.25,6638.25,6633.0,6636.5,5200
2026-04-01 11:36:00,6636.75,6640.0,6635.75,6639.5,3250
2026-04-01 11:37:00,6639.5,6642.0,6637.25,6638.25,4663
2026-04-01 11:38:00,6638.0,6638.25,6636.0,6637.75,2786
2026-04-01 11:39:00,6637.5,6639.5,6637.0,6639.25,1787
2026-04-01 11:40:00,6639.25,6639.5,6635.0,6635.5,1980
2026-04-01 11:41:00,6635.75,6637.75,6635.75,6635.75,1437
2026-04-01 11:42:00,6636.0,6638.75,6636.0,6638.0,1416
2026-04-01 11:43:00,6638.25,6640.0,6637.5,6639.75,1437
2026-04-01 11:44:00,6640.0,6641.25,6639.25,6640.5,1806
2026-04-01 11:45:00,6640.5,6643.25,6640.25,6640.75,2687
2026-04-01 11:46:00,6640.75,6641.75,6639.0,6639.0,1988
2026-04-01 11:47:00,6639.25,6642.0,6638.25,6641.5,2596
2026-04-01 11:48:00,6641.5,6641.75,6639.75,6640.25,1237
2026-04-01 11:49:00,6640.25,6641.75,6639.75,6640.25,1105
2026-04-01 11:50:00,6640.5,6642.25,6639.25,6640.0,1820
2026-04-01 11:51:00,6640.0,6642.0,6639.0,6641.0,1521
2026-04-01 11:52:00,6641.0,6642.75,6641.0,6641.5,1619
2026-04-01 11:53:00,6641.75,6644.75,6641.5,6643.75,2597
2026-04-01 11:54:00,6644.0,6644.25,6642.75,6643.25,1419
2026-04-01 11:55:00,6643.25,6645.25,6643.0,6644.75,2695
2026-04-01 11:56:00,6645.0,6648.75,6645.0,6647.0,5517
2026-04-01 11:57:00,6647.0,6648.75,6646.75,6648.0,2648
2026-04-01 11:58:00,6647.75,6649.75,6647.75,6649.0,3151
2026-04-01 11:59:00,6649.0,6649.0,6646.5,6647.0,2919
2026-04-01 12:00:00,6647.0,6648.0,6646.25,6646.5,2424
2026-04-01 12:01:00,6646.75,6648.0,6646.25,6648.0,1954
2026-04-01 12:02:00,6648.0,6648.75,6647.0,6647.25,2093
2026-04-01 12:03:00,6647.0,6647.25,6645.0,6645.0,2461
2026-04-01 12:04:00,6645.25,6647.75,6644.5,6647.75,2453
2026-04-01 12:05:00,6647.75,6648.75,6647.5,6648.25,1988
2026-04-01 12:06:00,6648.5,6649.5,6647.5,6647.75,2374
2026-04-01 12:07:00,6647.75,6649.25,6645.5,6645.75,2899
2026-04-01 12:08:00,6645.75,6647.0,6645.0,6646.25,1770
2026-04-01 12:09:00,6646.5,6648.75,6646.25,6648.25,1914
2026-04-01 12:10:00,6648.5,6648.75,6647.0,6648.0,1539
2026-04-01 12:11:00,6648.0,6648.25,6644.0,6645.25,5593
2026-04-01 12:12:00,6645.25,6645.25,6642.75,6644.25,3157
2026-04-01 12:13:00,6644.5,6646.5,6644.25,6645.75,2320
2026-04-01 12:14:00,6645.75,6645.75,6643.0,6643.75,2417
2026-04-01 12:15:00,6644.0,6646.0,6642.75,6645.5,2121
2026-04-01 12:16:00,6645.5,6645.5,6642.25,6643.25,2853
2026-04-01 12:17:00,6643.25,6643.75,6642.25,6643.0,2268
2026-04-01 12:18:00,6643.0,6645.75,6642.0,6645.5,3054
2026-04-01 12:19:00,6645.5,6647.5,6645.5,6646.75,2487
2026-04-01 12:20:00,6646.75,6646.75,6644.0,6644.25,1794
2026-04-01 12:21:00,6644.25,6644.75,6643.5,6643.75,1695
2026-04-01 12:22:00,6643.75,6644.5,6642.75,6643.75,1846
2026-04-01 12:23:00,6643.5,6645.0,6643.0,6644.25,1966
2026-04-01 12:24:00,6644.25,6644.75,6642.25,6642.25,1794
2026-04-01 12:25:00,6642.5,6643.0,6641.25,6642.0,2287
2026-04-01 12:26:00,6642.0,6642.75,6641.25,6641.5,1684
2026-04-01 12:27:00,6641.75,6643.25,6640.5,6643.0,2447
2026-04-01 12:28:00,6642.75,6643.75,6640.5,6641.0,2094
2026-04-01 12:29:00,6640.75,6641.0,6639.0,6640.0,3005
2026-04-01 12:30:00,6640.0,6640.5,6638.75,6640.25,2328
2026-04-01 12:31:00,6640.25,6640.5,6637.0,6637.0,3908
2026-04-01 12:32:00,6637.0,6640.0,6636.25,6638.5,2861
2026-04-01 12:33:00,6638.5,6640.5,6637.75,6639.75,2324
2026-04-01 12:34:00,6640.0,6642.5,6639.75,6642.5,2065
2026-04-01 12:35:00,6642.25,6644.75,6642.25,6644.0,2465
2026-04-01 12:36:00,6644.0,6645.5,6643.5,6645.5,1524
2026-04-01 12:37:00,6645.5,6645.5,6644.0,6644.75,1288
2026-04-01 12:38:00,6644.5,6645.5,6643.75,6645.0,1064
2026-04-01 12:39:00,6645.0,6645.0,6643.5,6644.0,1075
2026-04-01 12:40:00,6643.75,6645.0,6643.5,6644.5,1238
2026-04-01 12:41:00,6644.25,6645.0,6643.75,6644.25,1018
2026-04-01 12:42:00,6644.25,6646.0,6643.25,6645.75,1632
2026-04-01 12:43:00,6645.75,6647.0,6644.75,6645.75,1521
2026-04-01 12:44:00,6645.75,6647.25,6645.75,6647.0,1478
2026-04-01 12:45:00,6646.75,6647.5,6645.75,6645.75,1320
2026-04-01 12:46:00,6645.75,6645.75,6644.0,6645.25,2019
2026-04-01 12:47:00,6645.25,6647.25,6645.25,6647.0,938
2026-04-01 12:48:00,6646.75,6646.75,6645.0,6645.0,1129
2026-04-01 12:49:00,6645.0,6646.0,6644.5,6645.5,1386
2026-04-01 12:50:00,6645.5,6646.75,6645.5,6646.25,996
2026-04-01 12:51:00,6646.0,6646.75,6645.0,6645.75,1007
2026-04-01 12:52:00,6646.0,6646.5,6645.25,6646.0,875
2026-04-01 12:53:00,6645.75,6647.5,6645.75,6646.25,1331
2026-04-01 12:54:00,6646.25,6647.25,6646.0,6646.5,763
2026-04-01 12:55:00,6646.25,6646.25,6644.5,6645.0,1081
2026-04-01 12:56:00,6645.0,6647.25,6644.75,6647.0,857
2026-04-01 12:57:00,6647.0,6648.0,6646.75,6647.5,1085
2026-04-01 12:58:00,6647.5,6647.75,6646.75,6646.75,1048
2026-04-01 12:59:00,6647.0,6647.0,6646.0,6646.0,737
2026-04-01 13:00:00,6646.25,6646.75,6645.0,6646.0,1518
2026-04-01 13:01:00,6646.0,6647.0,6645.75,6646.75,1120
2026-04-01 13:02:00,6646.75,6647.5,6646.25,6646.75,1155
2026-04-01 13:03:00,6647.0,6651.25,6646.5,6650.25,3659
2026-04-01 13:04:00,6650.5,6652.25,6649.5,6651.25,3482
2026-04-01 13:05:00,6651.25,6652.25,6650.5,6652.0,2467
2026-04-01 13:06:00,6652.0,6653.25,6650.5,6650.75,2664
2026-04-01 13:07:00,6651.0,6652.0,6650.5,6651.75,1947
2026-04-01 13:08:00,6651.75,6652.75,6651.0,6652.0,1627
2026-04-01 13:09:00,6652.25,6652.5,6651.0,6651.5,1441
2026-04-01 13:10:00,6651.5,6653.25,6651.25,6652.5,1230
2026-04-01 13:11:00,6652.5,6652.75,6651.0,6651.75,1170
2026-04-01 13:12:00,6651.75,6652.0,6651.0,6651.25,1614
2026-04-01 13:13:00,6651.25,6652.5,6650.5,6651.5,1339
2026-04-01 13:14:00,6651.5,6652.25,6651.25,6652.0,1095
2026-04-01 13:15:00,6652.0,6652.75,6651.75,6652.0,993
2026-04-01 13:16:00,6652.0,6652.25,6650.25,6650.75,1508
2026-04-01 13:17:00,6650.75,6651.75,6650.5,6651.25,1164
2026-04-01 13:18:00,6651.25,6651.5,6649.75,6650.75,1437
2026-04-01 13:19:00,6650.75,6651.75,6650.0,6651.5,1219
2026-04-01 13:20:00,6651.75,6653.75,6651.5,6652.5,2158
2026-04-01 13:21:00,6652.5,6653.0,6651.5,6652.25,2081
2026-04-01 13:22:00,6652.5,6653.0,6650.75,6651.5,1694
2026-04-01 13:23:00,6651.5,6652.0,6650.5,6652.0,1839
2026-04-01 13:24:00,6652.0,6653.5,6651.25,6652.75,1399
2026-04-01 13:25:00,6652.75,6653.0,6651.75,6652.25,828
2026-04-01 13:26:00,6652.25,6653.0,6651.75,6651.75,903
2026-04-01 13:27:00,6652.0,6652.5,6650.5,6652.0,1384
2026-04-01 13:28:00,6652.25,6652.5,6651.25,6651.75,1138
2026-04-01 13:29:00,6651.75,6652.0,6651.25,6651.25,1028
2026-04-01 13:30:00,6651.25,6652.75,6649.75,6650.5,2736
2026-04-01 13:31:00,6650.5,6652.0,6650.5,6652.0,1139
2026-04-01 13:32:00,6652.0,6652.0,6648.75,6649.5,1895
2026-04-01 13:33:00,6649.25,6649.75,6648.25,6649.0,1755
2026-04-01 13:34:00,6648.75,6650.0,6647.0,6647.75,2168
2026-04-01 13:35:00,6647.5,6648.25,6646.25,6647.25,2012
2026-04-01 13:36:00,6647.5,6649.5,6647.25,6647.5,1852
2026-04-01 13:37:00,6647.5,6647.5,6646.0,6647.0,1409
2026-04-01 13:38:00,6647.0,6648.75,6646.75,6648.5,1050
2026-04-01 13:39:00,6648.25,6650.5,6647.75,6649.0,1590
2026-04-01 13:40:00,6649.0,6650.75,6648.5,6649.5,1361
2026-04-01 13:41:00,6649.5,6650.5,6648.5,6649.0,1032
2026-04-01 13:42:00,6649.0,6650.25,6648.75,6649.25,1065
2026-04-01 13:43:00,6649.25,6649.25,6646.5,6646.75,2084
2026-04-01 13:44:00,6646.75,6647.25,6645.5,6647.25,1453
2026-04-01 13:45:00,6647.0,6648.5,6647.0,6647.5,1417
2026-04-01 13:46:00,6647.5,6648.25,6646.0,6646.25,993
2026-04-01 13:47:00,6646.5,6647.5,6646.0,6646.75,1243
2026-04-01 13:48:00,6647.0,6647.5,6645.5,6645.5,1192
2026-04-01 13:49:00,6645.5,6645.75,6643.5,6644.5,2267
2026-04-01 13:50:00,6644.5,6645.75,6643.25,6644.25,2130
2026-04-01 13:51:00,6644.0,6646.0,6643.25,6643.5,1742
2026-04-01 13:52:00,6643.75,6644.25,6642.25,6643.75,2073
2026-04-01 13:53:00,6644.0,6645.25,6643.5,6643.75,1609
2026-04-01 13:54:00,6643.75,6645.5,6643.25,6643.5,1721
2026-04-01 13:55:00,6643.75,6644.5,6643.5,6644.0,889
2026-04-01 13:56:00,6644.0,6644.0,6641.0,6642.5,1985
2026-04-01 13:57:00,6642.5,6642.5,6639.0,6639.0,3105
2026-04-01 13:58:00,6639.0,6639.75,6635.75,6636.5,4300
2026-04-01 13:59:00,6636.5,6638.0,6635.5,6635.75,3545
2026-04-01 14:00:00,6635.75,6637.25,6633.0,6633.5,4341
2026-04-01 14:01:00,6633.75,6635.25,6632.25,6632.5,3685
2026-04-01 14:02:00,6632.5,6632.75,6626.5,6629.25,7878
2026-04-01 14:03:00,6629.25,6630.0,6626.0,6626.5,4976
2026-04-01 14:04:00,6626.5,6628.75,6624.25,6627.25,5284
2026-04-01 14:05:00,6627.25,6632.0,6627.0,6629.75,5548
2026-04-01 14:06:00,6630.0,6630.75,6628.0,6628.75,3688
2026-04-01 14:07:00,6628.75,6630.0,6626.25,6627.25,2978
2026-04-01 14:08:00,6627.25,6629.0,6627.0,6627.0,2358
2026-04-01 14:09:00,6627.0,6629.75,6626.25,6629.0,2767
2026-04-01 14:10:00,6628.75,6631.25,6628.5,6629.25,2804
2026-04-01 14:11:00,6629.5,6631.75,6629.0,6630.0,2823
2026-04-01 14:12:00,6629.75,6630.25,6628.5,6629.25,1637
2026-04-01 14:13:00,6629.25,6629.25,6626.75,6626.75,2018
2026-04-01 14:14:00,6626.75,6628.25,6626.25,6626.5,1785
2026-04-01 14:15:00,6626.5,6626.75,6624.5,6625.25,3373
2026-04-01 14:16:00,6625.25,6625.75,6621.25,6622.5,3501
2026-04-01 14:17:00,6622.75,6623.5,6618.75,6619.5,4307
2026-04-01 14:18:00,6619.75,6619.75,6615.5,6616.5,5151
2026-04-01 14:19:00,6616.25,6617.75,6612.75,6617.5,5932
2026-04-01 14:20:00,6617.5,6620.0,6614.25,6614.75,4972
2026-04-01 14:21:00,6614.75,6615.75,6613.0,6613.0,3396
2026-04-01 14:22:00,6613.0,6615.5,6613.0,6613.5,3544
2026-04-01 14:23:00,6613.25,6615.25,6611.75,6612.25,3793
2026-04-01 14:24:00,6612.5,6613.0,6606.5,6608.75,5590
2026-04-01 14:25:00,6609.0,6611.25,6605.75,6610.25,5560
2026-04-01 14:26:00,6610.5,6614.25,6610.0,6612.0,4867
2026-04-01 14:27:00,6612.25,6615.5,6612.0,6612.25,3377
2026-04-01 14:28:00,6612.5,6614.5,6610.75,6611.0,3366
2026-04-01 14:29:00,6611.25,6611.25,6609.0,6609.75,2368
2026-04-01 14:30:00,6609.75,6612.25,6609.0,6611.5,3381
2026-04-01 14:31:00,6611.5,6612.5,6609.75,6611.25,2427
2026-04-01 14:32:00,6611.25,6613.0,6608.5,6609.5,2801
2026-04-01 14:33:00,6609.5,6609.75,6607.25,6608.75,4421
2026-04-01 14:34:00,6608.5,6608.5,6606.5,6607.5,2020
2026-04-01 14:35:00,6607.5,6607.75,6604.25,6605.0,3003
2026-04-01 14:36:00,6605.25,6608.25,6604.0,6608.0,2955
2026-04-01 14:37:00,6608.0,6609.5,6604.25,6604.5,3940
2026-04-01 14:38:00,6604.5,6607.5,6604.25,6606.25,2324
2026-04-01 14:39:00,6606.0,6615.25,6606.0,6612.25,7061
2026-04-01 14:40:00,6612.0,6619.5,6611.75,6617.5,6087
2026-04-01 14:41:00,6617.5,6622.25,6617.0,6618.5,4747
2026-04-01 14:42:00,6618.5,6620.0,6617.75,6618.25,2400
2026-04-01 14:43:00,6618.5,6618.5,6615.0,6617.5,2905
2026-04-01 14:44:00,6617.5,6617.5,6614.5,6616.0,2467
2026-04-01 14:45:00,6616.0,6617.5,6613.0,6613.5,3121
2026-04-01 14:46:00,6613.75,6614.25,6610.5,6611.0,2756
2026-04-01 14:47:00,6611.25,6615.75,6611.25,6615.25,2320
2026-04-01 14:48:00,6615.25,6617.25,6614.0,6614.0,2341
2026-04-01 14:49:00,6614.25,6614.75,6613.0,6614.0,2170
2026-04-01 14:50:00,6614.0,6615.5,6611.75,6612.5,2555
2026-04-01 14:51:00,6612.25,6612.25,6609.0,6611.5,2661
2026-04-01 14:52:00,6611.5,6612.25,6610.5,6611.75,1892
2026-04-01 14:53:00,6611.75,6615.5,6611.25,6613.0,3153
2026-04-01 14:54:00,6613.0,6614.5,6612.75,6613.25,1580
2026-04-01 14:55:00,6613.25,6613.75,6610.0,6611.25,1967
2026-04-01 14:56:00,6611.25,6613.0,6609.5,6611.25,1967
2026-04-01 14:57:00,6611.0,6612.75,6609.5,6612.25,1429
2026-04-01 14:58:00,6612.0,6612.0,6609.0,6611.25,1768
2026-04-01 14:59:00,6611.25,6612.0,6610.0,6611.5,1768
2026-04-01 15:00:00,6611.5,6615.0,6610.0,6614.25,3411
2026-04-01 15:01:00,6614.0,6617.75,6614.0,6615.75,3575
2026-04-01 15:02:00,6615.75,6618.5,6615.5,6615.5,2428
2026-04-01 15:03:00,6615.25,6615.75,6613.75,6615.75,1902
2026-04-01 15:04:00,6615.5,6616.75,6615.0,6615.75,1543
2026-04-01 15:05:00,6615.75,6619.75,6615.75,6619.25,2419
2026-04-01 15:06:00,6619.0,6621.5,6618.0,6619.25,2702
2026-04-01 15:07:00,6619.25,6620.75,6618.5,6619.75,1572
2026-04-01 15:08:00,6619.5,6621.5,6617.5,6618.25,2350
2026-04-01 15:09:00,6618.25,6620.25,6618.25,6619.5,1556
2026-04-01 15:10:00,6619.25,6619.5,6616.75,6618.5,2045
2026-04-01 15:11:00,6618.5,6619.25,6615.5,6616.0,2073
2026-04-01 15:12:00,6616.0,6618.75,6616.0,6616.75,1811
2026-04-01 15:13:00,6616.75,6619.75,6616.75,6619.5,1621
2026-04-01 15:14:00,6619.25,6620.25,6618.5,6619.25,1756
2026-04-01 15:15:00,6619.25,6621.25,6619.0,6619.75,1972
2026-04-01 15:16:00,6619.75,6621.25,6618.5,6619.25,1868
2026-04-01 15:17:00,6619.25,6620.0,6617.0,6619.0,1702
2026-04-01 15:18:00,6618.75,6622.0,6618.0,6620.5,1964
2026-04-01 15:19:00,6620.25,6623.75,6620.25,6623.25,2499
2026-04-01 15:20:00,6623.25,6625.0,6622.5,6623.25,2834
2026-04-01 15:21:00,6623.0,6624.25,6620.0,6620.75,2166
2026-04-01 15:22:00,6620.5,6623.25,6620.5,6622.5,1277
2026-04-01 15:23:00,6622.5,6624.0,6622.5,6623.75,1390
2026-04-01 15:24:00,6623.5,6625.0,6623.25,6624.25,2450
2026-04-01 15:25:00,6624.25,6628.25,6624.25,6627.0,3298
2026-04-01 15:26:00,6627.0,6629.5,6627.0,6629.5,2753
2026-04-01 15:27:00,6629.25,6631.0,6628.75,6629.75,3384
2026-04-01 15:28:00,6629.75,6630.0,6628.25,6628.5,2606
2026-04-01 15:29:00,6628.5,6629.0,6627.25,6628.25,2302
2026-04-01 15:30:00,6628.25,6630.75,6627.25,6629.25,2674
2026-04-01 15:31:00,6629.5,6630.25,6628.0,6628.5,2133
2026-04-01 15:32:00,6628.25,6629.0,6625.0,6625.25,3063
2026-04-01 15:33:00,6625.25,6625.75,6624.0,6625.0,3057
2026-04-01 15:34:00,6625.25,6628.0,6624.75,6627.5,2383
2026-04-01 15:35:00,6627.75,6628.5,6624.75,6625.0,3328
2026-04-01 15:36:00,6625.0,6629.75,6624.75,6629.0,3211
2026-04-01 15:37:00,6629.25,6630.5,6627.75,6630.0,2382
2026-04-01 15:38:00,6630.0,6630.0,6626.25,6628.0,2425
2026-04-01 15:39:00,6628.25,6631.0,6628.0,6629.25,2413
2026-04-01 15:40:00,6629.5,6632.0,6629.0,6631.75,2561
2026-04-01 15:41:00,6631.5,6634.75,6630.5,6632.0,3983
2026-04-01 15:42:00,6632.0,6633.0,6630.25,6630.5,2663
2026-04-01 15:43:00,6630.5,6631.75,6630.0,6631.25,1652
2026-04-01 15:44:00,6631.25,6631.75,6628.25,6628.5,3052
2026-04-01 15:45:00,6628.5,6630.5,6627.5,6629.0,3201
2026-04-01 15:46:00,6629.0,6630.75,6626.0,6626.75,3231
2026-04-01 15:47:00,6627.0,6629.0,6626.5,6627.0,2703
2026-04-01 15:48:00,6626.75,6629.75,6626.5,6629.25,2751
2026-04-01 15:49:00,6629.25,6629.5,6626.25,6627.25,3918
2026-04-01 15:50:00,6626.75,6628.25,6619.25,6620.5,13935
2026-04-01 15:51:00,6620.25,6622.75,6618.75,6621.5,5787
2026-04-01 15:52:00,6621.25,6623.25,6618.5,6619.25,6483
2026-04-01 15:53:00,6619.5,6620.25,6617.25,6619.5,5140
2026-04-01 15:54:00,6619.5,6622.5,6618.5,6619.5,6099
2026-04-01 15:55:00,6619.5,6619.75,6615.75,6617.25,8097
2026-04-01 15:56:00,6617.5,6620.75,6616.5,6618.0,7987
2026-04-01 15:57:00,6618.0,6620.0,6617.0,6619.5,6720
2026-04-01 15:58:00,6619.5,6622.0,6619.25,6621.0,9319
2026-04-01 15:59:00,6621.0,6622.75,6614.5,6619.5,73060
2026-04-01 16:00:00,6619.5,6623.75,6619.0,6620.5,18322
2026-04-01 16:01:00,6620.5,6620.75,6616.0,6618.0,4934
2026-04-01 16:02:00,6617.75,6619.5,6617.5,6618.5,2214
2026-04-01 16:03:00,6618.75,6620.0,6618.25,6618.25,1573
2026-04-01 16:04:00,6618.25,6619.0,6617.75,6618.5,1272
2026-04-01 16:05:00,6618.5,6619.5,6617.5,6618.75,996
2026-04-01 16:06:00,6618.5,6620.0,6618.5,6619.25,1371
2026-04-01 16:07:00,6619.25,6620.0,6619.0,6619.75,1124
2026-04-01 16:08:00,6619.75,6620.75,6619.25,6620.0,743
2026-04-01 16:09:00,6620.0,6620.25,6618.25,6619.0,809
2026-04-01 16:10:00,6619.25,6623.0,6618.75,6622.5,2098
2026-04-01 16:11:00,6622.25,6623.0,6620.25,6620.75,1374
2026-04-01 16:12:00,6621.0,6623.25,6620.75,6623.25,678
2026-04-01 16:13:00,6623.0,6623.25,6622.0,6622.5,856
2026-04-01 16:14:00,6622.5,6622.75,6621.5,6622.25,870
2026-04-01 16:15:00,6622.25,6622.25,6620.0,6620.25,820
2026-04-01 16:16:00,6620.25,6621.0,6619.5,6621.0,666
2026-04-01 16:17:00,6621.0,6622.75,6620.75,6622.25,573
2026-04-01 16:18:00,6622.25,6622.5,6621.5,6622.5,355
2026-04-01 16:19:00,6622.5,6622.75,6622.0,6622.25,237
2026-04-01 16:20:00,6622.25,6622.5,6620.75,6621.0,243
2026-04-01 16:21:00,6621.0,6621.25,6620.25,6620.75,367
2026-04-01 16:22:00,6620.75,6621.75,6620.5,6621.5,218
2026-04-01 16:23:00,6621.25,6621.5,6620.75,6620.75,156
2026-04-01 16:24:00,6620.75,6620.75,6618.75,6619.5,539
2026-04-01 16:25:00,6619.5,6619.5,6617.25,6618.0,609
2026-04-01 16:26:00,6618.0,6618.75,6617.5,6618.5,482
2026-04-01 16:27:00,6618.5,6618.75,6617.75,6618.5,397
2026-04-01 16:28:00,6618.25,6618.25,6617.0,6617.25,336
2026-04-01 16:29:00,6617.25,6617.5,6616.5,6617.5,410
2026-04-01 16:30:00,6617.5,6618.5,6617.5,6618.25,205
2026-04-01 16:31:00,6618.25,6618.5,6617.5,6618.0,197
2026-04-01 16:32:00,6617.75,6618.75,6617.75,6618.5,158
2026-04-01 16:33:00,6618.75,6620.0,6618.75,6619.5,493
2026-04-01 16:34:00,6619.5,6620.75,6619.25,6620.0,399
2026-04-01 16:35:00,6620.0,6620.75,6619.75,6620.75,509
2026-04-01 16:36:00,6620.5,6621.5,6620.25,6620.75,364
2026-04-01 16:37:00,6621.0,6621.0,6620.0,6620.5,262
2026-04-01 16:38:00,6620.25,6620.5,6620.25,6620.25,116
2026-04-01 16:39:00,6620.25,6621.5,6620.25,6621.0,247
2026-04-01 16:40:00,6621.0,6621.25,6620.5,6621.25,161
2026-04-01 16:41:00,6621.0,6621.0,6620.25,6620.25,134
2026-04-01 16:42:00,6620.5,6620.5,6619.75,6620.0,200
2026-04-01 16:43:00,6620.0,6620.75,6619.75,6620.0,352
2026-04-01 16:44:00,6620.0,6620.0,6619.5,6619.5,254
2026-04-01 16:45:00,6619.75,6620.0,6619.25,6620.0,211
2026-04-01 16:46:00,6620.25,6621.0,6619.5,6619.75,480
2026-04-01 16:47:00,6619.75,6620.75,6619.75,6620.75,256
2026-04-01 16:48:00,6620.75,6621.25,6620.25,6620.75,319
2026-04-01 16:49:00,6620.5,6620.5,6620.0,6620.0,229
2026-04-01 16:50:00,6620.0,6620.5,6619.5,6619.75,251
2026-04-01 16:51:00,6619.75,6619.75,6618.75,6619.0,293
2026-04-01 16:52:00,6619.25,6619.75,6619.0,6619.5,248
2026-04-01 16:53:00,6619.25,6620.0,6618.75,6619.75,360
2026-04-01 16:54:00,6619.5,6621.0,6619.5,6620.0,315
2026-04-01 16:55:00,6620.25,6621.25,6619.75,6620.0,311
2026-04-01 16:56:00,6620.0,6620.5,6619.25,6619.75,212
2026-04-01 16:57:00,6619.75,6619.75,6618.75,6619.25,238
2026-04-01 16:58:00,6619.0,6619.5,6618.25,6618.5,170
2026-04-01 16:59:00,6618.25,6618.5,6617.0,6617.25,330
2026-04-01 18:00:00,6618.5,6618.5,6614.5,6615.0,413
2026-04-01 18:01:00,6615.25,6617.5,6615.0,6617.0,221
2026-04-01 18:02:00,6616.75,6618.75,6616.5,6617.75,136
2026-04-01 18:03:00,6617.5,6618.75,6616.75,6618.5,149
2026-04-01 18:04:00,6618.25,6622.25,6618.0,6619.75,471
2026-04-01 18:05:00,6620.0,6620.25,6618.25,6618.75,182
2026-04-01 18:06:00,6618.5,6618.75,6616.5,6616.75,216
2026-04-01 18:07:00,6617.0,6617.25,6616.5,6617.0,80
2026-04-01 18:08:00,6616.75,6619.0,6616.75,6618.75,146
2026-04-01 18:09:00,6618.5,6619.5,6618.0,6619.5,61
2026-04-01 18:10:00,6619.0,6619.25,6617.25,6617.25,88
2026-04-01 18:11:00,6617.75,6618.0,6616.0,6616.5,165
2026-04-01 18:12:00,6616.25,6616.25,6615.5,6616.0,90
2026-04-01 18:13:00,6616.0,6616.0,6614.0,6615.5,242
2026-04-01 18:14:00,6615.5,6617.75,6614.75,6617.25,157
2026-04-01 18:15:00,6617.25,6617.25,6614.5,6615.25,95
2026-04-01 18:16:00,6615.0,6617.0,6614.75,6616.75,76
2026-04-01 18:17:00,6617.0,6617.25,6616.25,6616.5,33
2026-04-01 18:18:00,6616.75,6617.0,6615.5,6615.5,84
2026-04-01 18:19:00,6615.75,6616.0,6614.5,6614.75,120
2026-04-01 18:20:00,6615.0,6615.0,6613.25,6614.75,179
2026-04-01 18:21:00,6614.5,6615.5,6614.5,6615.25,69
2026-04-01 18:22:00,6615.25,6617.0,6615.0,6617.0,109
2026-04-01 18:23:00,6617.0,6618.5,6617.0,6617.25,162
2026-04-01 18:24:00,6617.25,6617.25,6615.75,6616.0,69
2026-04-01 18:25:00,6615.75,6617.0,6615.75,6616.5,36
2026-04-01 18:26:00,6616.5,6616.75,6615.75,6616.25,46
2026-04-01 18:27:00,6616.25,6617.5,6616.25,6617.5,63
2026-04-01 18:28:00,6617.0,6617.25,6615.5,6616.5,93
2026-04-01 18:29:00,6616.75,6617.75,6616.5,6617.75,94
2026-04-01 18:30:00,6617.5,6617.5,6615.75,6615.75,71
2026-04-01 18:31:00,6616.0,6616.5,6615.75,6615.75,57
2026-04-01 18:32:00,6615.75,6616.5,6615.75,6616.0,38
2026-04-01 18:33:00,6615.75,6616.75,6615.5,6616.25,49
2026-04-01 18:34:00,6616.25,6617.5,6616.0,6616.75,137
2026-04-01 18:35:00,6616.75,6617.5,6616.25,6617.25,72
2026-04-01 18:36:00,6617.0,6617.0,6616.25,6617.0,66
2026-04-01 18:37:00,6617.0,6617.0,6616.25,6616.75,21
2026-04-01 18:38:00,6616.75,6617.25,6616.75,6617.0,26
2026-04-01 18:39:00,6617.25,6617.25,6617.0,6617.25,24
2026-04-01 18:40:00,6617.5,6618.5,6617.5,6618.0,75
2026-04-01 18:41:00,6617.5,6618.25,6617.0,6618.25,57
2026-04-01 18:42:00,6618.5,6619.0,6617.25,6617.25,107
2026-04-01 18:43:00,6618.0,6618.25,6617.5,6618.0,29
2026-04-01 18:44:00,6618.25,6618.5,6617.75,6618.25,36
2026-04-01 18:45:00,6618.0,6618.0,6616.5,6616.5,47
2026-04-01 18:46:00,6616.75,6617.5,6616.5,6617.0,64
2026-04-01 18:47:00,6617.0,6618.0,6615.75,6617.5,74
2026-04-01 18:48:00,6617.5,6618.5,6617.5,6618.25,35
2026-04-01 18:49:00,6618.5,6619.0,6615.75,6615.75,131
2026-04-01 18:50:00,6615.75,6616.5,6615.75,6616.25,86
2026-04-01 18:51:00,6616.0,6616.25,6612.25,6612.75,474
2026-04-01 18:52:00,6612.75,6614.5,6610.5,6612.5,515
2026-04-01 18:53:00,6612.75,6613.0,6611.25,6611.75,139
2026-04-01 18:54:00,6611.75,6612.0,6610.5,6611.75,150
2026-04-01 18:55:00,6612.0,6612.5,6611.25,6611.5,97
2026-04-01 18:56:00,6611.75,6611.75,6611.0,6611.5,111
2026-04-01 18:57:00,6611.75,6612.75,6611.75,6612.5,93
2026-04-01 18:58:00,6612.25,6614.5,6611.25,6614.25,217
2026-04-01 18:59:00,6614.5,6614.5,6612.5,6612.75,152
2026-04-01 19:00:00,6612.75,6613.5,6611.5,6612.5,253
2026-04-01 19:01:00,6612.75,6613.0,6612.0,6612.75,56
2026-04-01 19:02:00,6612.75,6613.5,6612.75,6613.0,78
2026-04-01 19:03:00,6613.0,6613.25,6612.75,6613.0,43
2026-04-01 19:04:00,6613.0,6613.5,6612.75,6613.25,36
2026-04-01 19:05:00,6613.25,6614.75,6613.25,6614.5,116
2026-04-01 19:06:00,6614.5,6614.5,6613.5,6614.0,53
2026-04-01 19:07:00,6614.0,6614.25,6613.75,6614.25,46
2026-04-01 19:08:00,6614.25,6616.75,6614.25,6616.75,205
2026-04-01 19:09:00,6616.5,6616.5,6615.25,6616.25,70
2026-04-01 19:10:00,6616.25,6617.75,6616.0,6616.0,147
2026-04-01 19:11:00,6616.0,6616.0,6615.0,6615.5,74
2026-04-01 19:12:00,6615.75,6616.0,6614.5,6615.75,78
2026-04-01 19:13:00,6616.0,6616.25,6615.75,6615.75,12
2026-04-01 19:14:00,6616.25,6619.25,6616.25,6618.75,145
2026-04-01 19:15:00,6618.25,6619.0,6617.5,6618.5,124
2026-04-01 19:16:00,6618.75,6618.75,6617.75,6618.75,66
2026-04-01 19:17:00,6618.5,6618.5,6617.75,6617.75,29
2026-04-01 19:18:00,6618.0,6618.25,6617.75,6618.25,38
2026-04-01 19:19:00,6618.25,6618.25,6616.75,6617.0,62
2026-04-01 19:20:00,6617.0,6617.25,6616.0,6616.5,109
2026-04-01 19:21:00,6616.75,6617.5,6616.5,6616.5,46
2026-04-01 19:22:00,6617.0,6618.0,6616.75,6617.5,125
2026-04-01 19:23:00,6617.5,6618.5,6617.25,6618.0,38
2026-04-01 19:24:00,6618.0,6618.0,6617.5,6617.75,52
2026-04-01 19:25:00,6617.75,6618.0,6616.75,6617.5,70
2026-04-01 19:26:00,6617.75,6618.25,6617.75,6618.0,39
2026-04-01 19:27:00,6618.0,6618.0,6617.25,6617.5,34
2026-04-01 19:28:00,6617.5,6617.5,6616.75,6617.0,45
2026-04-01 19:29:00,6617.0,6619.0,6617.0,6618.75,154
2026-04-01 19:30:00,6618.25,6618.25,6618.0,6618.25,48
2026-04-01 19:31:00,6618.25,6618.5,6617.25,6618.0,67
2026-04-01 19:32:00,6617.75,6618.0,6616.5,6617.25,118
2026-04-01 19:33:00,6617.5,6617.5,6616.75,6617.0,69
2026-04-01 19:34:00,6616.75,6617.25,6616.75,6617.0,26
2026-04-01 19:35:00,6617.0,6617.0,6615.5,6615.5,79
2026-04-01 19:36:00,6615.5,6617.0,6615.0,6617.0,117
2026-04-01 19:37:00,6616.75,6617.0,6616.0,6616.0,56
2026-04-01 19:38:00,6616.25,6616.25,6615.0,6616.0,69
2026-04-01 19:39:00,6616.0,6616.5,6615.5,6616.5,72
2026-04-01 19:40:00,6616.0,6616.25,6615.5,6616.25,45
2026-04-01 19:41:00,6616.25,6617.25,6616.0,6617.25,72
2026-04-01 19:42:00,6617.0,6617.25,6615.5,6615.75,185
2026-04-01 19:43:00,6616.0,6616.5,6615.5,6616.0,44
2026-04-01 19:44:00,6616.0,6616.75,6615.75,6616.75,77
2026-04-01 19:45:00,6616.75,6617.5,6616.0,6616.5,54
2026-04-01 19:46:00,6617.0,6617.75,6616.5,6617.5,46
2026-04-01 19:47:00,6617.5,6618.25,6616.75,6617.5,105
2026-04-01 19:48:00,6617.25,6617.75,6617.0,6617.25,63
2026-04-01 19:49:00,6617.25,6617.25,6616.5,6616.75,60
2026-04-01 19:50:00,6617.0,6617.5,6612.5,6612.75,506
2026-04-01 19:51:00,6613.0,6615.75,6610.0,6615.5,461
2026-04-01 19:52:00,6615.75,6617.75,6613.75,6614.75,365
2026-04-01 19:53:00,6614.75,6617.25,6614.75,6616.75,236
2026-04-01 19:54:00,6616.75,6617.0,6616.0,6616.25,70
2026-04-01 19:55:00,6616.25,6616.5,6614.25,6614.75,99
2026-04-01 19:56:00,6614.75,6615.75,6614.0,6615.5,244
2026-04-01 19:57:00,6615.25,6615.5,6613.75,6614.25,63
2026-04-01 19:58:00,6614.5,6615.75,6614.5,6615.5,121
2026-04-01 19:59:00,6615.25,6615.25,6614.0,6614.75,107
2026-04-01 20:00:00,6614.75,6614.75,6611.25,6612.25,300
2026-04-01 20:01:00,6612.25,6614.5,6611.5,6612.5,268
2026-04-01 20:02:00,6612.75,6613.5,6609.75,6611.25,435
2026-04-01 20:03:00,6611.0,6611.25,6609.25,6610.75,290
2026-04-01 20:04:00,6610.75,6614.75,6610.5,6611.25,607
2026-04-01 20:05:00,6611.25,6613.75,6610.5,6613.25,204
2026-04-01 20:06:00,6613.0,6613.5,6611.25,6612.0,270
2026-04-01 20:07:00,6612.25,6612.25,6609.75,6610.75,229
2026-04-01 20:08:00,6611.0,6611.5,6609.75,6610.5,226
2026-04-01 20:09:00,6610.25,6612.0,6610.0,6611.75,255
2026-04-01 20:10:00,6611.75,6613.5,6611.5,6611.75,237
2026-04-01 20:11:00,6612.0,6612.5,6609.25,6610.0,208
2026-04-01 20:12:00,6610.25,6610.75,6608.75,6609.5,220
2026-04-01 20:13:00,6609.75,6611.75,6609.75,6611.0,151
2026-04-01 20:14:00,6610.75,6611.75,6609.75,6611.75,194
2026-04-01 20:15:00,6611.5,6612.0,6609.75,6610.75,279
2026-04-01 20:16:00,6611.0,6614.5,6610.5,6614.0,384
2026-04-01 20:17:00,6614.0,6614.0,6611.25,6611.25,406
2026-04-01 20:18:00,6611.0,6613.0,6611.0,6612.0,143
2026-04-01 20:19:00,6612.0,6612.25,6610.5,6611.5,233
2026-04-01 20:20:00,6611.5,6613.5,6611.25,6612.75,157
2026-04-01 20:21:00,6612.75,6613.25,6610.0,6610.0,181
2026-04-01 20:22:00,6610.0,6610.75,6608.75,6610.25,177
2026-04-01 20:23:00,6610.25,6611.5,6610.0,6610.75,203
2026-04-01 20:24:00,6611.0,6611.5,6609.25,6609.5,103
2026-04-01 20:25:00,6609.75,6611.5,6609.0,6610.5,165
2026-04-01 20:26:00,6610.75,6611.5,6608.0,6608.75,283
2026-04-01 20:27:00,6608.75,6610.0,6608.25,6609.75,318
2026-04-01 20:28:00,6609.75,6611.0,6609.5,6609.75,161
2026-04-01 20:29:00,6609.75,6610.5,6609.25,6609.25,90
2026-04-01 20:30:00,6609.25,6610.75,6608.75,6609.75,120
2026-04-01 20:31:00,6610.0,6610.0,6607.25,6608.25,205
2026-04-01 20:32:00,6608.25,6610.0,6607.75,6608.75,357
2026-04-01 20:33:00,6609.0,6613.25,6609.0,6613.25,384
2026-04-01 20:34:00,6613.25,6613.25,6609.5,6611.5,361
2026-04-01 20:35:00,6611.75,6612.75,6611.0,6612.5,323
2026-04-01 20:36:00,6612.75,6614.25,6612.0,6612.0,249
2026-04-01 20:37:00,6612.0,6614.25,6611.75,6613.5,490
2026-04-01 20:38:00,6613.5,6613.5,6609.5,6611.0,557
2026-04-01 20:39:00,6611.0,6614.25,6611.0,6614.0,558
2026-04-01 20:40:00,6614.0,6617.0,6613.0,6616.0,576
2026-04-01 20:41:00,6616.25,6621.25,6615.75,6619.25,1821
2026-04-01 20:42:00,6619.5,6622.5,6617.25,6622.0,998
2026-04-01 20:43:00,6622.0,6623.75,6620.25,6623.25,603
2026-04-01 20:44:00,6623.5,6625.75,6623.5,6625.25,740
2026-04-01 20:45:00,6625.0,6626.0,6621.5,6622.5,563
2026-04-01 20:46:00,6622.5,6625.25,6622.5,6624.25,333
2026-04-01 20:47:00,6624.25,6625.5,6623.5,6623.5,265
2026-04-01 20:48:00,6623.5,6625.0,6622.5,6623.5,431
2026-04-01 20:49:00,6623.75,6625.25,6623.25,6624.25,302
2026-04-01 20:50:00,6624.5,6625.25,6623.5,6624.0,308
2026-04-01 20:51:00,6624.0,6624.75,6621.75,6622.5,360
2026-04-01 20:52:00,6622.5,6623.5,6622.0,6622.75,331
2026-04-01 20:53:00,6622.5,6627.0,6622.0,6626.75,545
2026-04-01 20:54:00,6626.75,6627.0,6623.5,6625.25,1028
2026-04-01 20:55:00,6625.25,6626.25,6623.0,6623.25,930
2026-04-01 20:56:00,6623.25,6626.0,6623.25,6625.5,251
2026-04-01 20:57:00,6625.75,6627.75,6625.5,6627.5,451
2026-04-01 20:58:00,6627.5,6631.5,6627.5,6630.5,811
2026-04-01 20:59:00,6630.5,6632.5,6627.75,6630.5,749
2026-04-01 21:00:00,6630.5,6631.25,6618.25,6620.5,1457
2026-04-01 21:01:00,6620.75,6623.5,6620.25,6622.75,492
2026-04-01 21:02:00,6622.5,6624.25,6617.25,6619.75,736
2026-04-01 21:03:00,6619.25,6621.0,6601.0,6605.0,2602
2026-04-01 21:04:00,6605.25,6615.5,6605.25,6610.75,1826
2026-04-01 21:05:00,6611.0,6611.25,6594.75,6600.5,3841
2026-04-01 21:06:00,6600.75,6603.5,6596.5,6597.75,2048
2026-04-01 21:07:00,6598.0,6605.0,6596.0,6598.25,1673
2026-04-01 21:08:00,6599.0,6608.75,6598.0,6606.25,1517
2026-04-01 21:09:00,6606.75,6611.75,6605.5,6609.5,1040
2026-04-01 21:10:00,6609.75,6621.75,6608.0,6620.75,1500
2026-04-01 21:11:00,6620.75,6631.5,6610.25,6615.25,3662
2026-04-01 21:12:00,6615.25,6616.75,6603.25,6605.0,1760
2026-04-01 21:13:00,6605.25,6611.75,6605.0,6608.0,863
2026-04-01 21:14:00,6607.5,6611.25,6605.25,6607.5,775
2026-04-01 21:15:00,6607.25,6608.0,6598.5,6598.75,1347
2026-04-01 21:16:00,6598.75,6609.0,6589.75,6594.5,3123
2026-04-01 21:17:00,6594.75,6598.0,6580.75,6582.5,3417
2026-04-01 21:18:00,6582.5,6585.5,6574.25,6576.25,2959
2026-04-01 21:19:00,6576.0,6580.5,6572.0,6574.75,2558
2026-04-01 21:20:00,6575.0,6585.0,6572.5,6583.75,2745
2026-04-01 21:21:00,6583.75,6589.5,6573.75,6574.75,2422
2026-04-01 21:22:00,6575.0,6578.0,6570.75,6573.75,2092
2026-04-01 21:23:00,6573.75,6580.5,6571.0,6575.25,1736
2026-04-01 21:24:00,6576.0,6578.0,6573.25,6574.75,1227
2026-04-01 21:25:00,6575.25,6577.75,6566.25,6570.25,1773
2026-04-01 21:26:00,6570.5,6573.0,6567.25,6570.5,1118
2026-04-01 21:27:00,6571.0,6575.0,6568.75,6574.25,1151
2026-04-01 21:28:00,6574.0,6575.75,6571.5,6575.0,1043
2026-04-01 21:29:00,6575.0,6576.75,6570.5,6570.5,1051
2026-04-01 21:30:00,6570.5,6571.75,6560.0,6562.0,3267
2026-04-01 21:31:00,6561.75,6563.0,6555.5,6557.5,2629
2026-04-01 21:32:00,6557.75,6559.75,6556.5,6558.75,1231
2026-04-01 21:33:00,6558.75,6563.0,6555.25,6555.75,1678
2026-04-01 21:34:00,6555.75,6563.25,6555.0,6562.75,999
2026-04-01 21:35:00,6562.5,6566.25,6562.0,6565.5,1208
2026-04-01 21:36:00,6565.75,6567.75,6563.75,6564.5,1460
2026-04-01 21:37:00,6564.5,6567.75,6563.75,6564.25,891
2026-04-01 21:38:00,6564.0,6567.25,6562.25,6563.0,724
2026-04-01 21:39:00,6562.5,6567.0,6558.75,6566.75,1156
2026-04-01 21:40:00,6566.75,6568.5,6563.5,6565.75,756
2026-04-01 21:41:00,6565.75,6569.0,6564.25,6564.75,552
2026-04-01 21:42:00,6565.0,6568.5,6562.5,6563.25,949
2026-04-01 21:43:00,6563.5,6565.75,6561.5,6563.75,611
2026-04-01 21:44:00,6563.75,6566.0,6561.0,6562.0,670
2026-04-01 21:45:00,6561.75,6562.75,6557.5,6557.5,721
2026-04-01 21:46:00,6557.5,6560.25,6557.0,6558.75,709
2026-04-01 21:47:00,6558.5,6558.5,6553.5,6554.75,928
2026-04-01 21:48:00,6555.25,6560.75,6553.25,6559.0,812
2026-04-01 21:49:00,6559.0,6562.25,6557.75,6560.0,777
2026-04-01 21:50:00,6559.5,6562.25,6558.25,6562.0,462
2026-04-01 21:51:00,6561.75,6565.0,6561.75,6563.75,634
2026-04-01 21:52:00,6564.0,6565.25,6562.25,6562.75,454
2026-04-01 21:53:00,6562.75,6564.5,6560.75,6562.0,766
2026-04-01 21:54:00,6562.0,6562.5,6557.5,6561.25,637
2026-04-01 21:55:00,6561.5,6565.0,6559.75,6564.25,602
2026-04-01 21:56:00,6564.5,6565.25,6559.25,6559.25,516
2026-04-01 21:57:00,6559.5,6562.25,6557.75,6560.25,570
2026-04-01 21:58:00,6560.0,6562.25,6559.5,6559.75,514
2026-04-01 21:59:00,6560.0,6562.0,6559.25,6559.5,304
2026-04-01 22:00:00,6560.0,6562.5,6558.75,6561.0,482
2026-04-01 22:01:00,6560.75,6560.75,6558.0,6558.25,528
2026-04-01 22:02:00,6558.5,6561.5,6557.5,6560.5,532
2026-04-01 22:03:00,6560.25,6560.75,6558.5,6558.5,364
2026-04-01 22:04:00,6558.25,6560.75,6558.25,6560.0,297
2026-04-01 22:05:00,6560.0,6561.75,6557.25,6558.25,545
2026-04-01 22:06:00,6558.5,6562.75,6558.5,6562.5,306
2026-04-01 22:07:00,6562.25,6565.75,6561.75,6564.0,622
2026-04-01 22:08:00,6564.0,6564.25,6554.75,6554.75,854
2026-04-01 22:09:00,6555.0,6555.25,6551.75,6554.75,958
2026-04-01 22:10:00,6554.5,6555.0,6552.25,6554.5,1137
2026-04-01 22:11:00,6554.25,6555.0,6548.5,6549.0,1768
2026-04-01 22:12:00,6549.5,6551.25,6546.5,6548.5,1487
2026-04-01 22:13:00,6548.75,6548.75,6546.75,6547.5,504
2026-04-01 22:14:00,6547.5,6547.75,6542.25,6545.0,1340
2026-04-01 22:15:00,6545.0,6552.0,6544.5,6550.75,860
2026-04-01 22:16:00,6550.75,6551.75,6549.25,6550.0,514
2026-04-01 22:17:00,6550.0,6550.5,6547.25,6550.0,336
2026-04-01 22:18:00,6550.0,6552.0,6548.5,6550.25,477
2026-04-01 22:19:00,6550.25,6551.0,6548.0,6549.0,406
2026-04-01 22:20:00,6549.5,6550.0,6547.25,6547.5,278
2026-04-01 22:21:00,6547.75,6549.25,6546.25,6548.25,361
2026-04-01 22:22:00,6548.25,6549.25,6547.0,6547.5,230
2026-04-01 22:23:00,6548.0,6548.25,6546.0,6546.5,220
2026-04-01 22:24:00,6546.5,6550.5,6546.5,6549.25,461
2026-04-01 22:25:00,6549.25,6550.5,6548.5,6548.5,215
2026-04-01 22:26:00,6548.5,6548.5,6544.25,6545.25,688
2026-04-01 22:27:00,6545.5,6547.0,6545.0,6546.75,472
2026-04-01 22:28:00,6546.5,6547.75,6545.0,6545.5,266
2026-04-01 22:29:00,6545.5,6546.0,6543.0,6543.5,528
2026-04-01 22:30:00,6543.75,6547.0,6542.75,6545.0,500
2026-04-01 22:31:00,6545.0,6545.25,6542.5,6544.0,304
2026-04-01 22:32:00,6544.25,6544.25,6542.0,6543.5,366
2026-04-01 22:33:00,6543.25,6546.25,6543.0,6545.75,254
2026-04-01 22:34:00,6545.5,6547.0,6544.5,6546.75,268
2026-04-01 22:35:00,6546.75,6548.25,6546.0,6547.75,322
2026-04-01 22:36:00,6547.5,6547.5,6545.5,6546.0,237
2026-04-01 22:37:00,6546.25,6546.5,6542.75,6543.0,544
2026-04-01 22:38:00,6543.0,6547.5,6542.75,6546.25,545
2026-04-01 22:39:00,6546.25,6546.25,6543.75,6544.5,282
2026-04-01 22:40:00,6544.5,6546.25,6542.75,6546.0,342
2026-04-01 22:41:00,6546.25,6546.75,6544.5,6545.5,181
2026-04-01 22:42:00,6545.75,6547.0,6545.0,6546.75,250
2026-04-01 22:43:00,6546.75,6547.5,6543.5,6545.75,438
2026-04-01 22:44:00,6545.75,6548.25,6545.5,6547.5,192
2026-04-01 22:45:00,6547.25,6550.25,6547.0,6549.0,346
2026-04-01 22:46:00,6548.75,6551.0,6548.25,6550.5,207
2026-04-01 22:47:00,6550.25,6550.75,6547.5,6547.5,243
2026-04-01 22:48:00,6547.75,6548.25,6545.75,6546.75,206
2026-04-01 22:49:00,6546.5,6547.5,6546.0,6547.0,141
2026-04-01 22:50:00,6547.0,6549.5,6547.0,6548.75,125
2026-04-01 22:51:00,6549.0,6549.75,6547.75,6549.0,173
2026-04-01 22:52:00,6548.75,6551.0,6548.75,6550.5,114
2026-04-01 22:53:00,6550.5,6550.5,6548.0,6548.0,206
2026-04-01 22:54:00,6548.0,6549.0,6548.0,6548.25,163
2026-04-01 22:55:00,6548.5,6550.5,6548.5,6550.25,200
2026-04-01 22:56:00,6550.0,6550.75,6548.0,6549.0,235
2026-04-01 22:57:00,6548.75,6550.75,6548.75,6550.75,178
2026-04-01 22:58:00,6550.75,6552.0,6550.0,6550.0,204
2026-04-01 22:59:00,6549.75,6551.0,6549.75,6550.0,164
2026-04-01 23:00:00,6550.0,6550.25,6547.75,6548.0,248
2026-04-01 23:01:00,6548.0,6548.25,6545.5,6545.75,266
2026-04-01 23:02:00,6546.0,6546.25,6543.75,6543.75,289
2026-04-01 23:03:00,6544.25,6545.0,6542.5,6543.25,348
2026-04-01 23:04:00,6543.25,6545.75,6543.0,6544.0,452
2026-04-01 23:05:00,6544.0,6546.0,6543.75,6545.5,96
2026-04-01 23:06:00,6545.0,6547.5,6544.75,6546.5,182
2026-04-01 23:07:00,6546.25,6547.75,6546.0,6546.0,158
2026-04-01 23:08:00,6546.0,6547.75,6545.75,6547.75,95
2026-04-01 23:09:00,6547.5,6547.75,6546.25,6547.0,103
2026-04-01 23:10:00,6547.0,6547.5,6545.0,6546.5,179
2026-04-01 23:11:00,6546.5,6547.25,6546.25,6546.5,85
2026-04-01 23:12:00,6546.75,6547.5,6545.75,6547.25,102
2026-04-01 23:13:00,6547.5,6548.25,6547.25,6547.75,82
2026-04-01 23:14:00,6547.5,6547.75,6547.0,6547.0,52
2026-04-01 23:15:00,6547.25,6549.75,6547.0,6549.0,157
2026-04-01 23:16:00,6548.75,6548.75,6547.25,6548.75,87
2026-04-01 23:17:00,6548.5,6548.5,6546.75,6547.75,84
2026-04-01 23:18:00,6548.0,6549.25,6547.25,6547.5,121
2026-04-01 23:19:00,6547.25,6548.75,6547.25,6548.25,64
2026-04-01 23:20:00,6548.5,6548.5,6546.75,6547.75,137
2026-04-01 23:21:00,6547.75,6549.5,6547.0,6549.5,92
2026-04-01 23:22:00,6549.25,6549.5,6548.25,6549.25,123
2026-04-01 23:23:00,6549.25,6550.75,6549.0,6549.5,256
2026-04-01 23:24:00,6549.75,6551.5,6549.75,6551.25,149
2026-04-01 23:25:00,6551.5,6551.5,6550.5,6550.75,131
2026-04-01 23:26:00,6550.75,6551.25,6550.5,6551.0,52
2026-04-01 23:27:00,6550.75,6550.75,6547.5,6548.0,169
2026-04-01 23:28:00,6548.0,6548.5,6547.5,6548.25,168
2026-04-01 23:29:00,6547.75,6548.25,6547.25,6548.25,61
2026-04-01 23:30:00,6548.25,6548.25,6546.75,6547.5,113
2026-04-01 23:31:00,6547.5,6548.75,6546.25,6546.5,141
2026-04-01 23:32:00,6547.0,6547.5,6545.0,6546.75,136
2026-04-01 23:33:00,6546.25,6546.5,6544.5,6544.5,135
2026-04-01 23:34:00,6544.75,6547.0,6544.5,6545.75,121
2026-04-01 23:35:00,6545.75,6546.0,6545.0,6545.75,78
2026-04-01 23:36:00,6545.75,6546.25,6544.75,6545.0,51
2026-04-01 23:37:00,6545.5,6545.5,6542.5,6542.5,201
2026-04-01 23:38:00,6542.5,6543.25,6540.0,6540.5,737
2026-04-01 23:39:00,6540.5,6542.25,6540.5,6541.5,232
2026-04-01 23:40:00,6541.25,6542.0,6539.0,6539.75,377
2026-04-01 23:41:00,6539.5,6539.75,6538.75,6539.25,126
2026-04-01 23:42:00,6539.25,6539.75,6537.25,6539.75,299
2026-04-01 23:43:00,6539.25,6544.75,6539.25,6544.0,339
2026-04-01 23:44:00,6543.75,6544.0,6541.0,6542.0,303
2026-04-01 23:45:00,6542.0,6542.5,6540.0,6540.25,220
2026-04-01 23:46:00,6540.25,6540.75,6538.5,6540.5,189
2026-04-01 23:47:00,6540.5,6541.0,6539.5,6540.25,104
2026-04-01 23:48:00,6540.25,6541.0,6539.0,6539.25,134
2026-04-01 23:49:00,6539.0,6539.0,6536.5,6536.75,318
2026-04-01 23:50:00,6536.75,6538.5,6535.75,6538.0,293
2026-04-01 23:51:00,6537.75,6539.0,6536.0,6537.5,256
2026-04-01 23:52:00,6537.25,6538.0,6536.5,6537.75,224
2026-04-01 23:53:00,6538.0,6538.75,6537.75,6538.5,210
2026-04-01 23:54:00,6538.5,6538.5,6536.75,6536.75,137
2026-04-01 23:55:00,6537.25,6538.75,6537.0,6538.25,106
2026-04-01 23:56:00,6538.0,6538.25,6536.0,6536.0,177
2026-04-01 23:57:00,6536.25,6537.5,6535.75,6537.0,151
2026-04-01 23:58:00,6537.0,6537.25,6536.25,6537.25,85
2026-04-01 23:59:00,6537.0,6538.25,6537.0,6537.75,92
2026-04-02 00:00:00,6537.25,6539.5,6537.25,6539.25,208
2026-04-02 00:01:00,6539.0,6540.0,6539.0,6539.75,211
2026-04-02 00:02:00,6540.0,6540.75,6538.5,6538.75,190
2026-04-02 00:03:00,6539.0,6539.25,6537.5,6538.0,192
2026-04-02 00:04:00,6538.25,6538.75,6537.0,6538.25,175
2026-04-02 00:05:00,6538.0,6538.25,6532.75,6535.25,853
2026-04-02 00:06:00,6535.25,6535.25,6533.0,6534.5,447
2026-04-02 00:07:00,6534.25,6536.0,6533.75,6534.5,202
2026-04-02 00:08:00,6534.5,6534.75,6533.75,6534.75,199
2026-04-02 00:09:00,6534.5,6535.5,6534.5,6535.0,157
2026-04-02 00:10:00,6534.75,6535.25,6533.75,6534.25,167
2026-04-02 00:11:00,6534.5,6535.75,6533.75,6534.5,191
2026-04-02 00:12:00,6534.5,6535.0,6533.5,6534.0,80
2026-04-02 00:13:00,6534.0,6537.5,6534.0,6534.75,379
2026-04-02 00:14:00,6534.75,6535.0,6534.25,6535.0,155
2026-04-02 00:15:00,6535.0,6538.75,6535.0,6537.5,206
2026-04-02 00:16:00,6537.25,6540.0,6537.25,6538.75,279
2026-04-02 00:17:00,6538.75,6539.5,6538.5,6539.25,83
2026-04-02 00:18:00,6539.5,6540.75,6538.5,6538.5,194
2026-04-02 00:19:00,6538.25,6539.0,6538.0,6538.75,113
2026-04-02 00:20:00,6538.5,6539.0,6537.0,6538.25,185
2026-04-02 00:21:00,6538.25,6538.25,6536.75,6537.0,103
2026-04-02 00:22:00,6537.0,6537.25,6535.5,6536.0,103
2026-04-02 00:23:00,6536.0,6537.0,6535.5,6536.0,98
2026-04-02 00:24:00,6536.0,6536.75,6535.5,6536.75,47
2026-04-02 00:25:00,6536.75,6537.0,6536.25,6536.75,61
2026-04-02 00:26:00,6536.5,6536.75,6535.75,6536.5,76
2026-04-02 00:27:00,6536.75,6537.25,6535.5,6535.5,76
2026-04-02 00:28:00,6535.5,6535.75,6534.25,6535.0,153
2026-04-02 00:29:00,6535.0,6535.75,6534.25,6535.25,113
2026-04-02 00:30:00,6535.25,6536.5,6534.25,6536.0,135
2026-04-02 00:31:00,6535.25,6537.5,6535.25,6536.0,173
2026-04-02 00:32:00,6536.0,6537.0,6535.25,6537.0,107
2026-04-02 00:33:00,6536.75,6537.25,6535.75,6536.0,192
2026-04-02 00:34:00,6536.0,6536.0,6535.0,6535.75,90
2026-04-02 00:35:00,6535.75,6536.0,6535.25,6535.5,42
2026-04-02 00:36:00,6535.5,6535.5,6533.0,6533.0,243
2026-04-02 00:37:00,6533.25,6534.25,6533.0,6533.75,142
2026-04-02 00:38:00,6533.5,6533.75,6532.25,6533.75,139
2026-04-02 00:39:00,6533.75,6533.75,6532.75,6533.0,104
2026-04-02 00:40:00,6533.0,6533.5,6532.0,6532.75,215
2026-04-02 00:41:00,6532.5,6533.0,6531.75,6532.0,137
2026-04-02 00:42:00,6532.0,6533.25,6531.5,6533.0,232
2026-04-02 00:43:00,6533.0,6534.5,6532.75,6533.5,118
2026-04-02 00:44:00,6533.75,6535.0,6533.75,6534.75,91
2026-04-02 00:45:00,6534.75,6536.0,6534.0,6535.75,132
2026-04-02 00:46:00,6535.5,6536.0,6534.75,6535.0,96
2026-04-02 00:47:00,6535.0,6535.5,6533.25,6533.75,131
2026-04-02 00:48:00,6533.75,6534.0,6533.0,6533.75,119
2026-04-02 00:49:00,6533.75,6534.75,6533.5,6534.5,93
2026-04-02 00:50:00,6534.5,6535.5,6534.25,6534.5,96
2026-04-02 00:51:00,6534.75,6535.0,6533.25,6533.5,58
2026-04-02 00:52:00,6533.5,6533.75,6532.25,6533.5,111
2026-04-02 00:53:00,6533.5,6533.5,6532.0,6532.0,128
2026-04-02 00:54:00,6532.25,6532.5,6531.0,6531.25,198
2026-04-02 00:55:00,6531.5,6532.0,6531.25,6531.5,110
2026-04-02 00:56:00,6531.5,6533.5,6531.5,6532.0,198
2026-04-02 00:57:00,6532.5,6534.25,6532.25,6534.25,91
2026-04-02 00:58:00,6534.0,6534.0,6533.25,6534.0,121
2026-04-02 00:59:00,6533.75,6533.75,6533.0,6533.25,62
2026-04-02 01:00:00,6533.5,6536.0,6533.5,6535.5,194
2026-04-02 01:01:00,6535.25,6537.75,6535.0,6537.5,275
2026-04-02 01:02:00,6538.0,6538.75,6535.75,6536.0,173
2026-04-02 01:03:00,6536.0,6536.75,6535.75,6536.0,59
2026-04-02 01:04:00,6536.0,6536.75,6535.25,6535.75,98
2026-04-02 01:05:00,6535.75,6536.5,6535.0,6535.75,130
2026-04-02 01:06:00,6535.5,6537.0,6535.5,6535.75,153
2026-04-02 01:07:00,6535.5,6536.75,6535.0,6536.5,81
2026-04-02 01:08:00,6536.5,6536.5,6535.0,6535.5,78
2026-04-02 01:09:00,6535.25,6535.5,6534.0,6535.25,100
2026-04-02 01:10:00,6535.0,6535.5,6534.5,6534.75,76
2026-04-02 01:11:00,6535.0,6535.25,6534.0,6534.25,182
2026-04-02 01:12:00,6534.25,6537.0,6534.25,6536.5,81
2026-04-02 01:13:00,6536.5,6536.75,6534.5,6534.75,132
2026-04-02 01:14:00,6534.75,6535.0,6533.5,6534.0,68
2026-04-02 01:15:00,6534.0,6535.5,6534.0,6535.25,63
2026-04-02 01:16:00,6535.25,6535.75,6534.25,6534.5,93
2026-04-02 01:17:00,6534.5,6534.5,6533.0,6533.75,158
2026-04-02 01:18:00,6533.75,6533.75,6532.0,6532.5,175
2026-04-02 01:19:00,6532.5,6533.25,6532.5,6532.75,77
2026-04-02 01:20:00,6532.75,6534.75,6532.75,6533.5,120
2026-04-02 01:21:00,6533.75,6533.75,6531.75,6532.5,208
2026-04-02 01:22:00,6533.0,6533.25,6532.25,6532.5,126
2026-04-02 01:23:00,6532.5,6535.0,6532.5,6534.5,275
2026-04-02 01:24:00,6534.0,6534.25,6534.0,6534.25,173
2026-04-02 01:25:00,6534.25,6534.25,6532.25,6533.25,300
2026-04-02 01:26:00,6533.25,6534.75,6533.25,6534.75,181
2026-04-02 01:27:00,6534.75,6536.25,6534.5,6535.0,108
2026-04-02 01:28:00,6535.25,6536.25,6535.25,6536.25,108
2026-04-02 01:29:00,6536.0,6537.0,6536.0,6537.0,130
2026-04-02 01:30:00,6537.0,6540.75,6537.0,6538.75,538
2026-04-02 01:31:00,6538.75,6539.0,6533.5,6533.75,605
2026-04-02 01:32:00,6533.5,6536.75,6532.75,6535.5,483
2026-04-02 01:33:00,6535.75,6535.75,6531.5,6532.25,226
2026-04-02 01:34:00,6532.25,6533.5,6532.0,6532.25,93
2026-04-02 01:35:00,6532.0,6533.25,6531.5,6533.25,126
2026-04-02 01:36:00,6533.0,6533.0,6529.25,6530.25,610
2026-04-02 01:37:00,6530.25,6530.75,6528.75,6530.0,302
2026-04-02 01:38:00,6530.0,6531.0,6529.25,6529.5,169
2026-04-02 01:39:00,6530.0,6531.75,6529.75,6530.75,102
2026-04-02 01:40:00,6530.75,6531.5,6529.25,6531.25,191
2026-04-02 01:41:00,6531.5,6531.5,6529.5,6529.5,147
2026-04-02 01:42:00,6529.75,6530.25,6529.0,6529.25,234
2026-04-02 01:43:00,6529.5,6529.75,6527.25,6528.75,372
2026-04-02 01:44:00,6528.75,6529.0,6527.75,6528.5,210
2026-04-02 01:45:00,6529.0,6529.5,6527.0,6527.0,154
2026-04-02 01:46:00,6527.0,6527.0,6523.75,6524.5,593
2026-04-02 01:47:00,6524.5,6525.0,6523.75,6524.5,377
2026-04-02 01:48:00,6524.75,6524.75,6523.5,6523.75,287
2026-04-02 01:49:00,6524.0,6524.75,6523.0,6523.5,328
2026-04-02 01:50:00,6523.25,6524.25,6523.0,6523.75,178
2026-04-02 01:51:00,6523.5,6525.0,6522.75,6524.75,164
2026-04-02 01:52:00,6524.75,6525.5,6524.25,6525.0,161
2026-04-02 01:53:00,6525.0,6526.25,6525.0,6525.5,277
2026-04-02 01:54:00,6525.25,6525.5,6523.0,6524.25,215
2026-04-02 01:55:00,6524.25,6524.25,6522.75,6523.25,163
2026-04-02 01:56:00,6523.25,6524.75,6523.0,6523.25,197
2026-04-02 01:57:00,6523.25,6524.0,6522.75,6523.75,119
2026-04-02 01:58:00,6523.5,6524.0,6522.75,6523.0,163
2026-04-02 01:59:00,6523.25,6523.5,6522.0,6522.5,174
2026-04-02 02:00:00,6522.75,6525.75,6522.75,6524.75,438
2026-04-02 02:01:00,6524.75,6525.25,6523.5,6524.75,347
2026-04-02 02:02:00,6525.0,6526.25,6524.0,6525.25,279
2026-04-02 02:03:00,6525.5,6526.75,6525.25,6526.0,327
2026-04-02 02:04:00,6526.0,6527.25,6525.0,6527.0,402
2026-04-02 02:05:00,6526.75,6527.75,6526.25,6527.25,235
2026-04-02 02:06:00,6527.5,6529.25,6527.25,6528.25,345
2026-04-02 02:07:00,6528.0,6531.25,6528.0,6530.5,514
2026-04-02 02:08:00,6530.25,6531.25,6528.5,6529.0,476
2026-04-02 02:09:00,6529.25,6529.75,6527.0,6527.25,341
2026-04-02 02:10:00,6527.0,6527.0,6524.75,6525.75,283
2026-04-02 02:11:00,6526.0,6526.25,6523.25,6524.25,325
2026-04-02 02:12:00,6524.0,6524.25,6521.75,6522.0,386
2026-04-02 02:13:00,6522.0,6522.5,6521.25,6521.75,484
2026-04-02 02:14:00,6521.75,6522.5,6520.5,6522.25,574
2026-04-02 02:15:00,6522.0,6523.75,6521.5,6523.75,365
2026-04-02 02:16:00,6523.75,6524.0,6522.0,6522.5,239
2026-04-02 02:17:00,6522.5,6522.5,6520.0,6521.25,353
2026-04-02 02:18:00,6521.25,6525.0,6520.75,6524.25,429
2026-04-02 02:19:00,6524.0,6524.75,6523.0,6523.5,168
2026-04-02 02:20:00,6523.5,6526.25,6523.5,6525.5,234
2026-04-02 02:21:00,6525.75,6526.0,6523.75,6525.0,257
2026-04-02 02:22:00,6525.0,6526.5,6524.25,6525.0,373
2026-04-02 02:23:00,6524.75,6527.75,6524.5,6527.25,425
2026-04-02 02:24:00,6527.5,6527.75,6525.5,6526.25,532
2026-04-02 02:25:00,6526.25,6527.25,6525.5,6526.25,232
2026-04-02 02:26:00,6526.5,6527.5,6525.25,6526.5,243
2026-04-02 02:27:00,6526.75,6528.5,6526.75,6527.75,304
2026-04-02 02:28:00,6527.75,6528.5,6527.25,6528.5,157
2026-04-02 02:29:00,6528.25,6529.0,6526.75,6527.75,357
2026-04-02 02:30:00,6527.75,6528.5,6526.25,6526.75,340
2026-04-02 02:31:00,6527.25,6529.75,6527.25,6529.25,210
2026-04-02 02:32:00,6529.25,6529.25,6526.25,6527.25,346
2026-04-02 02:33:00,6527.5,6529.25,6527.5,6528.75,248
2026-04-02 02:34:00,6528.75,6528.75,6527.25,6527.25,150
2026-04-02 02:35:00,6527.25,6527.75,6525.5,6527.5,275
2026-04-02 02:36:00,6527.25,6528.25,6526.5,6528.0,288
2026-04-02 02:37:00,6528.0,6528.0,6525.5,6526.75,311
2026-04-02 02:38:00,6526.5,6529.75,6526.5,6528.75,343
2026-04-02 02:39:00,6528.75,6529.25,6528.25,6529.25,233
2026-04-02 02:40:00,6528.75,6529.5,6528.5,6529.25,92
2026-04-02 02:41:00,6529.25,6531.25,6527.75,6528.25,441
2026-04-02 02:42:00,6528.25,6529.5,6528.0,6529.25,181
2026-04-02 02:43:00,6529.5,6529.5,6526.5,6526.5,334
2026-04-02 02:44:00,6526.5,6528.75,6526.5,6528.25,285
2026-04-02 02:45:00,6528.25,6528.25,6526.0,6526.25,199
2026-04-02 02:46:00,6526.5,6527.75,6525.0,6527.25,556
2026-04-02 02:47:00,6527.0,6527.25,6526.25,6527.25,235
2026-04-02 02:48:00,6527.25,6527.25,6525.25,6526.75,177
2026-04-02 02:49:00,6526.5,6527.5,6526.5,6527.0,104
2026-04-02 02:50:00,6527.25,6528.5,6526.25,6527.5,259
2026-04-02 02:51:00,6527.25,6527.25,6526.0,6527.0,204
2026-04-02 02:52:00,6527.0,6530.5,6526.25,6530.0,247
2026-04-02 02:53:00,6530.0,6531.0,6529.5,6530.0,186
2026-04-02 02:54:00,6529.75,6531.5,6529.25,6529.25,212
2026-04-02 02:55:00,6529.25,6530.0,6528.25,6529.0,193
2026-04-02 02:56:00,6529.0,6530.5,6528.75,6529.5,221
2026-04-02 02:57:00,6529.5,6531.0,6529.25,6529.75,399
2026-04-02 02:58:00,6529.75,6531.0,6529.25,6531.0,278
2026-04-02 02:59:00,6530.75,6534.0,6530.75,6532.75,558
2026-04-02 03:00:00,6532.75,6535.0,6531.75,6532.0,1315
2026-04-02 03:01:00,6532.0,6533.5,6530.5,6531.25,644
2026-04-02 03:02:00,6531.25,6531.75,6529.25,6531.0,729
2026-04-02 03:03:00,6530.75,6532.25,6529.75,6531.0,585
2026-04-02 03:04:00,6531.25,6532.5,6530.0,6532.0,616
2026-04-02 03:05:00,6532.25,6532.25,6530.25,6532.0,467
2026-04-02 03:06:00,6532.0,6535.5,6531.25,6534.25,803
2026-04-02 03:07:00,6534.25,6535.25,6533.25,6533.5,755
2026-04-02 03:08:00,6533.75,6533.75,6531.0,6531.5,521
2026-04-02 03:09:00,6531.25,6532.25,6530.0,6531.0,361
2026-04-02 03:10:00,6531.0,6533.25,6531.0,6532.75,438
2026-04-02 03:11:00,6532.5,6532.75,6530.75,6531.0,328
2026-04-02 03:12:00,6530.75,6530.75,6527.75,6529.5,408
2026-04-02 03:13:00,6529.5,6531.5,6529.5,6530.5,207
2026-04-02 03:14:00,6530.5,6533.0,6530.0,6532.0,214
2026-04-02 03:15:00,6531.75,6537.0,6531.25,6536.0,590
2026-04-02 03:16:00,6536.0,6536.5,6534.75,6534.75,513
2026-04-02 03:17:00,6534.75,6537.0,6534.0,6536.0,400
2026-04-02 03:18:00,6536.0,6536.75,6535.0,6535.75,305
2026-04-02 03:19:00,6535.5,6536.75,6534.25,6534.5,379
2026-04-02 03:20:00,6534.5,6535.5,6534.0,6534.75,103
2026-04-02 03:21:00,6534.5,6535.0,6531.75,6532.0,161
2026-04-02 03:22:00,6532.25,6532.25,6528.5,6528.75,264
2026-04-02 03:23:00,6529.0,6532.75,6529.0,6530.0,315
2026-04-02 03:24:00,6530.25,6531.5,6529.25,6529.5,340
2026-04-02 03:25:00,6529.5,6532.75,6529.5,6531.75,294
2026-04-02 03:26:00,6531.5,6532.0,6530.5,6530.75,247
2026-04-02 03:27:00,6530.75,6535.25,6530.25,6535.0,255
2026-04-02 03:28:00,6534.75,6537.25,6534.0,6535.75,495
2026-04-02 03:29:00,6536.25,6536.5,6534.0,6535.75,321
2026-04-02 03:30:00,6535.75,6537.25,6535.0,6537.25,544
2026-04-02 03:31:00,6536.75,6537.0,6534.75,6535.0,320
2026-04-02 03:32:00,6535.0,6538.0,6534.75,6536.25,333
2026-04-02 03:33:00,6536.25,6538.0,6535.75,6536.75,586
2026-04-02 03:34:00,6536.75,6537.25,6536.0,6536.75,215
2026-04-02 03:35:00,6536.75,6537.25,6536.0,6536.5,248
2026-04-02 03:36:00,6536.25,6539.25,6536.25,6538.0,527
2026-04-02 03:37:00,6537.75,6539.75,6537.0,6539.25,229
2026-04-02 03:38:00,6539.0,6540.5,6539.0,6539.25,775
2026-04-02 03:39:00,6539.25,6541.5,6538.75,6540.0,289
2026-04-02 03:40:00,6540.0,6541.0,6538.5,6540.75,410
2026-04-02 03:41:00,6540.75,6542.5,6540.75,6541.75,736
2026-04-02 03:42:00,6541.75,6542.5,6539.0,6540.0,489
2026-04-02 03:43:00,6540.0,6540.5,6539.0,6539.25,190
2026-04-02 03:44:00,6539.0,6540.25,6539.0,6539.75,153
2026-04-02 03:45:00,6540.25,6542.5,6540.0,6541.75,238
2026-04-02 03:46:00,6542.0,6543.0,6541.5,6542.25,212
2026-04-02 03:47:00,6542.0,6543.25,6541.5,6543.0,181
2026-04-02 03:48:00,6543.0,6544.75,6542.25,6544.5,540
2026-04-02 03:49:00,6544.5,6544.5,6543.75,6544.25,247
2026-04-02 03:50:00,6544.25,6544.75,6542.25,6543.75,370
2026-04-02 03:51:00,6543.75,6544.25,6542.75,6543.25,164
2026-04-02 03:52:00,6543.0,6544.75,6541.5,6544.0,343
2026-04-02 03:53:00,6544.25,6545.75,6543.25,6543.5,396
2026-04-02 03:54:00,6543.75,6545.0,6543.25,6544.5,315
2026-04-02 03:55:00,6544.75,6545.0,6543.25,6544.25,174
2026-04-02 03:56:00,6544.25,6546.75,6544.25,6546.5,216
2026-04-02 03:57:00,6546.25,6547.25,6546.25,6546.75,179
2026-04-02 03:58:00,6546.5,6548.5,6546.25,6548.25,333
2026-04-02 03:59:00,6548.0,6550.0,6548.0,6549.0,436
2026-04-02 04:00:00,6548.75,6550.25,6547.75,6548.25,579
2026-04-02 04:01:00,6548.25,6548.5,6545.75,6546.25,284
2026-04-02 04:02:00,6546.0,6546.25,6544.25,6544.75,358
2026-04-02 04:03:00,6544.75,6546.5,6544.25,6544.5,279
2026-04-02 04:04:00,6544.75,6545.0,6543.5,6544.5,368
2026-04-02 04:05:00,6544.75,6544.75,6542.0,6542.25,502
2026-04-02 04:06:00,6542.25,6544.75,6541.75,6543.75,304
2026-04-02 04:07:00,6544.0,6544.75,6543.25,6544.0,196
2026-04-02 04:08:00,6544.25,6544.75,6541.75,6543.25,479
2026-04-02 04:09:00,6543.5,6544.0,6542.25,6543.25,311
2026-04-02 04:10:00,6543.0,6544.5,6542.5,6543.0,333
2026-04-02 04:11:00,6543.25,6543.5,6542.25,6542.5,421
2026-04-02 04:12:00,6542.5,6543.25,6541.5,6543.25,222
2026-04-02 04:13:00,6543.0,6544.25,6543.0,6543.75,195
2026-04-02 04:14:00,6544.0,6544.0,6542.25,6542.75,235
2026-04-02 04:15:00,6542.75,6543.0,6540.5,6541.5,312
2026-04-02 04:16:00,6541.75,6544.75,6541.75,6544.0,330
2026-04-02 04:17:00,6544.0,6544.5,6541.5,6542.25,391
2026-04-02 04:18:00,6542.5,6542.5,6541.0,6541.5,277
2026-04-02 04:19:00,6541.25,6541.25,6539.25,6540.25,349
2026-04-02 04:20:00,6540.0,6541.25,6538.75,6540.0,486
2026-04-02 04:21:00,6539.75,6540.25,6538.25,6538.75,577
2026-04-02 04:22:00,6538.75,6541.25,6537.5,6540.75,703
2026-04-02 04:23:00,6540.75,6542.25,6540.25,6540.75,442
2026-04-02 04:24:00,6541.0,6541.75,6539.75,6540.25,486
2026-04-02 04:25:00,6540.5,6541.5,6540.25,6541.0,237
2026-04-02 04:26:00,6541.25,6541.25,6539.75,6540.25,178
2026-04-02 04:27:00,6540.0,6541.0,6539.0,6539.0,239
2026-04-02 04:28:00,6539.0,6541.25,6538.5,6540.5,393
2026-04-02 04:29:00,6540.75,6543.25,6540.5,6542.5,387
2026-04-02 04:30:00,6542.25,6545.5,6542.25,6545.25,411
2026-04-02 04:31:00,6545.0,6547.75,6545.0,6547.5,396
2026-04-02 04:32:00,6547.25,6548.0,6546.5,6547.5,421
2026-04-02 04:33:00,6547.5,6547.5,6545.0,6546.25,229
2026-04-02 04:34:00,6546.25,6546.25,6545.25,6546.0,165
2026-04-02 04:35:00,6546.0,6546.25,6544.5,6545.5,228
2026-04-02 04:36:00,6545.25,6545.75,6543.0,6543.75,258
2026-04-02 04:37:00,6543.5,6544.75,6543.25,6544.5,157
2026-04-02 04:38:00,6544.25,6545.5,6544.0,6545.5,160
2026-04-02 04:39:00,6545.5,6547.75,6545.0,6546.5,297
2026-04-02 04:40:00,6546.5,6547.0,6544.5,6545.5,170
2026-04-02 04:41:00,6545.75,6546.75,6545.25,6546.0,187
2026-04-02 04:42:00,6545.75,6549.0,6545.5,6548.75,258
2026-04-02 04:43:00,6548.75,6550.0,6548.0,6548.75,275
2026-04-02 04:44:00,6548.75,6550.75,6544.75,6545.0,774
2026-04-02 04:45:00,6545.25,6547.25,6545.25,6546.75,363
2026-04-02 04:46:00,6547.0,6547.25,6545.0,6545.25,325
2026-04-02 04:47:00,6545.75,6545.75,6543.5,6545.25,416
2026-04-02 04:48:00,6545.0,6545.75,6544.0,6544.75,301
2026-04-02 04:49:00,6544.75,6545.75,6544.25,6544.5,167
2026-04-02 04:50:00,6544.5,6544.75,6543.25,6544.25,152
2026-04-02 04:51:00,6544.25,6545.75,6544.25,6544.25,120
2026-04-02 04:52:00,6544.0,6544.25,6542.75,6543.25,205
2026-04-02 04:53:00,6543.25,6543.25,6541.25,6542.25,388
2026-04-02 04:54:00,6542.5,6544.5,6542.5,6544.5,154
2026-04-02 04:55:00,6544.25,6545.25,6543.25,6545.25,200
2026-04-02 04:56:00,6545.25,6545.5,6542.75,6543.25,184
2026-04-02 04:57:00,6543.25,6543.75,6541.75,6542.0,192
2026-04-02 04:58:00,6542.0,6543.25,6540.5,6543.0,289
2026-04-02 04:59:00,6543.25,6544.0,6542.0,6542.0,141
2026-04-02 05:00:00,6542.25,6544.0,6542.25,6543.75,163
2026-04-02 05:01:00,6544.0,6545.0,6543.25,6544.25,214
2026-04-02 05:02:00,6544.0,6544.5,6541.75,6542.5,356
2026-04-02 05:03:00,6542.5,6543.25,6541.25,6542.75,136
2026-04-02 05:04:00,6542.75,6543.5,6541.0,6543.0,286
2026-04-02 05:05:00,6542.75,6542.75,6540.75,6541.75,144
2026-04-02 05:06:00,6542.0,6543.0,6541.0,6543.0,282
2026-04-02 05:07:00,6542.75,6543.5,6541.0,6541.5,222
2026-04-02 05:08:00,6541.75,6543.25,6541.75,6542.0,129
2026-04-02 05:09:00,6542.0,6542.0,6540.5,6540.75,153
2026-04-02 05:10:00,6540.75,6541.0,6539.5,6540.0,225
2026-04-02 05:11:00,6540.0,6541.0,6539.75,6540.25,215
2026-04-02 05:12:00,6540.25,6540.25,6538.75,6539.25,358
2026-04-02 05:13:00,6539.5,6540.5,6539.0,6539.5,381
2026-04-02 05:14:00,6539.5,6540.0,6539.0,6539.5,191
2026-04-02 05:15:00,6539.25,6541.0,6539.0,6540.25,273
2026-04-02 05:16:00,6540.25,6541.0,6539.75,6540.0,236
2026-04-02 05:17:00,6540.25,6541.25,6539.75,6540.25,112
2026-04-02 05:18:00,6540.25,6542.75,6540.0,6542.25,299
2026-04-02 05:19:00,6542.25,6542.5,6540.0,6540.25,224
2026-04-02 05:20:00,6540.25,6542.25,6539.75,6542.0,168
2026-04-02 05:21:00,6542.25,6544.5,6542.25,6544.0,213
2026-04-02 05:22:00,6544.0,6544.5,6542.75,6542.75,246
2026-04-02 05:23:00,6542.5,6543.25,6542.0,6542.75,167
2026-04-02 05:24:00,6542.75,6544.25,6542.25,6544.0,155
2026-04-02 05:25:00,6543.75,6547.0,6543.75,6546.5,403
2026-04-02 05:26:00,6546.5,6547.5,6546.0,6546.25,318
2026-04-02 05:27:00,6546.25,6547.0,6545.5,6546.0,324
2026-04-02 05:28:00,6546.0,6546.0,6543.75,6545.25,181
2026-04-02 05:29:00,6545.25,6545.75,6544.0,6545.0,124
2026-04-02 05:30:00,6544.75,6545.0,6543.25,6543.75,144
2026-04-02 05:31:00,6543.5,6545.25,6542.0,6542.5,247
2026-04-02 05:32:00,6542.5,6543.5,6541.0,6541.5,285
2026-04-02 05:33:00,6541.5,6541.75,6540.25,6541.25,153
2026-04-02 05:34:00,6541.0,6541.5,6540.25,6540.25,89
2026-04-02 05:35:00,6540.5,6541.5,6538.25,6539.0,426
2026-04-02 05:36:00,6539.0,6540.0,6538.5,6539.25,195
2026-04-02 05:37:00,6539.25,6539.5,6538.5,6538.75,184
2026-04-02 05:38:00,6539.0,6539.75,6538.75,6539.5,318
2026-04-02 05:39:00,6539.5,6540.5,6539.0,6539.5,154
2026-04-02 05:40:00,6539.5,6539.75,6539.0,6539.25,101
2026-04-02 05:41:00,6539.0,6539.5,6538.25,6539.5,126
2026-04-02 05:42:00,6539.25,6540.25,6538.75,6540.0,263
2026-04-02 05:43:00,6540.0,6540.25,6539.0,6540.25,228
2026-04-02 05:44:00,6540.0,6540.0,6538.75,6539.25,216
2026-04-02 05:45:00,6539.0,6539.75,6538.0,6538.75,437
2026-04-02 05:46:00,6538.5,6539.75,6538.25,6539.25,177
2026-04-02 05:47:00,6539.25,6540.25,6538.0,6538.25,285
2026-04-02 05:48:00,6538.5,6539.75,6537.25,6539.0,163
2026-04-02 05:49:00,6539.25,6539.25,6538.5,6539.0,107
2026-04-02 05:50:00,6538.75,6541.0,6538.75,6540.25,227
2026-04-02 05:51:00,6540.0,6542.25,6539.75,6540.75,350
2026-04-02 05:52:00,6540.75,6541.25,6540.5,6540.5,241
2026-04-02 05:53:00,6540.5,6541.5,6540.0,6541.0,143
2026-04-02 05:54:00,6541.5,6542.5,6541.0,6541.5,148
2026-04-02 05:55:00,6541.5,6543.25,6541.5,6542.0,394
2026-04-02 05:56:00,6542.25,6542.75,6540.0,6540.25,218
2026-04-02 05:57:00,6540.25,6540.5,6538.75,6539.25,251
2026-04-02 05:58:00,6539.25,6540.25,6537.75,6538.5,257
2026-04-02 05:59:00,6538.25,6541.5,6538.25,6541.0,221
2026-04-02 06:00:00,6541.0,6541.5,6536.25,6537.0,453
2026-04-02 06:01:00,6537.0,6539.75,6537.0,6538.5,292
2026-04-02 06:02:00,6538.5,6540.0,6538.0,6538.75,190
2026-04-02 06:03:00,6538.75,6541.75,6538.5,6541.0,272
2026-04-02 06:04:00,6541.0,6541.0,6539.75,6540.25,169
2026-04-02 06:05:00,6540.5,6543.25,6539.75,6541.75,170
2026-04-02 06:06:00,6541.75,6541.75,6536.75,6536.75,176
2026-04-02 06:07:00,6536.5,6539.5,6536.25,6538.75,317
2026-04-02 06:08:00,6538.75,6539.0,6537.25,6537.5,168
2026-04-02 06:09:00,6537.75,6539.0,6537.5,6537.5,183
2026-04-02 06:10:00,6537.75,6539.0,6536.0,6536.25,194
2026-04-02 06:11:00,6536.0,6536.5,6535.0,6535.25,186
2026-04-02 06:12:00,6535.5,6537.5,6535.25,6536.5,384
2026-04-02 06:13:00,6536.5,6536.75,6534.75,6535.0,275
2026-04-02 06:14:00,6535.25,6535.25,6531.0,6531.25,833
2026-04-02 06:15:00,6531.5,6532.5,6529.75,6530.0,854
2026-04-02 06:16:00,6530.25,6530.5,6528.25,6529.5,860
2026-04-02 06:17:00,6529.25,6529.5,6528.25,6529.0,314
2026-04-02 06:18:00,6529.0,6530.75,6528.75,6530.75,405
2026-04-02 06:19:00,6531.0,6532.5,6529.0,6529.75,566
2026-04-02 06:20:00,6530.0,6531.25,6529.0,6529.75,468
2026-04-02 06:21:00,6530.0,6530.5,6527.75,6528.25,215
2026-04-02 06:22:00,6528.25,6529.75,6528.0,6529.5,265
2026-04-02 06:23:00,6530.0,6530.0,6529.0,6529.25,183
2026-04-02 06:24:00,6529.0,6530.0,6528.5,6529.5,282
2026-04-02 06:25:00,6529.5,6531.75,6529.5,6530.75,178
2026-04-02 06:26:00,6530.75,6531.25,6530.25,6530.75,114
2026-04-02 06:27:00,6531.0,6531.25,6529.0,6530.25,422
2026-04-02 06:28:00,6530.25,6530.25,6529.0,6529.75,222
2026-04-02 06:29:00,6529.75,6530.0,6528.5,6528.75,242
2026-04-02 06:30:00,6528.75,6529.5,6528.0,6529.0,307
2026-04-02 06:31:00,6529.0,6529.25,6526.0,6528.0,625
2026-04-02 06:32:00,6528.25,6531.75,6527.5,6531.25,334
2026-04-02 06:33:00,6531.5,6532.5,6531.0,6531.5,296
2026-04-02 06:34:00,6531.5,6532.5,6531.0,6532.25,292
2026-04-02 06:35:00,6532.0,6535.25,6531.75,6534.25,484
2026-04-02 06:36:00,6534.25,6534.75,6533.5,6533.75,279
2026-04-02 06:37:00,6533.75,6534.25,6532.5,6534.0,254
2026-04-02 06:38:00,6533.75,6534.5,6532.5,6532.75,217
2026-04-02 06:39:00,6533.0,6533.25,6530.75,6531.25,214
2026-04-02 06:40:00,6531.25,6532.5,6530.75,6532.0,224
2026-04-02 06:41:00,6531.75,6532.5,6531.0,6531.5,169
2026-04-02 06:42:00,6531.25,6537.0,6531.25,6536.25,905
2026-04-02 06:43:00,6536.0,6538.0,6535.5,6537.0,431
2026-04-02 06:44:00,6536.75,6537.25,6534.75,6535.5,328
2026-04-02 06:45:00,6535.5,6537.75,6535.0,6537.5,413
2026-04-02 06:46:00,6537.5,6537.75,6535.75,6536.5,467
2026-04-02 06:47:00,6536.5,6536.75,6534.75,6535.5,390
2026-04-02 06:48:00,6535.5,6538.0,6534.5,6536.25,322
2026-04-02 06:49:00,6536.0,6537.25,6536.0,6536.5,169
2026-04-02 06:50:00,6536.25,6536.5,6533.75,6534.5,513
2026-04-02 06:51:00,6534.5,6534.75,6533.0,6533.75,210
2026-04-02 06:52:00,6533.75,6535.75,6533.5,6535.75,249
2026-04-02 06:53:00,6535.5,6537.25,6535.0,6535.25,319
2026-04-02 06:54:00,6535.0,6535.25,6532.5,6533.5,456
2026-04-02 06:55:00,6533.25,6537.0,6532.75,6536.75,551
2026-04-02 06:56:00,6537.0,6537.0,6534.75,6535.5,242
2026-04-02 06:57:00,6535.5,6537.5,6535.5,6537.5,281
2026-04-02 06:58:00,6537.5,6538.75,6537.0,6537.75,277
2026-04-02 06:59:00,6537.75,6538.25,6536.0,6536.75,396
2026-04-02 07:00:00,6536.25,6538.0,6536.25,6536.75,719
2026-04-02 07:01:00,6536.75,6538.25,6534.5,6535.5,411
2026-04-02 07:02:00,6535.75,6537.75,6534.5,6537.75,329
2026-04-02 07:03:00,6537.5,6538.0,6535.75,6536.5,298
2026-04-02 07:04:00,6536.5,6536.75,6535.0,6535.75,301
2026-04-02 07:05:00,6535.5,6535.75,6531.5,6531.75,562
2026-04-02 07:06:00,6531.75,6532.5,6529.25,6529.75,478
2026-04-02 07:07:00,6530.0,6530.0,6528.0,6529.5,342
2026-04-02 07:08:00,6529.5,6530.5,6529.0,6529.5,389
2026-04-02 07:09:00,6529.5,6529.75,6528.25,6529.0,469
2026-04-02 07:10:00,6529.0,6529.25,6527.0,6527.25,517
2026-04-02 07:11:00,6527.5,6528.0,6525.75,6527.25,921
2026-04-02 07:12:00,6527.0,6529.25,6526.75,6528.75,396
2026-04-02 07:13:00,6528.75,6529.25,6525.75,6526.5,438
2026-04-02 07:14:00,6526.25,6527.25,6525.25,6525.25,337
2026-04-02 07:15:00,6525.25,6526.25,6520.75,6524.0,1223
2026-04-02 07:16:00,6523.75,6524.0,6520.0,6520.75,1090
2026-04-02 07:17:00,6520.75,6523.0,6520.75,6522.25,513
2026-04-02 07:18:00,6522.0,6522.25,6520.5,6521.25,522
2026-04-02 07:19:00,6521.25,6523.0,6521.25,6523.0,394
2026-04-02 07:20:00,6523.0,6523.5,6522.0,6523.5,351
2026-04-02 07:21:00,6523.5,6525.0,6523.0,6523.25,380
2026-04-02 07:22:00,6523.5,6523.75,6522.5,6523.5,358
2026-04-02 07:23:00,6523.5,6524.0,6521.75,6523.25,411
2026-04-02 07:24:00,6523.25,6524.0,6521.75,6523.0,250
2026-04-02 07:25:00,6522.75,6523.0,6520.75,6521.25,387
2026-04-02 07:26:00,6521.25,6521.5,6520.0,6521.0,392
2026-04-02 07:27:00,6521.0,6521.75,6520.25,6521.0,362
2026-04-02 07:28:00,6521.0,6521.5,6517.75,6520.0,1386
2026-04-02 07:29:00,6520.25,6520.25,6516.75,6518.0,915
2026-04-02 07:30:00,6517.5,6519.25,6515.75,6518.75,1636
2026-04-02 07:31:00,6518.75,6522.25,6518.5,6521.75,698
2026-04-02 07:32:00,6522.25,6523.25,6521.25,6523.0,533
2026-04-02 07:33:00,6523.0,6524.25,6521.25,6522.0,732
2026-04-02 07:34:00,6522.25,6522.25,6518.75,6519.5,573
2026-04-02 07:35:00,6519.5,6520.75,6518.75,6520.0,609
2026-04-02 07:36:00,6519.75,6520.0,6516.5,6517.5,696
2026-04-02 07:37:00,6517.75,6518.0,6514.25,6514.5,890
2026-04-02 07:38:00,6514.75,6516.25,6513.5,6515.5,918
2026-04-02 07:39:00,6515.5,6515.5,6513.5,6513.75,441
2026-04-02 07:40:00,6513.75,6514.25,6512.5,6513.0,702
2026-04-02 07:41:00,6513.0,6513.25,6512.0,6513.0,407
2026-04-02 07:42:00,6513.0,6513.0,6511.5,6511.75,351
2026-04-02 07:43:00,6511.75,6514.25,6511.25,6514.25,483
2026-04-02 07:44:00,6514.25,6515.75,6513.5,6514.0,519
2026-04-02 07:45:00,6514.0,6515.25,6514.0,6514.0,634
2026-04-02 07:46:00,6513.75,6515.0,6513.0,6513.0,391
2026-04-02 07:47:00,6513.0,6514.5,6512.0,6514.0,384
2026-04-02 07:48:00,6514.0,6516.0,6513.75,6514.0,461
2026-04-02 07:49:00,6514.0,6515.75,6514.0,6515.5,523
2026-04-02 07:50:00,6515.25,6516.0,6514.25,6515.75,405
2026-04-02 07:51:00,6515.5,6518.75,6515.25,6517.75,769
2026-04-02 07:52:00,6517.75,6518.75,6516.75,6517.75,1190
2026-04-02 07:53:00,6517.75,6518.75,6516.5,6517.75,483
2026-04-02 07:54:00,6517.75,6520.5,6517.75,6520.25,805
2026-04-02 07:55:00,6520.5,6520.5,6517.75,6517.75,274
2026-04-02 07:56:00,6517.75,6518.75,6516.0,6517.0,354
2026-04-02 07:57:00,6517.25,6517.25,6513.75,6514.0,558
2026-04-02 07:58:00,6514.0,6514.25,6510.75,6512.0,950
2026-04-02 07:59:00,6511.75,6512.25,6508.0,6508.25,842
2026-04-02 08:00:00,6508.5,6510.25,6506.25,6507.75,1295
2026-04-02 08:01:00,6507.75,6509.0,6506.5,6508.0,453
2026-04-02 08:02:00,6507.75,6508.0,6504.5,6505.75,1293
2026-04-02 08:03:00,6506.0,6510.5,6506.0,6509.25,809
2026-04-02 08:04:00,6509.25,6510.25,6507.75,6509.75,710
2026-04-02 08:05:00,6509.5,6511.0,6508.25,6510.5,642
2026-04-02 08:06:00,6510.5,6511.75,6509.5,6510.75,635
2026-04-02 08:07:00,6510.75,6511.5,6510.0,6511.25,558
2026-04-02 08:08:00,6511.0,6511.5,6507.5,6508.5,581
2026-04-02 08:09:00,6508.25,6508.75,6504.75,6506.5,839
2026-04-02 08:10:00,6506.25,6507.25,6503.75,6505.5,840
2026-04-02 08:11:00,6505.5,6506.5,6504.75,6505.0,503
2026-04-02 08:12:00,6505.0,6507.25,6503.75,6506.75,673
2026-04-02 08:13:00,6506.75,6508.75,6506.25,6507.0,785
2026-04-02 08:14:00,6507.25,6509.0,6507.0,6508.0,648
2026-04-02 08:15:00,6508.0,6509.25,6507.25,6507.75,545
2026-04-02 08:16:00,6507.75,6508.5,6506.5,6507.25,629
2026-04-02 08:17:00,6507.0,6508.25,6506.75,6508.0,717
2026-04-02 08:18:00,6508.0,6512.25,6507.75,6511.0,1456
2026-04-02 08:19:00,6511.25,6512.25,6509.75,6512.0,718
2026-04-02 08:20:00,6511.5,6512.75,6511.0,6511.5,625
2026-04-02 08:21:00,6511.5,6516.25,6511.5,6515.75,1487
2026-04-02 08:22:00,6515.75,6516.75,6514.25,6515.75,739
2026-04-02 08:23:00,6516.0,6517.75,6516.0,6517.0,730
2026-04-02 08:24:00,6517.25,6519.5,6517.0,6519.0,918
2026-04-02 08:25:00,6519.0,6519.75,6516.5,6516.5,888
2026-04-02 08:26:00,6516.5,6517.25,6513.5,6515.25,1032
2026-04-02 08:27:00,6515.75,6517.0,6514.75,6516.0,497
2026-04-02 08:28:00,6516.25,6518.25,6515.0,6517.25,800
2026-04-02 08:29:00,6517.0,6517.75,6515.5,6517.5,647
2026-04-02 08:30:00,6517.25,6518.5,6515.75,6516.25,599
2026-04-02 08:31:00,6516.0,6518.0,6514.75,6517.25,742
2026-04-02 08:32:00,6517.5,6518.25,6516.5,6517.0,359
2026-04-02 08:33:00,6517.25,6520.0,6517.0,6517.75,710
2026-04-02 08:34:00,6517.5,6519.0,6517.0,6519.0,503
2026-04-02 08:35:00,6518.75,6520.0,6517.25,6519.0,669
2026-04-02 08:36:00,6519.25,6520.25,6516.75,6518.25,753
2026-04-02 08:37:00,6518.25,6519.0,6516.0,6516.5,704
2026-04-02 08:38:00,6516.75,6519.25,6516.5,6519.25,571
2026-04-02 08:39:00,6519.0,6520.25,6517.5,6520.0,762
2026-04-02 08:40:00,6519.75,6521.5,6518.25,6519.5,742
2026-04-02 08:41:00,6520.0,6520.25,6518.75,6519.25,491
2026-04-02 08:42:00,6519.25,6519.75,6517.25,6518.25,743
2026-04-02 08:43:00,6518.25,6521.0,6518.25,6518.5,702
2026-04-02 08:44:00,6518.5,6520.75,6518.0,6520.0,476
2026-04-02 08:45:00,6519.75,6520.0,6518.75,6519.25,403
2026-04-02 08:46:00,6519.5,6523.5,6519.5,6520.25,1232
2026-04-02 08:47:00,6520.25,6520.75,6517.25,6519.5,1386
2026-04-02 08:48:00,6519.5,6523.25,6519.5,6522.25,948
2026-04-02 08:49:00,6522.0,6523.75,6521.75,6523.25,860
2026-04-02 08:50:00,6523.25,6525.0,6522.75,6523.25,1184
2026-04-02 08:51:00,6523.25,6524.0,6521.25,6522.0,820
2026-04-02 08:52:00,6522.0,6523.75,6521.75,6522.75,679
2026-04-02 08:53:00,6523.25,6523.75,6521.75,6522.25,571
2026-04-02 08:54:00,6522.25,6523.25,6520.5,6521.75,679
2026-04-02 08:55:00,6521.5,6522.5,6520.5,6521.0,931
2026-04-02 08:56:00,6520.75,6522.25,6520.5,6521.0,435
2026-04-02 08:57:00,6521.0,6521.25,6518.75,6519.5,836
2026-04-02 08:58:00,6519.0,6519.5,6517.75,6518.25,908
2026-04-02 08:59:00,6518.5,6519.5,6516.25,6516.75,1328
2026-04-02 09:00:00,6517.0,6519.25,6515.25,6518.75,2048
2026-04-02 09:01:00,6518.75,6521.5,6518.25,6520.5,1270
2026-04-02 09:02:00,6520.5,6521.5,6516.25,6516.5,1067
2026-04-02 09:03:00,6516.5,6519.0,6515.0,6519.0,1152
2026-04-02 09:04:00,6519.0,6520.5,6518.0,6519.0,892
2026-04-02 09:05:00,6518.75,6521.5,6518.0,6520.25,853
2026-04-02 09:06:00,6520.0,6524.5,6519.5,6520.25,1032
2026-04-02 09:07:00,6520.5,6523.25,6520.5,6522.25,687
2026-04-02 09:08:00,6522.25,6522.25,6519.5,6519.5,568
2026-04-02 09:09:00,6519.75,6521.0,6519.5,6520.0,529
2026-04-02 09:10:00,6520.0,6520.75,6517.0,6518.75,709
2026-04-02 09:11:00,6518.75,6519.75,6517.5,6518.75,614
2026-04-02 09:12:00,6518.75,6519.0,6516.5,6517.25,663
2026-04-02 09:13:00,6517.0,6518.0,6515.25,6517.75,1028
2026-04-02 09:14:00,6517.75,6518.75,6517.0,6518.5,727
2026-04-02 09:15:00,6518.5,6522.0,6518.0,6521.25,1308
2026-04-02 09:16:00,6521.25,6522.0,6518.75,6519.25,925
2026-04-02 09:17:00,6519.5,6521.5,6518.75,6521.25,1011
2026-04-02 09:18:00,6521.25,6522.0,6519.75,6520.5,827
2026-04-02 09:19:00,6520.5,6520.5,6518.25,6520.25,714
2026-04-02 09:20:00,6520.0,6522.25,6519.0,6521.25,949
2026-04-02 09:21:00,6521.25,6523.75,6521.0,6522.5,955
2026-04-02 09:22:00,6522.5,6525.75,6522.25,6523.75,975
2026-04-02 09:23:00,6523.75,6524.0,6520.75,6521.5,1107
2026-04-02 09:24:00,6521.5,6522.25,6520.25,6521.5,924
2026-04-02 09:25:00,6521.25,6523.25,6520.25,6522.25,1375
2026-04-02 09:26:00,6522.5,6524.75,6522.5,6524.25,781
2026-04-02 09:27:00,6524.25,6527.5,6523.5,6525.5,2240
2026-04-02 09:28:00,6525.75,6530.0,6525.75,6528.25,2012
2026-04-02 09:29:00,6528.0,6530.0,6527.0,6527.5,2929
2026-04-02 09:30:00,6527.75,6538.5,6527.5,6532.25,15198
2026-04-02 09:31:00,6532.25,6538.25,6530.25,6537.25,8072
2026-04-02 09:32:00,6537.0,6537.5,6529.25,6530.0,5720
2026-04-02 09:33:00,6530.0,6534.5,6526.25,6533.25,7422
2026-04-02 09:34:00,6533.25,6535.25,6532.0,6534.75,4589
2026-04-02 09:35:00,6534.75,6534.75,6525.0,6525.5,5986
2026-04-02 09:36:00,6525.5,6529.5,6523.75,6525.25,4560
2026-04-02 09:37:00,6525.0,6528.0,6524.0,6527.25,4371
2026-04-02 09:38:00,6527.0,6529.5,6522.25,6522.5,4088
2026-04-02 09:39:00,6522.5,6522.75,6516.5,6517.0,5425
2026-04-02 09:40:00,6517.0,6521.25,6514.25,6517.5,7782
2026-04-02 09:41:00,6517.25,6528.0,6516.25,6527.75,5159
2026-04-02 09:42:00,6527.5,6528.0,6518.25,6519.0,4903
2026-04-02 09:43:00,6519.0,6521.5,6516.5,6517.75,3559
2026-04-02 09:44:00,6517.75,6521.25,6517.75,6520.5,3083
2026-04-02 09:45:00,6520.5,6529.25,6517.5,6527.0,6064
2026-04-02 09:46:00,6527.25,6533.5,6527.0,6533.0,5886
2026-04-02 09:47:00,6533.0,6537.0,6531.5,6534.25,6178
2026-04-02 09:48:00,6534.25,6536.25,6531.25,6534.75,5244
2026-04-02 09:49:00,6534.5,6537.5,6532.75,6533.75,4773
2026-04-02 09:50:00,6533.75,6537.25,6532.0,6536.75,4864
2026-04-02 09:51:00,6536.75,6542.5,6536.0,6540.25,6901
2026-04-02 09:52:00,6540.0,6542.25,6538.0,6540.75,5146
2026-04-02 09:53:00,6540.75,6549.75,6540.5,6547.0,9037
2026-04-02 09:54:00,6547.25,6553.0,6545.5,6549.75,7899
2026-04-02 09:55:00,6549.75,6551.75,6548.5,6551.0,5531
2026-04-02 09:56:00,6551.0,6551.75,6548.75,6550.0,4877
2026-04-02 09:57:00,6550.0,6555.5,6547.0,6554.25,6784
2026-04-02 09:58:00,6554.25,6559.5,6553.25,6558.25,6596
2026-04-02 09:59:00,6558.25,6563.0,6557.5,6560.25,6129
2026-04-02 10:00:00,6560.25,6565.0,6558.5,6560.75,8333
2026-04-02 10:01:00,6560.5,6560.75,6556.25,6558.0,7561
2026-04-02 10:02:00,6557.75,6559.0,6553.5,6554.5,6321
2026-04-02 10:03:00,6554.5,6556.5,6551.75,6555.5,5103
2026-04-02 10:04:00,6555.25,6557.5,6553.25,6554.25,3298
2026-04-02 10:05:00,6554.25,6556.0,6549.5,6554.5,5614
2026-04-02 10:06:00,6554.25,6567.0,6553.25,6566.25,8673
2026-04-02 10:07:00,6566.25,6566.75,6560.25,6561.75,6388
2026-04-02 10:08:00,6561.75,6565.75,6559.0,6564.25,5056
2026-04-02 10:09:00,6564.25,6565.75,6561.5,6562.5,3850
2026-04-02 10:10:00,6562.25,6562.5,6558.25,6561.0,4630
2026-04-02 10:11:00,6560.75,6568.75,6560.5,6565.25,5405
2026-04-02 10:12:00,6565.25,6565.25,6562.0,6562.5,4474
2026-04-02 10:13:00,6562.25,6564.75,6559.75,6561.5,4294
2026-04-02 10:14:00,6561.25,6562.25,6558.75,6560.5,3674
2026-04-02 10:15:00,6560.25,6565.0,6559.5,6564.75,4382
2026-04-02 10:16:00,6564.5,6572.0,6561.75,6562.0,6783
2026-04-02 10:17:00,6562.0,6566.25,6560.75,6565.75,3499
2026-04-02 10:18:00,6565.5,6570.5,6564.0,6568.75,4225
2026-04-02 10:19:00,6568.75,6569.25,6566.25,6567.0,3732
2026-04-02 10:20:00,6567.0,6570.0,6566.25,6567.25,3660
2026-04-02 10:21:00,6567.25,6575.0,6567.0,6574.0,6227
2026-04-02 10:22:00,6573.75,6574.0,6570.25,6572.0,3753
2026-04-02 10:23:00,6571.75,6573.25,6570.0,6570.25,3444
2026-04-02 10:24:00,6570.25,6572.25,6568.25,6571.25,3943
2026-04-02 10:25:00,6571.25,6572.0,6564.25,6566.5,4621
2026-04-02 10:26:00,6566.5,6570.75,6566.25,6566.75,3714
2026-04-02 10:27:00,6566.75,6570.25,6565.0,6567.0,3644
2026-04-02 10:28:00,6567.0,6571.25,6566.5,6570.25,2869
2026-04-02 10:29:00,6570.25,6570.75,6566.25,6567.75,3909
2026-04-02 10:30:00,6567.75,6570.75,6565.25,6570.25,4000
2026-04-02 10:31:00,6570.5,6574.5,6570.5,6572.25,3630
2026-04-02 10:32:00,6572.25,6579.0,6570.0,6576.25,5884
2026-04-02 10:33:00,6576.25,6588.5,6575.5,6587.25,13579
2026-04-02 10:34:00,6587.25,6587.75,6584.5,6586.75,6436
2026-04-02 10:35:00,6586.5,6603.75,6586.0,6601.25,13043
2026-04-02 10:36:00,6601.0,6634.25,6597.0,6626.25,34849
2026-04-02 10:37:00,6626.5,6644.5,6622.0,6636.75,23770
2026-04-02 10:38:00,6637.0,6637.0,6613.0,6615.75,21007
2026-04-02 10:39:00,6615.5,6633.75,6612.0,6629.5,16125
2026-04-02 10:40:00,6629.25,6631.25,6614.5,6617.0,11642
2026-04-02 10:41:00,6617.0,6619.0,6608.0,6610.75,11951
2026-04-02 10:42:00,6611.0,6619.0,6611.0,6614.75,10011
2026-04-02 10:43:00,6614.5,6624.5,6612.25,6620.25,11505
2026-04-02 10:44:00,6620.5,6626.75,6617.75,6625.5,7586
2026-04-02 10:45:00,6625.5,6627.75,6622.5,6624.0,6896
2026-04-02 10:46:00,6624.25,6624.25,6614.0,6615.0,8021
2026-04-02 10:47:00,6615.0,6617.75,6611.25,6615.0,9191
2026-04-02 10:48:00,6614.75,6616.25,6609.5,6611.25,7242
2026-04-02 10:49:00,6611.25,6613.25,6605.25,6606.0,7574
2026-04-02 10:50:00,6606.0,6607.25,6598.0,6602.75,10402
2026-04-02 10:51:00,6603.0,6605.0,6598.5,6600.75,7942
2026-04-02 10:52:00,6600.5,6610.25,6598.75,6610.0,6722
2026-04-02 10:53:00,6610.0,6613.5,6604.75,6606.0,6229
2026-04-02 10:54:00,6606.25,6614.25,6606.25,6611.5,5779
2026-04-02 10:55:00,6611.25,6619.75,6610.75,6618.0,6890
2026-04-02 10:56:00,6618.25,6622.25,6616.5,6618.5,6375
2026-04-02 10:57:00,6618.5,6624.25,6615.75,6622.75,6041
2026-04-02 10:58:00,6623.0,6625.0,6620.75,6623.0,5025
2026-04-02 10:59:00,6622.75,6623.0,6616.75,6618.75,6566
2026-04-02 11:00:00,6619.0,6619.75,6607.5,6608.75,10458
2026-04-02 11:01:00,6608.75,6612.0,6606.25,6607.5,6573
2026-04-02 11:02:00,6607.75,6608.75,6603.5,6604.0,5793
2026-04-02 11:03:00,6604.0,6612.0,6602.75,6611.0,6124
2026-04-02 11:04:00,6611.0,6617.25,6609.0,6615.0,9350
2026-04-02 11:05:00,6615.0,6616.5,6608.25,6610.25,6542
2026-04-02 11:06:00,6610.0,6613.25,6609.5,6609.75,4130
2026-04-02 11:07:00,6609.5,6610.25,6605.75,6606.5,4832
2026-04-02 11:08:00,6606.75,6612.5,6606.75,6610.75,3960
2026-04-02 11:09:00,6610.75,6614.25,6608.0,6613.25,3977
2026-04-02 11:10:00,6613.25,6619.5,6610.75,6618.25,5976
2026-04-02 11:11:00,6618.0,6622.0,6616.25,6618.5,6718
2026-04-02 11:12:00,6618.25,6624.5,6618.25,6621.75,5620
2026-04-02 11:13:00,6621.75,6623.0,6618.75,6619.0,2752
2026-04-02 11:14:00,6619.25,6619.25,6614.25,6617.5,4219
2026-04-02 11:15:00,6617.5,6619.0,6615.5,6617.5,4329
2026-04-02 11:16:00,6617.5,6621.0,6616.25,6620.5,3595
2026-04-02 11:17:00,6620.5,6623.0,6615.25,6615.5,5036
2026-04-02 11:18:00,6615.5,6617.75,6611.75,6617.5,6365
2026-04-02 11:19:00,6617.5,6619.5,6616.5,6617.0,3188
2026-04-02 11:20:00,6616.75,6617.0,6606.75,6609.5,5673
2026-04-02 11:21:00,6609.5,6611.25,6604.0,6608.5,5714
2026-04-02 11:22:00,6608.25,6611.75,6604.0,6604.75,3897
2026-04-02 11:23:00,6604.75,6608.75,6604.75,6607.25,4356
2026-04-02 11:24:00,6607.0,6613.75,6607.0,6611.75,4439
2026-04-02 11:25:00,6611.75,6612.25,6604.75,6607.75,4434
2026-04-02 11:26:00,6607.75,6615.5,6607.25,6615.0,5223
2026-04-02 11:27:00,6614.75,6618.75,6612.0,6618.75,3970
2026-04-02 11:28:00,6618.5,6622.0,6618.5,6621.0,5241
2026-04-02 11:29:00,6621.0,6621.25,6616.0,6617.75,3334
2026-04-02 11:30:00,6617.75,6619.25,6613.0,6616.0,4737
2026-04-02 11:31:00,6615.75,6615.75,6610.75,6614.25,3836
2026-04-02 11:32:00,6614.25,6615.0,6612.25,6613.75,3044
2026-04-02 11:33:00,6613.75,6613.75,6608.0,6609.75,2818
2026-04-02 11:34:00,6609.5,6614.75,6608.0,6614.5,3761
2026-04-02 11:35:00,6614.75,6616.75,6613.0,6616.0,3632
2026-04-02 11:36:00,6616.0,6620.5,6615.5,6620.25,3807
2026-04-02 11:37:00,6620.25,6623.75,6618.75,6620.0,4977
2026-04-02 11:38:00,6620.25,6620.25,6616.5,6619.0,2853
2026-04-02 11:39:00,6619.25,6620.75,6615.0,6617.5,2716
2026-04-02 11:40:00,6617.0,6619.0,6614.5,6615.75,4103
2026-04-02 11:41:00,6615.5,6617.0,6609.5,6611.75,3579
2026-04-02 11:42:00,6611.75,6612.75,6607.25,6609.0,2972
2026-04-02 11:43:00,6609.0,6613.0,6608.5,6612.25,2420
2026-04-02 11:44:00,6612.25,6618.25,6612.0,6617.25,5217
2026-04-02 11:45:00,6617.25,6617.25,6609.0,6610.0,3710
2026-04-02 11:46:00,6610.0,6615.25,6609.0,6612.75,3083
2026-04-02 11:47:00,6612.5,6613.5,6609.75,6612.5,2356
2026-04-02 11:48:00,6612.75,6614.5,6606.5,6608.75,3370
2026-04-02 11:49:00,6608.75,6609.75,6605.5,6606.25,2415
2026-04-02 11:50:00,6606.25,6606.75,6598.75,6599.5,5095
2026-04-02 11:51:00,6599.25,6602.0,6595.25,6597.75,5505
2026-04-02 11:52:00,6597.75,6606.0,6597.5,6605.25,5213
2026-04-02 11:53:00,6605.0,6605.5,6601.25,6601.75,2703
2026-04-02 11:54:00,6602.0,6611.25,6601.25,6609.75,5023
2026-04-02 11:55:00,6609.5,6612.5,6607.0,6612.5,3668
2026-04-02 11:56:00,6612.5,6612.5,6606.25,6607.0,3352
2026-04-02 11:57:00,6606.75,6608.0,6602.5,6604.75,3047
2026-04-02 11:58:00,6604.75,6606.5,6603.25,6604.0,1707
2026-04-02 11:59:00,6603.75,6607.25,6603.5,6605.25,2273
2026-04-02 12:00:00,6605.0,6607.0,6603.0,6604.25,3241
2026-04-02 12:01:00,6604.25,6611.75,6604.25,6611.0,3675
2026-04-02 12:02:00,6610.75,6611.25,6605.5,6607.0,3051
2026-04-02 12:03:00,6607.0,6607.75,6604.75,6606.5,2446
2026-04-02 12:04:00,6606.5,6607.25,6600.5,6602.5,2883
2026-04-02 12:05:00,6602.5,6606.0,6602.25,6604.75,1929
2026-04-02 12:06:00,6604.5,6604.75,6601.0,6602.0,2116
2026-04-02 12:07:00,6602.0,6602.0,6597.75,6599.0,2083
2026-04-02 12:08:00,6598.75,6600.0,6592.5,6593.0,3096
2026-04-02 12:09:00,6593.0,6602.0,6592.5,6600.75,3416
2026-04-02 12:10:00,6600.5,6601.75,6597.0,6597.75,2404
2026-04-02 12:11:00,6597.5,6599.0,6595.25,6597.75,2343
2026-04-02 12:12:00,6597.5,6600.5,6597.0,6598.25,2251
2026-04-02 12:13:00,6598.0,6602.5,6596.75,6601.0,2367
2026-04-02 12:14:00,6600.75,6601.0,6598.25,6598.75,2258
2026-04-02 12:15:00,6598.5,6599.25,6596.5,6598.25,1794
2026-04-02 12:16:00,6598.5,6601.5,6597.0,6597.5,2252
2026-04-02 12:17:00,6597.75,6599.25,6594.5,6596.75,2271
2026-04-02 12:18:00,6596.75,6598.75,6593.5,6595.25,2009
2026-04-02 12:19:00,6595.75,6596.5,6589.0,6589.75,4680
2026-04-02 12:20:00,6589.5,6591.5,6586.5,6590.25,4239
2026-04-02 12:21:00,6590.25,6594.0,6590.0,6593.0,3430
2026-04-02 12:22:00,6593.0,6595.75,6592.25,6594.0,2665
2026-04-02 12:23:00,6594.0,6596.0,6590.5,6592.0,2523
2026-04-02 12:24:00,6592.0,6593.25,6590.25,6590.5,1503
2026-04-02 12:25:00,6590.5,6592.0,6588.0,6588.75,2342
2026-04-02 12:26:00,6589.0,6592.75,6588.25,6592.0,1807
2026-04-02 12:27:00,6591.75,6594.25,6590.75,6594.0,2124
2026-04-02 12:28:00,6594.0,6597.25,6593.25,6594.5,2908
2026-04-02 12:29:00,6594.25,6594.75,6591.75,6592.0,1979
2026-04-02 12:30:00,6591.75,6593.5,6590.25,6590.75,2185
2026-04-02 12:31:00,6590.75,6596.75,6590.0,6595.75,2182
2026-04-02 12:32:00,6595.75,6602.75,6595.5,6602.5,3554
2026-04-02 12:33:00,6602.25,6604.75,6600.0,6602.75,3099
2026-04-02 12:34:00,6602.5,6603.0,6600.0,6600.5,2417
2026-04-02 12:35:00,6600.25,6603.25,6598.5,6602.0,2336
2026-04-02 12:36:00,6602.0,6602.25,6593.25,6598.75,6111
2026-04-02 12:37:00,6598.5,6600.25,6595.5,6598.25,1705
2026-04-02 12:38:00,6598.25,6599.0,6590.5,6595.75,3626
2026-04-02 12:39:00,6595.5,6599.25,6595.25,6597.25,1918
2026-04-02 12:40:00,6597.0,6614.25,6596.75,6605.25,10462
2026-04-02 12:41:00,6605.25,6605.5,6600.25,6602.5,2829
2026-04-02 12:42:00,6602.25,6605.5,6601.75,6604.25,1827
2026-04-02 12:43:00,6604.25,6606.0,6602.5,6605.5,1736
2026-04-02 12:44:00,6605.5,6610.0,6605.5,6607.0,2553
2026-04-02 12:45:00,6607.0,6610.25,6606.25,6609.25,2771
2026-04-02 12:46:00,6609.25,6610.5,6607.75,6608.75,1931
2026-04-02 12:47:00,6608.75,6609.0,6606.5,6608.25,1964
2026-04-02 12:48:00,6608.25,6608.25,6604.25,6604.5,1468
2026-04-02 12:49:00,6604.25,6607.75,6604.25,6607.5,1602
2026-04-02 12:50:00,6607.5,6609.0,6607.25,6607.75,1755
2026-04-02 12:51:00,6607.75,6608.0,6603.5,6606.0,1809
2026-04-02 12:52:00,6606.0,6608.5,6606.0,6608.0,1438
2026-04-02 12:53:00,6607.75,6609.75,6607.5,6609.25,1766
2026-04-02 12:54:00,6609.25,6610.75,6607.5,6608.0,2229
2026-04-02 12:55:00,6608.0,6608.25,6605.5,6606.5,1554
2026-04-02 12:56:00,6606.25,6606.25,6604.0,6604.75,1513
2026-04-02 12:57:00,6604.5,6606.25,6603.5,6603.75,1123
2026-04-02 12:58:00,6603.5,6604.75,6601.75,6603.25,1659
2026-04-02 12:59:00,6603.25,6604.75,6599.75,6600.25,1840
2026-04-02 13:00:00,6600.25,6601.0,6595.25,6595.5,3856
2026-04-02 13:01:00,6595.25,6598.25,6594.5,6595.25,2160
2026-04-02 13:02:00,6595.0,6597.25,6595.0,6596.75,1953
2026-04-02 13:03:00,6596.5,6603.5,6596.5,6602.5,2743
2026-04-02 13:04:00,6602.5,6604.0,6601.25,6602.5,1795
2026-04-02 13:05:00,6602.5,6603.25,6600.25,6603.25,2070
2026-04-02 13:06:00,6603.25,6603.75,6600.5,6602.75,2184
2026-04-02 13:07:00,6602.5,6604.75,6602.5,6603.5,1512
2026-04-02 13:08:00,6603.5,6603.75,6599.5,6600.5,1662
2026-04-02 13:09:00,6600.5,6603.25,6599.75,6602.5,1483
2026-04-02 13:10:00,6602.5,6603.0,6599.75,6600.5,1596
2026-04-02 13:11:00,6600.25,6602.25,6598.75,6599.5,1897
2026-04-02 13:12:00,6599.75,6602.75,6598.75,6602.5,2226
2026-04-02 13:13:00,6602.5,6607.5,6601.5,6607.25,2717
2026-04-02 13:14:00,6607.0,6611.0,6606.75,6608.25,2853
2026-04-02 13:15:00,6608.25,6611.0,6607.25,6609.75,2539
2026-04-02 13:16:00,6609.5,6614.75,6609.25,6610.75,4713
2026-04-02 13:17:00,6610.5,6611.25,6608.75,6610.75,2212
2026-04-02 13:18:00,6610.75,6611.5,6608.75,6609.0,1562
2026-04-02 13:19:00,6608.75,6611.25,6608.75,6610.75,1393
2026-04-02 13:20:00,6610.75,6612.75,6610.0,6612.0,1874
2026-04-02 13:21:00,6611.75,6612.0,6609.75,6611.0,1364
2026-04-02 13:22:00,6610.75,6612.0,6609.0,6611.75,1288
2026-04-02 13:23:00,6611.75,6614.0,6611.25,6614.0,1487
2026-04-02 13:24:00,6614.0,6615.0,6612.75,6613.25,1355
2026-04-02 13:25:00,6613.25,6615.25,6612.25,6612.75,1828
2026-04-02 13:26:00,6612.75,6613.25,6610.75,6611.25,1157
2026-04-02 13:27:00,6611.25,6612.0,6610.25,6612.0,939
2026-04-02 13:28:00,6612.25,6613.0,6610.75,6612.25,1097
2026-04-02 13:29:00,6612.0,6612.25,6610.5,6611.0,1119
2026-04-02 13:30:00,6611.0,6612.25,6609.75,6610.5,1246
2026-04-02 13:31:00,6610.5,6612.0,6608.5,6609.0,1450
2026-04-02 13:32:00,6609.0,6610.25,6608.25,6609.25,1031
2026-04-02 13:33:00,6609.0,6610.0,6606.5,6608.0,1856
2026-04-02 13:34:00,6608.0,6610.5,6607.75,6607.75,1680
2026-04-02 13:35:00,6607.75,6608.25,6604.5,6605.75,1977
2026-04-02 13:36:00,6605.5,6607.25,6605.25,6606.0,1386
2026-04-02 13:37:00,6605.75,6606.25,6604.25,6604.75,1221
2026-04-02 13:38:00,6605.0,6607.25,6604.25,6605.5,1271
2026-04-02 13:39:00,6605.5,6608.5,6605.25,6607.5,1589
2026-04-02 13:40:00,6607.5,6609.25,6606.75,6606.75,1389
2026-04-02 13:41:00,6607.0,6608.0,6604.5,6605.0,1112
2026-04-02 13:42:00,6605.0,6605.5,6602.75,6605.25,2316
2026-04-02 13:43:00,6605.0,6606.5,6604.0,6605.0,1371
2026-04-02 13:44:00,6605.0,6607.5,6604.5,6607.0,1506
2026-04-02 13:45:00,6607.25,6608.0,6603.0,6603.0,1634
2026-04-02 13:46:00,6603.0,6603.75,6599.5,6600.75,2927
2026-04-02 13:47:00,6601.0,6601.25,6595.5,6596.75,2777
2026-04-02 13:48:00,6596.75,6597.0,6592.5,6593.0,3024
2026-04-02 13:49:00,6593.0,6594.25,6591.5,6592.5,2712
2026-04-02 13:50:00,6592.25,6597.0,6591.75,6595.75,2427
2026-04-02 13:51:00,6596.0,6596.75,6593.25,6593.25,2236
2026-04-02 13:52:00,6593.25,6594.25,6590.25,6593.0,2068
2026-04-02 13:53:00,6593.0,6596.75,6592.75,6594.5,2417
2026-04-02 13:54:00,6594.75,6597.5,6594.0,6597.0,2064
2026-04-02 13:55:00,6597.25,6599.75,6594.75,6596.25,2350
2026-04-02 13:56:00,6596.0,6596.75,6594.0,6595.75,1465
2026-04-02 13:57:00,6595.75,6596.25,6594.25,6594.75,906
2026-04-02 13:58:00,6594.5,6595.75,6593.5,6595.75,1197
2026-04-02 13:59:00,6595.75,6598.75,6595.5,6597.25,1733
2026-04-02 14:00:00,6597.0,6602.0,6597.0,6600.0,2885
2026-04-02 14:01:00,6600.0,6602.5,6599.75,6601.75,1867
2026-04-02 14:02:00,6601.5,6601.75,6599.75,6600.75,1354
2026-04-02 14:03:00,6600.75,6602.25,6599.0,6601.25,1827
2026-04-02 14:04:00,6601.0,6604.0,6600.0,6603.75,1618
2026-04-02 14:05:00,6603.75,6609.0,6603.0,6607.25,3986
2026-04-02 14:06:00,6607.25,6607.25,6603.75,6606.25,2264
2026-04-02 14:07:00,6606.5,6606.5,6602.25,6603.0,1857
2026-04-02 14:08:00,6603.25,6604.5,6601.75,6603.25,1856
2026-04-02 14:09:00,6603.25,6605.25,6603.25,6604.5,1066
2026-04-02 14:10:00,6604.75,6608.0,6604.0,6607.0,1991
2026-04-02 14:11:00,6607.25,6607.25,6606.0,6606.25,1123
2026-04-02 14:12:00,6606.25,6606.25,6603.25,6605.5,1842
2026-04-02 14:13:00,6605.25,6605.5,6603.75,6604.5,1017
2026-04-02 14:14:00,6604.75,6605.25,6602.75,6604.0,1427
2026-04-02 14:15:00,6604.0,6604.5,6600.5,6602.75,1915
2026-04-02 14:16:00,6602.75,6605.5,6602.0,6605.25,1465
2026-04-02 14:17:00,6605.0,6607.0,6604.25,6606.75,1732
2026-04-02 14:18:00,6606.75,6607.25,6605.5,6606.0,1037
2026-04-02 14:19:00,6605.75,6606.25,6603.25,6604.75,1337
2026-04-02 14:20:00,6604.75,6605.25,6603.5,6604.25,969
2026-04-02 14:21:00,6604.0,6605.75,6603.0,6604.5,890
2026-04-02 14:22:00,6604.25,6604.75,6603.25,6604.75,1157
2026-04-02 14:23:00,6604.75,6604.75,6602.5,6603.5,1162
2026-04-02 14:24:00,6603.25,6604.5,6601.25,6601.5,1338
2026-04-02 14:25:00,6601.25,6601.5,6598.5,6599.25,2452
2026-04-02 14:26:00,6599.25,6600.5,6598.25,6599.25,1497
2026-04-02 14:27:00,6599.25,6600.25,6599.0,6599.5,1416
2026-04-02 14:28:00,6599.75,6602.25,6599.25,6600.75,2298
2026-04-02 14:29:00,6600.75,6602.0,6599.0,6599.75,2143
2026-04-02 14:30:00,6600.0,6603.25,6599.75,6602.75,1431
2026-04-02 14:31:00,6602.75,6603.25,6600.5,6601.25,1686
2026-04-02 14:32:00,6601.25,6601.75,6599.0,6599.75,1111
2026-04-02 14:33:00,6599.5,6600.75,6598.5,6600.25,862
2026-04-02 14:34:00,6600.5,6602.75,6600.5,6602.25,859
2026-04-02 14:35:00,6602.0,6603.0,6600.75,6602.5,962
2026-04-02 14:36:00,6602.5,6602.75,6601.0,6601.5,797
2026-04-02 14:37:00,6601.25,6602.5,6600.75,6602.25,889
2026-04-02 14:38:00,6602.25,6602.25,6599.5,6600.5,954
2026-04-02 14:39:00,6600.25,6601.25,6599.0,6600.5,1076
2026-04-02 14:40:00,6600.25,6607.0,6600.0,6607.0,2330
2026-04-02 14:41:00,6606.75,6610.25,6605.25,6607.5,3563
2026-04-02 14:42:00,6607.5,6607.75,6605.25,6606.0,1447
2026-04-02 14:43:00,6606.25,6606.25,6603.5,6604.25,1342
2026-04-02 14:44:00,6604.5,6608.25,6604.25,6608.25,1469
2026-04-02 14:45:00,6608.25,6610.25,6607.0,6609.25,2152
2026-04-02 14:46:00,6609.25,6611.0,6608.5,6610.25,1680
2026-04-02 14:47:00,6610.5,6611.0,6609.0,6609.5,1506
2026-04-02 14:48:00,6609.5,6611.25,6607.5,6608.0,1735
2026-04-02 14:49:00,6608.0,6610.0,6607.75,6610.0,918
2026-04-02 14:50:00,6609.75,6611.0,6608.25,6608.5,1582
2026-04-02 14:51:00,6608.5,6610.25,6608.0,6610.25,1294
2026-04-02 14:52:00,6610.0,6613.75,6610.0,6613.0,2324
2026-04-02 14:53:00,6612.75,6615.25,6612.25,6613.0,2348
2026-04-02 14:54:00,6612.75,6613.25,6611.25,6611.75,1646
2026-04-02 14:55:00,6612.0,6612.25,6609.0,6609.75,1711
2026-04-02 14:56:00,6609.75,6611.5,6609.5,6610.25,1027
2026-04-02 14:57:00,6610.0,6610.75,6609.5,6609.75,1062
2026-04-02 14:58:00,6609.5,6611.0,6609.5,6610.25,758
2026-04-02 14:59:00,6610.5,6610.5,6608.25,6609.0,1620
2026-04-02 15:00:00,6609.25,6611.5,6609.0,6611.0,2017
2026-04-02 15:01:00,6611.0,6613.0,6610.75,6612.25,1692
2026-04-02 15:02:00,6612.0,6613.25,6612.0,6612.5,1884
2026-04-02 15:03:00,6612.25,6612.5,6610.5,6610.75,1289
2026-04-02 15:04:00,6610.75,6610.75,6608.75,6610.0,1997
2026-04-02 15:05:00,6610.0,6614.25,6609.75,6612.25,1827
2026-04-02 15:06:00,6612.25,6612.5,6610.5,6611.5,1047
2026-04-02 15:07:00,6611.75,6613.25,6610.75,6612.75,870
2026-04-02 15:08:00,6612.75,6613.5,6610.5,6613.25,2769
2026-04-02 15:09:00,6613.0,6613.5,6611.5,6613.0,1161
2026-04-02 15:10:00,6613.25,6616.25,6613.25,6616.0,2056
2026-04-02 15:11:00,6615.75,6617.5,6615.0,6616.0,2081
2026-04-02 15:12:00,6616.0,6616.25,6614.5,6615.25,1733
2026-04-02 15:13:00,6615.25,6615.25,6612.5,6613.0,1745
2026-04-02 15:14:00,6613.0,6613.25,6611.25,6611.75,1595
2026-04-02 15:15:00,6612.0,6613.25,6610.25,6610.5,1910
2026-04-02 15:16:00,6610.5,6611.25,6608.5,6610.0,2646
2026-04-02 15:17:00,6610.0,6610.25,6608.75,6608.75,1412
2026-04-02 15:18:00,6608.75,6609.5,6607.5,6607.5,1390
2026-04-02 15:19:00,6607.5,6610.75,6607.0,6609.75,1438
2026-04-02 15:20:00,6610.0,6610.5,6608.5,6608.5,1427
2026-04-02 15:21:00,6608.5,6609.0,6606.5,6607.0,1904
2026-04-02 15:22:00,6607.25,6610.5,6606.0,6610.5,1667
2026-04-02 15:23:00,6610.5,6613.25,6608.0,6612.0,2682
2026-04-02 15:24:00,6611.75,6612.25,6608.75,6609.0,2118
2026-04-02 15:25:00,6609.0,6609.25,6607.5,6607.75,1984
2026-04-02 15:26:00,6607.75,6608.0,6606.0,6607.0,1804
2026-04-02 15:27:00,6607.0,6609.25,6606.75,6607.5,1507
2026-04-02 15:28:00,6607.5,6607.5,6605.5,6606.5,2592
2026-04-02 15:29:00,6606.5,6608.75,6606.25,6608.0,1451
2026-04-02 15:30:00,6608.0,6609.75,6607.5,6608.75,1864
2026-04-02 15:31:00,6609.0,6610.25,6607.75,6609.25,1592
2026-04-02 15:32:00,6609.0,6610.25,6607.0,6607.25,1975
2026-04-02 15:33:00,6607.5,6607.75,6605.0,6605.25,2319
2026-04-02 15:34:00,6605.25,6607.25,6605.0,6607.0,2195
2026-04-02 15:35:00,6607.25,6610.5,6606.75,6609.0,2453
2026-04-02 15:36:00,6608.75,6610.5,6608.0,6609.25,1798
2026-04-02 15:37:00,6609.25,6610.5,6608.25,6608.25,1420
2026-04-02 15:38:00,6608.25,6609.75,6608.0,6609.25,1169
2026-04-02 15:39:00,6609.25,6612.0,6608.75,6611.5,1731
2026-04-02 15:40:00,6611.5,6614.0,6611.0,6614.0,2786
2026-04-02 15:41:00,6613.75,6614.5,6610.5,6611.25,2524
2026-04-02 15:42:00,6611.25,6612.5,6609.75,6609.75,1750
2026-04-02 15:43:00,6609.75,6611.25,6609.5,6609.5,1704
2026-04-02 15:44:00,6609.5,6609.5,6607.5,6607.75,1967
2026-04-02 15:45:00,6608.0,6610.0,6605.75,6607.25,2598
2026-04-02 15:46:00,6607.0,6608.25,6606.5,6608.25,1899
2026-04-02 15:47:00,6608.5,6610.25,6607.5,6610.0,2170
2026-04-02 15:48:00,6610.0,6611.0,6608.0,6609.5,2361
2026-04-02 15:49:00,6609.5,6610.25,6609.0,6609.75,1836
2026-04-02 15:50:00,6610.0,6620.25,6609.75,6617.0,9230
2026-04-02 15:51:00,6616.75,6617.5,6614.5,6617.25,3660
2026-04-02 15:52:00,6617.0,6619.0,6616.0,6617.75,3205
2026-04-02 15:53:00,6617.5,6619.5,6617.0,6618.25,3783
2026-04-02 15:54:00,6618.0,6620.25,6617.25,6618.75,4716
2026-04-02 15:55:00,6618.5,6625.25,6617.5,6622.25,9581
2026-04-02 15:56:00,6622.25,6622.75,6620.0,6620.75,5056
2026-04-02 15:57:00,6620.75,6622.75,6619.5,6622.5,4373
2026-04-02 15:58:00,6622.5,6623.75,6621.0,6621.25,6281
2026-04-02 15:59:00,6621.0,6624.0,6620.5,6623.0,55804
2026-04-02 16:00:00,6623.25,6625.0,6619.25,6622.25,17297
2026-04-02 16:01:00,6622.0,6624.75,6621.75,6623.5,4176
2026-04-02 16:02:00,6623.5,6623.5,6620.75,6621.25,2125
2026-04-02 16:03:00,6621.25,6623.0,6621.25,6622.5,1715
2026-04-02 16:04:00,6622.5,6622.75,6621.0,6621.25,1227
2026-04-02 16:05:00,6621.25,6621.75,6620.5,6620.75,1525
2026-04-02 16:06:00,6620.75,6621.0,6619.5,6620.5,1346
2026-04-02 16:07:00,6620.5,6621.5,6620.0,6621.25,688
2026-04-02 16:08:00,6621.0,6621.25,6619.25,6619.5,1028
2026-04-02 16:09:00,6619.5,6620.25,6619.25,6619.5,735
2026-04-02 16:10:00,6619.75,6621.0,6619.5,6620.5,835
2026-04-02 16:11:00,6620.25,6622.25,6620.0,6622.0,1000
2026-04-02 16:12:00,6622.25,6622.75,6621.5,6621.75,742
2026-04-02 16:13:00,6621.75,6622.75,6621.0,6622.5,655
2026-04-02 16:14:00,6622.5,6624.0,6621.25,6623.25,1381
2026-04-02 16:15:00,6623.5,6624.5,6622.75,6623.75,771
2026-04-02 16:16:00,6624.0,6624.25,6622.25,6622.25,393
2026-04-02 16:17:00,6622.25,6623.25,6622.25,6622.75,287
2026-04-02 16:18:00,6622.75,6623.0,6622.25,6623.0,310
2026-04-02 16:19:00,6623.0,6623.5,6622.5,6623.25,264
2026-04-02 16:20:00,6623.0,6623.25,6621.5,6622.0,286
2026-04-02 16:21:00,6622.0,6623.0,6622.0,6622.75,194
2026-04-02 16:22:00,6622.75,6623.0,6622.25,6622.5,340
2026-04-02 16:23:00,6622.25,6623.25,6622.25,6623.0,170
2026-04-02 16:24:00,6623.25,6623.75,6623.0,6623.75,394
2026-04-02 16:25:00,6623.5,6624.0,6623.25,6623.5,400
2026-04-02 16:26:00,6623.5,6624.0,6623.25,6623.25,141
2026-04-02 16:27:00,6623.5,6625.0,6623.0,6625.0,275
2026-04-02 16:28:00,6625.0,6625.0,6624.0,6624.75,591
2026-04-02 16:29:00,6625.0,6628.75,6625.0,6627.75,1325
2026-04-02 16:30:00,6627.5,6628.25,6626.75,6627.0,486
2026-04-02 16:31:00,6627.0,6627.0,6625.75,6626.0,409
2026-04-02 16:32:00,6625.75,6626.0,6624.5,6624.5,547
2026-04-02 16:33:00,6624.5,6625.5,6624.5,6624.75,258
2026-04-02 16:34:00,6624.5,6624.5,6623.0,6623.5,230
2026-04-02 16:35:00,6623.25,6624.0,6622.75,6623.25,225
2026-04-02 16:36:00,6623.0,6623.5,6622.25,6623.25,357
2026-04-02 16:37:00,6623.5,6623.75,6623.0,6623.5,130
2026-04-02 16:38:00,6623.5,6623.5,6622.5,6623.0,240
2026-04-02 16:39:00,6623.25,6624.5,6623.25,6624.25,341
2026-04-02 16:40:00,6624.0,6624.5,6622.75,6622.75,267
2026-04-02 16:41:00,6622.75,6623.75,6622.75,6622.75,216
2026-04-02 16:42:00,6622.75,6624.0,6622.75,6623.75,175
2026-04-02 16:43:00,6623.75,6624.25,6623.5,6623.5,186
2026-04-02 16:44:00,6623.5,6623.75,6623.0,6623.25,244
2026-04-02 16:45:00,6623.25,6623.75,6623.25,6623.75,156
2026-04-02 16:46:00,6623.5,6625.0,6623.5,6625.0,327
2026-04-02 16:47:00,6624.75,6625.5,6624.25,6625.0,426
2026-04-02 16:48:00,6625.25,6625.25,6624.5,6625.25,196
2026-04-02 16:49:00,6625.25,6625.5,6624.25,6624.25,280
2026-04-02 16:50:00,6624.5,6624.5,6623.0,6623.75,354
2026-04-02 16:51:00,6623.75,6624.25,6623.5,6623.5,241
2026-04-02 16:52:00,6623.5,6623.75,6623.0,6623.25,177
2026-04-02 16:53:00,6623.25,6623.5,6622.75,6622.75,204
2026-04-02 16:54:00,6622.75,6623.5,6622.75,6623.25,407
2026-04-02 16:55:00,6623.25,6623.75,6622.25,6622.5,344
2026-04-02 16:56:00,6622.5,6622.75,6622.25,6622.75,174
2026-04-02 16:57:00,6622.75,6623.0,6621.5,6622.5,408
2026-04-02 16:58:00,6622.75,6623.25,6622.5,6623.0,219
2026-04-02 16:59:00,6623.0,6624.25,6622.5,6624.0,299
2026-04-02 18:00:00,6622.5,6622.5,6619.5,6621.0,149
2026-04-02 18:01:00,6621.0,6621.25,6619.75,6620.5,75
2026-04-02 18:02:00,6620.5,6621.25,6620.0,6620.75,51
2026-04-02 18:03:00,6621.0,6621.75,6620.75,6621.25,63
2026-04-02 18:04:00,6621.0,6621.0,6620.5,6620.75,23
2026-04-02 18:05:00,6620.25,6621.25,6620.25,6620.75,33
2026-04-02 18:06:00,6620.75,6621.5,6620.75,6621.0,17
2026-04-02 18:07:00,6621.0,6621.5,6620.75,6621.25,25
2026-04-02 18:08:00,6621.0,6621.0,6620.0,6620.75,33
2026-04-02 18:09:00,6620.5,6623.75,6620.0,6621.25,210
2026-04-02 18:10:00,6621.25,6621.75,6621.0,6621.0,41
2026-04-02 18:11:00,6621.0,6621.0,6620.0,6620.5,38
2026-04-02 18:12:00,6620.5,6620.5,6619.75,6620.5,19
2026-04-02 18:13:00,6620.0,6620.25,6620.0,6620.25,14
2026-04-02 18:14:00,6620.5,6621.0,6620.5,6620.75,24
2026-04-02 18:15:00,6620.5,6621.25,6620.5,6621.0,79
2026-04-02 18:16:00,6620.75,6622.25,6620.75,6622.0,210
2026-04-02 18:17:00,6622.0,6622.0,6620.25,6621.0,124
2026-04-02 18:18:00,6621.25,6623.75,6621.25,6623.75,231
2026-04-02 18:19:00,6623.5,6626.0,6620.5,6620.75,356
2026-04-02 18:20:00,6620.75,6622.0,6619.0,6620.25,278
2026-04-02 18:21:00,6620.25,6621.75,6619.75,6621.75,84
2026-04-02 18:22:00,6621.5,6623.0,6621.25,6622.5,148
2026-04-02 18:23:00,6622.5,6622.5,6621.0,6621.75,177
2026-04-02 18:24:00,6622.0,6622.0,6620.75,6621.25,122
2026-04-02 18:25:00,6621.25,6621.75,6620.5,6621.75,109
2026-04-02 18:26:00,6621.75,6623.75,6621.75,6623.25,159
2026-04-02 18:27:00,6623.5,6624.5,6622.75,6623.75,184
2026-04-02 18:28:00,6624.0,6624.25,6622.5,6622.75,59
2026-04-02 18:29:00,6622.5,6623.25,6622.5,6622.75,36
2026-04-02 18:30:00,6622.75,6624.25,6622.75,6624.25,53
2026-04-02 18:31:00,6624.0,6624.5,6623.5,6624.25,86
2026-04-02 18:32:00,6624.0,6625.25,6624.0,6624.5,115
2026-04-02 18:33:00,6624.75,6625.5,6624.5,6624.5,88
2026-04-02 18:34:00,6624.75,6624.75,6624.0,6624.5,80
2026-04-02 18:35:00,6624.25,6625.0,6623.5,6624.75,70
2026-04-02 18:36:00,6624.5,6624.75,6623.75,6623.75,48
2026-04-02 18:37:00,6624.25,6624.25,6623.25,6623.5,52
2026-04-02 18:38:00,6623.5,6623.5,6623.5,6623.5,5
2026-04-02 18:39:00,6623.25,6623.75,6622.25,6623.5,87
2026-04-02 18:40:00,6624.0,6624.75,6624.0,6624.5,44
2026-04-02 18:41:00,6624.5,6625.25,6624.25,6624.5,76
2026-04-02 18:42:00,6624.5,6624.5,6623.25,6624.0,65
2026-04-02 18:43:00,6624.25,6624.75,6624.25,6624.25,19
2026-04-02 18:44:00,6624.5,6624.5,6623.75,6623.75,7
2026-04-02 18:45:00,6623.5,6623.75,6623.25,6623.5,34
2026-04-02 18:46:00,6623.5,6623.5,6623.0,6623.0,10
2026-04-02 18:47:00,6623.25,6623.5,6622.75,6623.5,29
2026-04-02 18:48:00,6623.75,6624.25,6623.25,6623.25,34
2026-04-02 18:49:00,6623.25,6623.75,6623.25,6623.75,13
2026-04-02 18:50:00,6623.75,6624.25,6623.75,6623.75,25
2026-04-02 18:51:00,6623.5,6623.5,6623.25,6623.25,18
2026-04-02 18:52:00,6623.5,6623.5,6623.25,6623.25,16
2026-04-02 18:53:00,6623.25,6624.25,6623.25,6624.25,29
2026-04-02 18:54:00,6624.5,6624.5,6624.25,6624.25,15
2026-04-02 18:55:00,6624.25,6624.5,6623.75,6623.75,20
2026-04-02 18:56:00,6623.5,6623.5,6623.0,6623.25,8
2026-04-02 18:57:00,6623.5,6623.5,6623.25,6623.25,14
2026-04-02 18:58:00,6623.5,6623.75,6623.5,6623.75,4
2026-04-02 18:59:00,6623.5,6623.75,6623.5,6623.75,2
2026-04-02 19:00:00,6623.25,6623.25,6621.0,6621.25,112
2026-04-02 19:01:00,6621.5,6622.75,6621.5,6622.75,63
2026-04-02 19:02:00,6622.75,6622.75,6622.0,6622.0,26
2026-04-02 19:03:00,6622.0,6622.25,6622.0,6622.25,7
2026-04-02 19:04:00,6622.5,6622.5,6622.25,6622.5,3
2026-04-02 19:05:00,6622.5,6622.5,6622.0,6622.25,28
2026-04-02 19:06:00,6622.5,6622.5,6622.0,6622.25,18
2026-04-02 19:07:00,6622.25,6622.25,6622.0,6622.0,12
2026-04-02 19:08:00,6622.0,6622.5,6621.75,6621.75,52
2026-04-02 19:09:00,6621.5,6621.75,6621.25,6621.75,41
2026-04-02 19:10:00,6621.75,6622.0,6621.25,6622.0,84
2026-04-02 19:11:00,6622.0,6622.0,6621.5,6621.75,10
2026-04-02 19:12:00,6621.75,6622.0,6621.75,6621.75,30
2026-04-02 19:13:00,6621.5,6621.5,6620.75,6621.25,97
2026-04-02 19:14:00,6621.0,6621.5,6621.0,6621.25,27
2026-04-02 19:15:00,6621.5,6622.0,6621.5,6622.0,13
2026-04-02 19:16:00,6622.0,6622.0,6621.75,6621.75,20
2026-04-02 19:17:00,6621.5,6621.75,6621.25,6621.75,20
2026-04-02 19:18:00,6621.75,6622.25,6621.75,6621.75,52
2026-04-02 19:19:00,6621.75,6622.0,6621.75,6621.75,8
2026-04-02 19:20:00,6621.75,6621.75,6621.75,6621.75,4
2026-04-02 19:21:00,6621.5,6622.0,6621.5,6622.0,27
2026-04-02 19:22:00,6622.0,6623.0,6622.0,6622.5,34
2026-04-02 19:23:00,6622.75,6622.75,6622.25,6622.75,19
2026-04-02 19:24:00,6622.75,6622.75,6622.25,6622.25,20
2026-04-02 19:25:00,6622.5,6623.0,6622.5,6622.75,17
2026-04-02 19:26:00,6622.75,6623.0,6622.75,6623.0,41
2026-04-02 19:27:00,6622.75,6624.25,6622.75,6624.0,56
2026-04-02 19:28:00,6624.0,6624.25,6623.25,6623.75,76
2026-04-02 19:29:00,6623.75,6624.0,6623.75,6623.75,19
2026-04-02 19:30:00,6624.0,6624.5,6623.0,6623.5,60
2026-04-02 19:31:00,6623.75,6626.0,6623.75,6625.25,219
2026-04-02 19:32:00,6625.0,6625.5,6624.25,6624.25,73
2026-04-02 19:33:00,6624.5,6625.0,6624.25,6624.5,54
2026-04-02 19:34:00,6624.25,6624.75,6624.0,6624.75,38
2026-04-02 19:35:00,6625.0,6625.5,6624.5,6624.75,82
2026-04-02 19:36:00,6624.5,6624.5,6624.0,6624.25,14
2026-04-02 19:37:00,6624.25,6624.25,6623.75,6623.75,14
2026-04-02 19:38:00,6624.0,6624.5,6624.0,6624.0,13
2026-04-02 19:39:00,6624.5,6624.5,6624.25,6624.25,8
2026-04-02 19:40:00,6624.5,6625.25,6624.5,6624.75,50
2026-04-02 19:41:00,6624.75,6625.0,6624.25,6625.0,29
2026-04-02 19:42:00,6624.75,6624.75,6624.25,6624.25,47
2026-04-02 19:43:00,6624.0,6624.5,6623.75,6624.5,66
2026-04-02 19:44:00,6624.5,6624.5,6624.0,6624.0,24
2026-04-02 19:45:00,6624.0,6624.25,6623.5,6623.5,69
2026-04-02 19:46:00,6623.5,6623.5,6623.25,6623.5,28
2026-04-02 19:47:00,6623.25,6623.25,6622.75,6623.0,30
2026-04-02 19:48:00,6623.0,6624.0,6623.0,6624.0,37
2026-04-02 19:49:00,6624.0,6624.5,6623.5,6624.25,123
2026-04-02 19:50:00,6624.25,6624.25,6622.0,6622.0,169
2026-04-02 19:51:00,6622.25,6622.75,6622.25,6622.5,27
2026-04-02 19:52:00,6622.5,6623.25,6622.25,6622.25,32
2026-04-02 19:53:00,6622.5,6623.0,6622.5,6622.5,12
2026-04-02 19:54:00,6622.5,6622.75,6622.25,6622.75,15
2026-04-02 19:55:00,6623.0,6623.0,6622.75,6622.75,28
2026-04-02 19:56:00,6623.0,6624.25,6623.0,6624.25,20
2026-04-02 19:57:00,6624.5,6624.5,6623.25,6623.25,9
2026-04-02 19:58:00,6623.25,6623.75,6623.25,6623.5,40
2026-04-02 19:59:00,6623.5,6624.0,6623.5,6623.75,36
2026-04-02 20:00:00,6624.0,6627.5,6624.0,6626.5,298
2026-04-02 20:01:00,6626.0,6632.25,6626.0,6630.75,484
2026-04-02 20:02:00,6630.75,6630.75,6628.5,6628.75,107
2026-04-02 20:03:00,6629.0,6629.25,6627.75,6628.5,72
2026-04-02 20:04:00,6628.75,6630.75,6628.25,6629.75,88
2026-04-02 20:05:00,6629.75,6629.75,6628.5,6629.25,76
2026-04-02 20:06:00,6629.25,6630.0,6628.0,6630.0,98
2026-04-02 20:07:00,6630.0,6630.25,6629.0,6629.25,51
2026-04-02 20:08:00,6629.0,6629.0,6627.5,6628.0,92
2026-04-02 20:09:00,6627.75,6627.75,6626.5,6627.0,43
2026-04-02 20:10:00,6627.0,6627.75,6626.25,6627.25,78
2026-04-02 20:11:00,6627.25,6627.75,6626.75,6626.75,41
2026-04-02 20:12:00,6627.5,6628.5,6627.25,6628.25,82
2026-04-02 20:13:00,6627.75,6628.75,6627.25,6628.75,60
2026-04-02 20:14:00,6628.0,6628.75,6628.0,6628.25,54
2026-04-02 20:15:00,6628.25,6628.25,6625.0,6625.75,104
2026-04-02 20:16:00,6625.75,6626.25,6625.0,6626.25,87
2026-04-02 20:17:00,6626.75,6626.75,6625.5,6625.5,48
2026-04-02 20:18:00,6625.5,6625.5,6624.5,6624.75,55
2026-04-02 20:19:00,6625.0,6625.5,6624.75,6625.0,38
2026-04-02 20:20:00,6624.75,6625.25,6623.5,6624.5,124
2026-04-02 20:21:00,6624.75,6625.5,6624.25,6625.5,96
2026-04-02 20:22:00,6625.75,6626.75,6625.0,6625.5,133
2026-04-02 20:23:00,6625.25,6626.0,6625.25,6625.75,29
2026-04-02 20:24:00,6625.5,6626.25,6625.5,6625.5,36
2026-04-02 20:25:00,6626.0,6626.75,6625.75,6626.75,35
2026-04-02 20:26:00,6626.25,6626.25,6624.75,6626.0,87
2026-04-02 20:27:00,6626.0,6627.5,6626.0,6627.0,173
2026-04-02 20:28:00,6626.75,6627.5,6626.5,6627.25,57
2026-04-02 20:29:00,6627.5,6627.5,6626.75,6627.25,55
2026-04-02 20:30:00,6626.75,6627.25,6625.25,6625.5,141
2026-04-02 20:31:00,6625.5,6626.0,6625.0,6626.0,51
2026-04-02 20:32:00,6626.25,6627.0,6626.0,6626.25,49
2026-04-02 20:33:00,6626.5,6626.5,6626.0,6626.0,61
2026-04-02 20:34:00,6625.75,6626.75,6625.75,6626.75,35
2026-04-02 20:35:00,6626.5,6627.0,6625.5,6625.75,49
2026-04-02 20:36:00,6625.75,6626.25,6625.5,6625.75,36
2026-04-02 20:37:00,6625.75,6625.75,6623.5,6624.0,116
2026-04-02 20:38:00,6624.0,6624.0,6622.25,6623.5,105
2026-04-02 20:39:00,6623.5,6623.75,6623.0,6623.0,74
2026-04-02 20:40:00,6623.25,6623.75,6622.25,6622.5,71
2026-04-02 20:41:00,6622.25,6623.25,6622.25,6623.25,86
2026-04-02 20:42:00,6623.5,6624.75,6623.5,6624.75,30
2026-04-02 20:43:00,6624.75,6624.75,6622.5,6623.5,63
2026-04-02 20:44:00,6624.25,6624.25,6623.5,6623.75,14
2026-04-02 20:45:00,6623.5,6624.25,6622.75,6623.5,48
2026-04-02 20:46:00,6623.5,6624.0,6623.25,6623.75,44
2026-04-02 20:47:00,6623.5,6623.75,6623.25,6623.75,37
2026-04-02 20:48:00,6623.75,6623.75,6623.5,6623.75,18
2026-04-02 20:49:00,6623.75,6624.25,6623.5,6623.75,42
2026-04-02 20:50:00,6623.5,6624.0,6623.25,6623.5,35
2026-04-02 20:51:00,6623.5,6624.0,6623.25,6624.0,29
2026-04-02 20:52:00,6624.0,6624.5,6623.75,6624.5,75
2026-04-02 20:53:00,6624.5,6624.5,6623.25,6623.25,25
2026-04-02 20:54:00,6623.25,6623.5,6622.75,6622.75,40
2026-04-02 20:55:00,6622.5,6623.75,6622.5,6623.0,69
2026-04-02 20:56:00,6623.0,6624.0,6623.0,6624.0,65
2026-04-02 20:57:00,6624.0,6624.25,6623.75,6624.25,32
2026-04-02 20:58:00,6624.0,6624.75,6623.75,6624.5,104
2026-04-02 20:59:00,6624.25,6624.25,6623.5,6624.0,62
2026-04-02 21:00:00,6624.25,6624.25,6623.5,6623.75,73
2026-04-02 21:01:00,6623.75,6624.25,6623.5,6624.25,38
2026-04-02 21:02:00,6624.0,6624.0,6623.5,6623.5,27
2026-04-02 21:03:00,6623.5,6624.0,6623.0,6623.75,38
2026-04-02 21:04:00,6623.75,6624.0,6623.5,6624.0,40
2026-04-02 21:05:00,6624.0,6624.0,6623.75,6623.75,21
2026-04-02 21:06:00,6623.75,6624.5,6623.5,6624.5,58
2026-04-02 21:07:00,6624.75,6625.25,6624.25,6624.25,75
2026-04-02 21:08:00,6624.0,6624.25,6623.5,6623.75,26
2026-04-02 21:09:00,6624.0,6624.25,6623.5,6624.0,33
2026-04-02 21:10:00,6624.25,6624.25,6623.25,6623.75,59
2026-04-02 21:11:00,6623.5,6623.75,6623.0,6623.5,56
2026-04-02 21:12:00,6623.5,6623.5,6622.5,6622.75,96
2026-04-02 21:13:00,6622.75,6622.75,6620.25,6620.75,202
2026-04-02 21:14:00,6621.25,6621.25,6620.75,6621.0,62
2026-04-02 21:15:00,6621.0,6621.75,6621.0,6621.25,54
2026-04-02 21:16:00,6621.5,6621.75,6620.5,6621.25,91
2026-04-02 21:17:00,6621.5,6622.25,6621.25,6622.25,24
2026-04-02 21:18:00,6622.5,6623.25,6622.5,6622.75,59
2026-04-02 21:19:00,6622.75,6622.75,6622.5,6622.5,17
2026-04-02 21:20:00,6622.5,6622.75,6621.75,6621.75,60
2026-04-02 21:21:00,6622.0,6622.5,6621.5,6622.5,161
2026-04-02 21:22:00,6622.75,6623.0,6622.5,6623.0,34
2026-04-02 21:23:00,6623.25,6623.5,6622.0,6622.25,46
2026-04-02 21:24:00,6622.5,6622.5,6622.0,6622.0,56
2026-04-02 21:25:00,6622.0,6622.5,6621.75,6622.25,53
2026-04-02 21:26:00,6622.5,6623.0,6622.5,6623.0,38
2026-04-02 21:27:00,6622.75,6623.0,6622.5,6622.5,26
2026-04-02 21:28:00,6622.5,6623.0,6622.0,6622.75,56
2026-04-02 21:29:00,6623.0,6623.25,6622.5,6623.0,47
2026-04-02 21:30:00,6623.0,6623.0,6622.25,6622.75,37
2026-04-02 21:31:00,6623.0,6623.5,6623.0,6623.25,32
2026-04-02 21:32:00,6623.0,6623.25,6623.0,6623.0,15
2026-04-02 21:33:00,6622.75,6622.75,6621.5,6621.5,78
2026-04-02 21:34:00,6621.5,6622.0,6620.5,6620.5,90
2026-04-02 21:35:00,6620.75,6621.75,6620.5,6621.75,57
2026-04-02 21:36:00,6621.5,6622.0,6621.5,6622.0,20
2026-04-02 21:37:00,6621.75,6622.25,6621.25,6621.75,44
2026-04-02 21:38:00,6622.0,6622.5,6622.0,6622.25,31
2026-04-02 21:39:00,6622.5,6622.5,6621.5,6621.5,27
2026-04-02 21:40:00,6621.75,6622.0,6620.75,6621.0,50
2026-04-02 21:41:00,6621.0,6621.25,6620.5,6620.75,99
2026-04-02 21:42:00,6621.0,6621.25,6620.75,6621.0,72
2026-04-02 21:43:00,6620.75,6621.0,6620.5,6620.75,82
2026-04-02 21:44:00,6620.75,6621.0,6620.25,6620.75,126
2026-04-02 21:45:00,6621.0,6621.25,6619.5,6619.75,104
2026-04-02 21:46:00,6620.0,6620.0,6619.5,6619.75,67
2026-04-02 21:47:00,6620.0,6620.0,6619.75,6619.75,93
2026-04-02 21:48:00,6620.0,6620.0,6619.5,6619.75,55
2026-04-02 21:49:00,6620.25,6620.5,6620.0,6620.0,48
2026-04-02 21:50:00,6620.25,6620.5,6620.25,6620.25,16
2026-04-02 21:51:00,6620.25,6620.75,6620.0,6620.25,34
2026-04-02 21:52:00,6620.25,6620.5,6619.75,6619.75,61
2026-04-02 21:53:00,6620.0,6620.75,6620.0,6620.75,63
2026-04-02 21:54:00,6620.75,6620.75,6620.0,6620.5,23
2026-04-02 21:55:00,6620.75,6621.0,6620.0,6620.0,61
2026-04-02 21:56:00,6620.0,6620.5,6619.75,6620.5,35
2026-04-02 21:57:00,6620.5,6620.5,6618.5,6619.5,128
2026-04-02 21:58:00,6619.75,6619.75,6618.25,6618.5,46
2026-04-02 21:59:00,6618.75,6619.0,6618.5,6619.0,38
2026-04-02 22:00:00,6618.75,6619.25,6618.5,6618.75,29
2026-04-02 22:01:00,6618.75,6619.25,6618.75,6619.25,25
2026-04-02 22:02:00,6619.25,6619.25,6618.75,6618.75,23
2026-04-02 22:03:00,6619.0,6619.5,6618.75,6619.0,63
2026-04-02 22:04:00,6619.0,6619.5,6619.0,6619.5,33
2026-04-02 22:05:00,6619.25,6619.25,6618.25,6618.5,42
2026-04-02 22:06:00,6618.5,6618.75,6618.25,6618.25,37
2026-04-02 22:07:00,6618.5,6618.75,6618.25,6618.5,56
2026-04-02 22:08:00,6618.25,6618.75,6618.0,6618.75,29
2026-04-02 22:09:00,6618.75,6618.75,6617.75,6618.25,47
2026-04-02 22:10:00,6618.5,6619.5,6618.5,6619.0,44
2026-04-02 22:11:00,6619.0,6619.25,6618.75,6619.25,27
2026-04-02 22:12:00,6619.5,6619.5,6619.25,6619.5,19
2026-04-02 22:13:00,6619.75,6620.0,6619.5,6619.75,26
2026-04-02 22:14:00,6619.75,6619.75,6619.5,6619.75,13
2026-04-02 22:15:00,6619.5,6619.5,6619.0,6619.5,27
2026-04-02 22:16:00,6619.5,6619.5,6618.5,6619.0,53
2026-04-02 22:17:00,6619.0,6620.25,6619.0,6620.0,54
2026-04-02 22:18:00,6620.0,6620.0,6619.75,6619.75,30
2026-04-02 22:19:00,6620.0,6620.5,6619.75,6620.5,55
2026-04-02 22:20:00,6620.5,6620.5,6620.25,6620.25,11
2026-04-02 22:21:00,6620.0,6620.0,6619.0,6619.0,7
2026-04-02 22:22:00,6619.25,6619.5,6618.5,6618.5,28
2026-04-02 22:23:00,6618.5,6618.5,6617.75,6618.0,49
2026-04-02 22:24:00,6617.75,6617.75,6616.75,6617.0,107
2026-04-02 22:25:00,6617.0,6617.0,6616.0,6616.25,67
2026-04-02 22:26:00,6616.25,6616.25,6613.0,6613.5,213
2026-04-02 22:27:00,6613.5,6614.0,6612.25,6612.75,141
2026-04-02 22:28:00,6613.0,6613.75,6612.75,6613.25,74
2026-04-02 22:29:00,6613.25,6613.75,6613.0,6613.0,39
2026-04-02 22:30:00,6613.0,6613.5,6612.25,6613.0,160
2026-04-02 22:31:00,6613.0,6613.0,6611.5,6612.25,118
2026-04-02 22:32:00,6612.5,6613.5,6611.75,6612.25,122
2026-04-02 22:33:00,6612.5,6612.5,6610.5,6611.25,117
2026-04-02 22:34:00,6611.25,6611.75,6609.75,6611.5,295
2026-04-02 22:35:00,6611.5,6612.75,6611.0,6612.75,138
2026-04-02 22:36:00,6612.5,6613.25,6612.25,6612.75,30
2026-04-02 22:37:00,6612.5,6613.0,6612.5,6612.75,28
2026-04-02 22:38:00,6612.75,6612.75,6611.5,6612.0,19
2026-04-02 22:39:00,6612.25,6612.25,6611.5,6611.75,15
2026-04-02 22:40:00,6612.0,6612.0,6611.5,6611.75,30
2026-04-02 22:41:00,6611.75,6611.75,6609.5,6610.5,261
2026-04-02 22:42:00,6610.5,6612.25,6609.5,6611.75,265
2026-04-02 22:43:00,6611.25,6612.0,6611.25,6611.75,27
2026-04-02 22:44:00,6611.25,6612.5,6610.75,6612.5,46
2026-04-02 22:45:00,6612.25,6612.75,6611.75,6612.0,44
2026-04-02 22:46:00,6611.75,6611.75,6611.0,6611.0,33
2026-04-02 22:47:00,6611.0,6611.5,6610.5,6611.25,44
2026-04-02 22:48:00,6611.0,6611.0,6609.75,6610.0,86
2026-04-02 22:49:00,6610.25,6611.25,6609.5,6610.5,126
2026-04-02 22:50:00,6610.5,6610.75,6609.5,6609.75,160
2026-04-02 22:51:00,6609.75,6610.0,6608.75,6610.0,97
2026-04-02 22:52:00,6610.25,6610.75,6610.25,6610.25,23
2026-04-02 22:53:00,6610.5,6616.75,6610.5,6615.5,683
2026-04-02 22:54:00,6615.5,6615.5,6613.5,6613.5,182
2026-04-02 22:55:00,6613.75,6613.75,6612.75,6613.5,139
2026-04-02 22:56:00,6613.75,6614.75,6613.0,6614.5,79
2026-04-02 22:57:00,6614.25,6614.5,6613.5,6614.0,47
2026-04-02 22:58:00,6614.25,6614.5,6613.5,6613.75,23
2026-04-02 22:59:00,6613.5,6613.75,6613.25,6613.25,15
2026-04-02 23:00:00,6613.5,6614.0,6613.25,6613.75,64
2026-04-02 23:01:00,6613.75,6614.5,6613.5,6614.0,42
2026-04-02 23:02:00,6614.25,6615.0,6613.75,6615.0,80
2026-04-02 23:03:00,6614.75,6615.0,6614.75,6615.0,31
2026-04-02 23:04:00,6614.75,6615.5,6614.75,6615.25,39
2026-04-02 23:05:00,6615.0,6615.75,6614.75,6615.75,75
2026-04-02 23:06:00,6615.75,6615.75,6614.75,6615.25,30
2026-04-02 23:07:00,6615.25,6617.25,6615.25,6616.25,148
2026-04-02 23:08:00,6616.0,6616.5,6616.0,6616.25,27
2026-04-02 23:09:00,6616.5,6616.5,6615.25,6615.5,53
2026-04-02 23:10:00,6615.5,6615.75,6615.25,6615.75,45
2026-04-02 23:11:00,6615.75,6615.75,6614.75,6614.75,33
2026-04-02 23:12:00,6615.0,6615.25,6614.75,6615.0,32
2026-04-02 23:13:00,6614.75,6614.75,6613.75,6614.0,83
2026-04-02 23:14:00,6614.0,6614.25,6613.5,6614.0,59
2026-04-02 23:15:00,6613.75,6614.75,6613.5,6613.75,39
2026-04-02 23:16:00,6613.5,6615.0,6613.5,6614.5,96
2026-04-02 23:17:00,6614.25,6614.25,6613.75,6614.0,31
2026-04-02 23:18:00,6614.0,6614.25,6613.75,6614.0,30
2026-04-02 23:19:00,6614.25,6614.75,6613.75,6614.5,47
2026-04-02 23:20:00,6614.5,6615.25,6614.5,6615.0,51
2026-04-02 23:21:00,6614.75,6615.0,6614.75,6614.75,12
2026-04-02 23:22:00,6615.0,6615.75,6614.5,6615.75,41
2026-04-02 23:23:00,6615.75,6616.0,6614.5,6614.5,53
2026-04-02 23:24:00,6614.5,6614.75,6613.75,6614.25,89
2026-04-02 23:25:00,6614.0,6614.25,6614.0,6614.25,32
2026-04-02 23:26:00,6614.25,6614.25,6613.75,6614.25,10
2026-04-02 23:27:00,6614.25,6614.5,6613.75,6614.0,39
2026-04-02 23:28:00,6614.0,6614.0,6613.25,6613.25,32
2026-04-02 23:29:00,6613.5,6613.5,6612.75,6613.0,107
2026-04-02 23:30:00,6613.0,6613.75,6613.0,6613.75,32
2026-04-02 23:31:00,6613.75,6614.75,6613.5,6614.75,49
2026-04-02 23:32:00,6614.5,6614.75,6613.75,6614.0,23
2026-04-02 23:33:00,6613.75,6614.5,6613.75,6614.25,31
2026-04-02 23:34:00,6614.0,6614.0,6612.75,6612.75,73
2026-04-02 23:35:00,6613.0,6613.5,6612.75,6613.0,47
2026-04-02 23:36:00,6613.0,6613.5,6613.0,6613.25,32
2026-04-02 23:37:00,6613.0,6613.0,6612.25,6612.25,54
2026-04-02 23:38:00,6612.5,6612.75,6612.25,6612.25,80
2026-04-02 23:39:00,6612.25,6613.0,6611.75,6612.75,197
2026-04-02 23:40:00,6612.5,6612.5,6611.0,6611.25,47
2026-04-02 23:41:00,6611.25,6611.75,6611.25,6611.75,27
2026-04-02 23:42:00,6611.75,6612.5,6611.75,6612.25,28
2026-04-02 23:43:00,6612.25,6612.5,6612.0,6612.0,10
2026-04-02 23:44:00,6611.5,6611.75,6611.5,6611.75,17
2026-04-02 23:45:00,6611.5,6612.5,6611.5,6612.25,28
2026-04-02 23:46:00,6612.25,6612.5,6612.25,6612.25,7
2026-04-02 23:47:00,6612.25,6612.5,6612.0,6612.5,11
2026-04-02 23:48:00,6612.5,6612.5,6612.0,6612.25,37
2026-04-02 23:49:00,6612.25,6612.5,6612.0,6612.5,44
2026-04-02 23:50:00,6612.5,6612.5,6612.5,6612.5,10
2026-04-02 23:51:00,6612.75,6613.0,6612.5,6612.75,24
2026-04-02 23:52:00,6612.5,6612.75,6612.5,6612.5,13
2026-04-02 23:53:00,6612.5,6613.5,6612.5,6613.25,33
2026-04-02 23:54:00,6613.5,6614.25,6613.25,6613.25,49
2026-04-02 23:55:00,6613.25,6613.75,6613.0,6613.0,28
2026-04-02 23:56:00,6613.0,6613.0,6612.5,6612.75,50
2026-04-02 23:57:00,6613.0,6613.5,6613.0,6613.25,24
2026-04-02 23:58:00,6613.25,6613.25,6613.0,6613.0,20
2026-04-02 23:59:00,6613.0,6613.0,6612.5,6612.5,20
2026-04-03 00:00:00,6612.5,6613.0,6612.5,6613.0,47
2026-04-03 00:01:00,6613.0,6613.0,6612.5,6612.5,19
2026-04-03 00:02:00,6612.5,6612.75,6612.25,6612.25,54
2026-04-03 00:03:00,6612.5,6613.0,6612.5,6613.0,20
2026-04-03 00:04:00,6613.0,6614.25,6613.0,6613.75,85
2026-04-03 00:05:00,6613.5,6613.75,6612.75,6613.0,36
2026-04-03 00:06:00,6613.25,6614.75,6613.25,6614.25,94
2026-04-03 00:07:00,6614.5,6614.5,6613.25,6614.0,69
2026-04-03 00:08:00,6613.75,6614.0,6613.5,6614.0,20
2026-04-03 00:09:00,6614.0,6614.25,6613.75,6614.0,27
2026-04-03 00:10:00,6614.0,6614.25,6613.5,6613.5,22
2026-04-03 00:11:00,6613.75,6614.25,6613.75,6614.0,15
2026-04-03 00:12:00,6613.75,6613.75,6613.5,6613.5,11
2026-04-03 00:13:00,6613.75,6613.75,6613.5,6613.75,12
2026-04-03 00:14:00,6613.5,6614.0,6613.5,6614.0,10
2026-04-03 00:15:00,6613.75,6615.25,6613.75,6615.25,59
2026-04-03 00:16:00,6615.0,6615.0,6614.5,6615.0,30
2026-04-03 00:17:00,6615.0,6615.0,6614.5,6614.5,29
2026-04-03 00:18:00,6614.5,6614.75,6614.0,6614.5,25
2026-04-03 00:19:00,6614.25,6614.25,6614.0,6614.25,12
2026-04-03 00:20:00,6614.25,6614.5,6614.25,6614.5,10
2026-04-03 00:21:00,6614.5,6615.25,6614.25,6614.75,22
2026-04-03 00:22:00,6614.75,6615.0,6614.25,6614.25,29
2026-04-03 00:23:00,6614.0,6614.0,6613.0,6613.5,59
2026-04-03 00:24:00,6613.75,6614.25,6613.5,6614.0,57
2026-04-03 00:25:00,6614.25,6614.25,6614.0,6614.25,17
2026-04-03 00:26:00,6614.25,6614.5,6614.0,6614.0,13
2026-04-03 00:27:00,6614.25,6614.75,6614.0,6614.5,28
2026-04-03 00:28:00,6614.5,6614.5,6613.75,6614.0,33
2026-04-03 00:29:00,6614.0,6614.5,6614.0,6614.0,25
2026-04-03 00:30:00,6613.75,6614.0,6613.5,6614.0,31
2026-04-03 00:31:00,6614.0,6614.5,6613.5,6614.25,69
2026-04-03 00:32:00,6614.0,6614.25,6613.75,6614.25,15
2026-04-03 00:33:00,6614.25,6614.25,6614.25,6614.25,17
2026-04-03 00:34:00,6614.25,6614.75,6614.0,6614.25,25
2026-04-03 00:35:00,6614.0,6614.0,6613.5,6613.5,50
2026-04-03 00:36:00,6613.5,6614.25,6613.25,6613.75,27
2026-04-03 00:37:00,6613.75,6614.0,6613.25,6613.5,43
2026-04-03 00:38:00,6613.25,6613.25,6612.5,6613.0,39
2026-04-03 00:39:00,6613.0,6613.0,6612.25,6612.25,29
2026-04-03 00:40:00,6612.5,6612.75,6611.5,6611.75,67
2026-04-03 00:41:00,6611.75,6612.25,6611.25,6611.25,49
2026-04-03 00:42:00,6611.25,6611.5,6610.5,6610.75,55
2026-04-03 00:43:00,6610.5,6610.5,6609.25,6610.25,63
2026-04-03 00:44:00,6609.75,6609.75,6609.5,6609.75,9
2026-04-03 00:45:00,6610.0,6610.25,6609.75,6610.0,33
2026-04-03 00:46:00,6610.0,6611.75,6610.0,6611.5,63
2026-04-03 00:47:00,6611.25,6613.25,6611.25,6612.5,88
2026-04-03 00:48:00,6612.75,6612.75,6612.0,6612.5,48
2026-04-03 00:49:00,6613.0,6613.0,6612.0,6612.25,23
2026-04-03 00:50:00,6612.5,6612.5,6611.75,6611.75,12
2026-04-03 00:51:00,6612.0,6613.0,6612.0,6613.0,19
2026-04-03 00:52:00,6613.0,6613.0,6612.5,6612.5,22
2026-04-03 00:53:00,6612.25,6612.25,6612.0,6612.0,9
2026-04-03 00:54:00,6612.0,6612.25,6611.5,6611.75,20
2026-04-03 00:55:00,6612.0,6612.25,6611.75,6612.0,19
2026-04-03 00:56:00,6611.75,6612.0,6611.5,6611.75,16
2026-04-03 00:57:00,6612.0,6612.0,6611.75,6612.0,17
2026-04-03 00:58:00,6611.75,6612.0,6611.25,6611.5,30
2026-04-03 00:59:00,6611.25,6611.25,6610.75,6611.0,16
2026-04-03 01:00:00,6611.25,6611.5,6610.5,6610.75,33
2026-04-03 01:01:00,6610.75,6611.75,6610.75,6611.75,25
2026-04-03 01:02:00,6612.5,6612.75,6612.0,6612.25,31
2026-04-03 01:03:00,6612.25,6612.25,6612.0,6612.25,13
2026-04-03 01:04:00,6612.5,6613.0,6612.25,6612.25,35
2026-04-03 01:05:00,6612.5,6614.75,6612.5,6614.25,140
2026-04-03 01:06:00,6614.25,6614.25,6613.5,6614.0,39
2026-04-03 01:07:00,6613.75,6614.25,6613.75,6614.0,31
2026-04-03 01:08:00,6614.0,6614.0,6613.5,6613.5,12
2026-04-03 01:09:00,6613.75,6614.25,6613.5,6614.25,26
2026-04-03 01:10:00,6614.0,6614.0,6613.5,6613.75,11
2026-04-03 01:11:00,6613.75,6614.0,6613.5,6613.75,13
2026-04-03 01:12:00,6614.0,6614.0,6613.0,6613.0,21
2026-04-03 01:13:00,6613.25,6613.25,6612.5,6612.5,29
2026-04-03 01:14:00,6612.5,6613.0,6612.0,6613.0,45
2026-04-03 01:15:00,6613.25,6613.25,6612.5,6612.75,8
2026-04-03 01:16:00,6612.75,6612.75,6612.25,6612.25,37
2026-04-03 01:17:00,6612.0,6612.0,6611.25,6611.25,32
2026-04-03 01:18:00,6611.0,6611.0,6610.0,6610.75,42
2026-04-03 01:19:00,6611.0,6611.25,6610.75,6611.0,24
2026-04-03 01:20:00,6611.25,6611.75,6611.25,6611.25,14
2026-04-03 01:21:00,6611.0,6611.25,6611.0,6611.25,5
2026-04-03 01:22:00,6611.25,6611.25,6609.5,6609.5,150
2026-04-03 01:23:00,6609.5,6609.75,6608.75,6609.25,75
2026-04-03 01:24:00,6609.75,6610.0,6609.75,6610.0,30
2026-04-03 01:25:00,6610.0,6611.25,6610.0,6611.25,40
2026-04-03 01:26:00,6611.0,6612.0,6611.0,6611.75,55
2026-04-03 01:27:00,6611.5,6612.0,6611.5,6611.5,10
2026-04-03 01:28:00,6611.25,6611.25,6611.0,6611.25,29
2026-04-03 01:29:00,6611.0,6611.25,6610.75,6611.0,22
2026-04-03 01:30:00,6611.25,6613.0,6611.25,6612.75,145
2026-04-03 01:31:00,6612.75,6613.75,6612.75,6613.75,56
2026-04-03 01:32:00,6613.5,6614.0,6613.5,6613.5,20
2026-04-03 01:33:00,6613.25,6613.25,6612.25,6612.75,25
2026-04-03 01:34:00,6613.0,6613.75,6612.75,6613.5,21
2026-04-03 01:35:00,6613.5,6613.5,6613.25,6613.5,26
2026-04-03 01:36:00,6613.75,6614.0,6613.25,6614.0,43
2026-04-03 01:37:00,6613.5,6614.0,6613.25,6614.0,25
2026-04-03 01:38:00,6613.75,6613.75,6613.0,6613.5,30
2026-04-03 01:39:00,6613.5,6614.5,6613.25,6614.5,33
2026-04-03 01:40:00,6614.25,6615.0,6614.25,6614.5,74
2026-04-03 01:41:00,6614.25,6614.5,6614.25,6614.25,12
2026-04-03 01:42:00,6614.25,6614.75,6614.25,6614.75,18
2026-04-03 01:43:00,6615.0,6615.75,6614.25,6614.5,59
2026-04-03 01:44:00,6614.75,6615.5,6614.75,6615.25,25
2026-04-03 01:45:00,6615.5,6615.75,6615.25,6615.5,39
2026-04-03 01:46:00,6615.75,6616.25,6615.75,6616.0,28
2026-04-03 01:47:00,6615.75,6615.75,6614.75,6614.75,23
2026-04-03 01:48:00,6615.0,6615.5,6615.0,6615.5,20
2026-04-03 01:49:00,6615.25,6615.5,6615.25,6615.5,14
2026-04-03 01:50:00,6615.5,6615.75,6614.5,6614.75,34
2026-04-03 01:51:00,6614.75,6614.75,6613.75,6614.25,62
2026-04-03 01:52:00,6614.75,6615.0,6614.75,6614.75,21
2026-04-03 01:53:00,6614.75,6615.0,6613.75,6614.0,45
2026-04-03 01:54:00,6614.25,6614.5,6613.75,6614.0,20
2026-04-03 01:55:00,6613.75,6613.75,6612.75,6613.0,62
2026-04-03 01:56:00,6613.0,6613.5,6613.0,6613.0,13
2026-04-03 01:57:00,6613.0,6613.75,6613.0,6613.75,24
2026-04-03 01:58:00,6613.5,6613.75,6613.5,6613.5,12
2026-04-03 01:59:00,6613.5,6613.75,6613.0,6613.5,23
2026-04-03 02:00:00,6613.5,6613.75,6612.5,6612.75,41
2026-04-03 02:01:00,6612.75,6613.0,6612.75,6612.75,29
2026-04-03 02:02:00,6613.0,6613.25,6613.0,6613.0,18
2026-04-03 02:03:00,6613.0,6613.5,6612.75,6613.25,31
2026-04-03 02:04:00,6613.25,6613.5,6613.0,6613.25,34
2026-04-03 02:05:00,6613.25,6613.75,6613.25,6613.5,6
2026-04-03 02:06:00,6613.5,6613.5,6612.0,6612.25,49
2026-04-03 02:07:00,6612.25,6612.25,6612.0,6612.25,21
2026-04-03 02:08:00,6612.25,6613.0,6612.25,6612.5,21
2026-04-03 02:09:00,6612.5,6612.5,6612.25,6612.5,31
2026-04-03 02:10:00,6612.5,6612.75,6612.5,6612.75,7
2026-04-03 02:11:00,6613.0,6613.0,6612.5,6612.5,16
2026-04-03 02:12:00,6612.75,6612.75,6612.75,6612.75,8
2026-04-03 02:13:00,6612.5,6612.75,6612.25,6612.75,13
2026-04-03 02:14:00,6612.75,6613.0,6612.5,6612.5,12
2026-04-03 02:15:00,6612.5,6612.5,6612.25,6612.5,6
2026-04-03 02:16:00,6612.5,6612.75,6612.25,6612.5,20
2026-04-03 02:17:00,6612.75,6613.25,6612.75,6612.75,44
2026-04-03 02:18:00,6612.75,6612.75,6612.0,6612.25,33
2026-04-03 02:19:00,6612.5,6612.75,6612.5,6612.75,10
2026-04-03 02:20:00,6612.5,6612.5,6612.25,6612.5,12
2026-04-03 02:21:00,6612.25,6612.75,6612.25,6612.5,15
2026-04-03 02:22:00,6612.5,6613.25,6612.5,6613.25,20
2026-04-03 02:23:00,6613.25,6613.25,6612.75,6613.0,32
2026-04-03 02:24:00,6613.0,6613.5,6613.0,6613.0,37
2026-04-03 02:25:00,6612.75,6613.25,6612.5,6612.75,64
2026-04-03 02:26:00,6612.75,6612.75,6611.75,6612.0,15
2026-04-03 02:27:00,6612.0,6612.0,6611.0,6611.25,44
2026-04-03 02:28:00,6611.0,6611.5,6610.75,6611.5,70
2026-04-03 02:29:00,6611.5,6611.75,6611.25,6611.75,32
2026-04-03 02:30:00,6611.75,6612.0,6610.75,6611.0,31
2026-04-03 02:31:00,6610.75,6610.75,6605.25,6606.75,925
2026-04-03 02:32:00,6606.75,6608.5,6606.75,6607.0,233
2026-04-03 02:33:00,6606.75,6607.0,6605.75,6606.0,130
2026-04-03 02:34:00,6606.25,6607.5,6606.25,6606.75,64
2026-04-03 02:35:00,6607.0,6607.75,6607.0,6607.75,43
2026-04-03 02:36:00,6607.75,6607.75,6607.5,6607.75,36
2026-04-03 02:37:00,6607.5,6608.0,6606.5,6607.25,151
2026-04-03 02:38:00,6607.25,6607.25,6606.75,6606.75,28
2026-04-03 02:39:00,6606.75,6607.25,6606.25,6606.5,67
2026-04-03 02:40:00,6606.5,6607.25,6606.5,6607.25,23
2026-04-03 02:41:00,6607.0,6607.0,6606.25,6606.25,27
2026-04-03 02:42:00,6606.5,6607.0,6606.5,6607.0,45
2026-04-03 02:43:00,6607.25,6607.5,6607.25,6607.5,28
2026-04-03 02:44:00,6607.25,6607.25,6605.75,6606.5,79
2026-04-03 02:45:00,6606.0,6607.5,6605.75,6607.5,92
2026-04-03 02:46:00,6607.5,6608.75,6607.5,6608.0,76
2026-04-03 02:47:00,6608.0,6608.0,6607.5,6607.5,57
2026-04-03 02:48:00,6607.25,6607.5,6606.25,6606.5,27
2026-04-03 02:49:00,6606.75,6607.25,6606.75,6607.25,19
2026-04-03 02:50:00,6607.25,6607.75,6607.0,6607.0,80
2026-04-03 02:51:00,6606.75,6607.0,6605.75,6605.75,155
2026-04-03 02:52:00,6605.75,6606.0,6604.5,6604.75,300
2026-04-03 02:53:00,6604.75,6604.75,6603.75,6604.0,168
2026-04-03 02:54:00,6604.25,6604.25,6603.0,6603.5,132
2026-04-03 02:55:00,6603.5,6603.75,6602.5,6602.75,171
2026-04-03 02:56:00,6602.75,6604.75,6602.75,6604.75,189
2026-04-03 02:57:00,6604.5,6605.0,6604.5,6605.0,24
2026-04-03 02:58:00,6605.0,6605.75,6604.75,6605.5,75
2026-04-03 02:59:00,6605.25,6606.25,6604.75,6606.0,81
2026-04-03 03:00:00,6606.0,6606.5,6605.25,6606.25,100
2026-04-03 03:01:00,6606.5,6607.0,6605.75,6606.25,169
2026-04-03 03:02:00,6606.25,6606.25,6605.5,6605.75,71
2026-04-03 03:03:00,6605.5,6606.0,6604.0,6604.0,113
2026-04-03 03:04:00,6604.0,6604.0,6603.25,6603.25,102
2026-04-03 03:05:00,6603.0,6603.0,6601.75,6601.75,184
2026-04-03 03:06:00,6602.0,6602.5,6601.75,6602.0,146
2026-04-03 03:07:00,6602.0,6602.0,6600.5,6600.75,380
2026-04-03 03:08:00,6600.75,6601.0,6600.25,6600.75,118
2026-04-03 03:09:00,6600.75,6600.75,6599.5,6599.5,162
2026-04-03 03:10:00,6599.5,6601.0,6598.75,6601.0,243
2026-04-03 03:11:00,6600.75,6601.5,6600.75,6601.5,44
2026-04-03 03:12:00,6601.75,6602.5,6601.5,6602.0,70
2026-04-03 03:13:00,6602.25,6602.25,6600.0,6600.0,83
2026-04-03 03:14:00,6601.0,6601.0,6600.25,6601.0,30
2026-04-03 03:15:00,6601.0,6601.75,6601.0,6601.75,53
2026-04-03 03:16:00,6601.75,6601.75,6601.5,6601.5,22
2026-04-03 03:17:00,6601.75,6603.25,6601.75,6602.0,86
2026-04-03 03:18:00,6602.25,6603.25,6602.25,6603.0,52
2026-04-03 03:19:00,6603.0,6603.5,6602.75,6603.25,46
2026-04-03 03:20:00,6603.0,6603.75,6603.0,6603.25,55
2026-04-03 03:21:00,6603.25,6603.75,6603.25,6603.5,21
2026-04-03 03:22:00,6603.5,6603.5,6602.0,6602.0,102
2026-04-03 03:23:00,6602.25,6602.75,6602.25,6602.75,33
2026-04-03 03:24:00,6602.5,6605.25,6602.5,6604.25,233
2026-04-03 03:25:00,6604.5,6606.0,6604.5,6605.5,160
2026-04-03 03:26:00,6605.25,6606.5,6605.25,6606.25,190
2026-04-03 03:27:00,6606.25,6606.75,6606.0,6606.25,137
2026-04-03 03:28:00,6606.25,6606.5,6606.0,6606.5,34
2026-04-03 03:29:00,6606.25,6606.75,6606.0,6606.5,79
2026-04-03 03:30:00,6606.75,6608.0,6606.75,6607.75,65
2026-04-03 03:31:00,6607.5,6608.5,6607.5,6607.75,166
2026-04-03 03:32:00,6607.75,6609.0,6607.0,6609.0,135
2026-04-03 03:33:00,6609.0,6609.75,6608.5,6608.75,175
2026-04-03 03:34:00,6608.5,6608.75,6608.5,6608.5,21
2026-04-03 03:35:00,6608.75,6610.0,6608.5,6609.5,133
2026-04-03 03:36:00,6609.0,6609.0,6608.5,6609.0,36
2026-04-03 03:37:00,6609.25,6610.5,6609.25,6610.5,88
2026-04-03 03:38:00,6610.5,6611.0,6609.25,6609.75,208
2026-04-03 03:39:00,6609.5,6610.0,6609.0,6609.25,110
2026-04-03 03:40:00,6609.0,6610.0,6608.75,6609.75,29
2026-04-03 03:41:00,6609.75,6610.5,6609.75,6610.25,38
2026-04-03 03:42:00,6610.25,6610.5,6610.0,6610.0,36
2026-04-03 03:43:00,6610.0,6610.25,6609.5,6610.25,163
2026-04-03 03:44:00,6610.25,6610.75,6609.75,6609.75,46
2026-04-03 03:45:00,6609.75,6610.0,6609.5,6610.0,26
2026-04-03 03:46:00,6609.75,6610.25,6609.5,6609.75,69
2026-04-03 03:47:00,6609.75,6609.75,6608.5,6608.75,36
2026-04-03 03:48:00,6608.75,6608.75,6608.25,6608.5,28
2026-04-03 03:49:00,6608.25,6608.25,6607.25,6607.25,109
2026-04-03 03:50:00,6607.75,6608.0,6606.5,6607.5,90
2026-04-03 03:51:00,6607.5,6608.5,6607.0,6608.5,30
2026-04-03 03:52:00,6608.25,6608.5,6608.25,6608.5,15
2026-04-03 03:53:00,6608.75,6609.5,6608.75,6608.75,52
2026-04-03 03:54:00,6608.75,6608.75,6608.75,6608.75,3
2026-04-03 03:55:00,6608.5,6608.75,6608.5,6608.75,26
2026-04-03 03:56:00,6608.25,6608.5,6607.75,6607.75,58
2026-04-03 03:57:00,6608.0,6608.25,6607.5,6607.75,30
2026-04-03 03:58:00,6607.5,6607.5,6606.75,6606.75,48
2026-04-03 03:59:00,6607.0,6607.25,6607.0,6607.25,16
2026-04-03 04:00:00,6607.25,6608.0,6607.0,6607.5,25
2026-04-03 04:01:00,6607.5,6609.75,6607.0,6609.25,99
2026-04-03 04:02:00,6609.75,6610.0,6608.75,6608.75,62
2026-04-03 04:03:00,6608.75,6608.75,6608.25,6608.5,27
2026-04-03 04:04:00,6608.0,6609.0,6607.75,6609.0,11
2026-04-03 04:05:00,6609.0,6609.25,6608.5,6608.75,33
2026-04-03 04:06:00,6608.75,6609.0,6608.5,6608.5,11
2026-04-03 04:07:00,6608.5,6608.5,6607.75,6607.75,18
2026-04-03 04:08:00,6607.75,6607.75,6607.0,6607.5,26
2026-04-03 04:09:00,6607.25,6608.75,6607.25,6608.5,38
2026-04-03 04:10:00,6608.25,6608.25,6607.5,6607.75,19
2026-04-03 04:11:00,6608.0,6608.5,6608.0,6608.5,21
2026-04-03 04:12:00,6608.5,6608.75,6608.5,6608.5,6
2026-04-03 04:13:00,6608.5,6608.5,6607.75,6608.0,12
2026-04-03 04:14:00,6607.75,6607.75,6607.75,6607.75,4
2026-04-03 04:15:00,6607.75,6607.75,6607.75,6607.75,1
2026-04-03 04:16:00,6608.0,6608.25,6607.5,6607.5,11
2026-04-03 04:17:00,6607.5,6607.5,6607.0,6607.25,39
2026-04-03 04:18:00,6607.25,6607.25,6606.75,6607.0,17
2026-04-03 04:19:00,6606.75,6607.5,6606.75,6607.0,16
2026-04-03 04:20:00,6606.75,6607.0,6606.75,6607.0,10
2026-04-03 04:21:00,6607.0,6607.25,6605.25,6605.5,102
2026-04-03 04:22:00,6605.75,6606.0,6604.75,6604.75,146
2026-04-03 04:23:00,6605.0,6605.0,6604.0,6604.25,65
2026-04-03 04:24:00,6604.5,6605.25,6604.5,6605.25,36
2026-04-03 04:25:00,6605.0,6605.75,6605.0,6605.5,31
2026-04-03 04:26:00,6605.5,6605.75,6605.5,6605.75,3
2026-04-03 04:27:00,6605.5,6605.5,6605.0,6605.0,15
2026-04-03 04:28:00,6605.0,6605.5,6605.0,6605.0,29
2026-04-03 04:29:00,6605.5,6605.5,6604.75,6605.0,122
2026-04-03 04:30:00,6605.0,6605.25,6604.5,6604.5,53
2026-04-03 04:31:00,6604.75,6606.25,6604.75,6606.0,126
2026-04-03 04:32:00,6606.0,6606.25,6605.5,6606.0,20
2026-04-03 04:33:00,6606.0,6606.25,6605.75,6606.25,10
2026-04-03 04:34:00,6606.0,6607.25,6606.0,6606.5,64
2026-04-03 04:35:00,6606.5,6606.5,6606.0,6606.25,13
2026-04-03 04:36:00,6606.25,6606.5,6606.0,6606.5,15
2026-04-03 04:37:00,6606.5,6606.5,6606.25,6606.25,4
2026-04-03 04:38:00,6606.5,6606.75,6605.5,6605.75,21
2026-04-03 04:39:00,6605.75,6606.25,6605.75,6605.75,24
2026-04-03 04:40:00,6605.5,6605.5,6605.25,6605.25,11
2026-04-03 04:41:00,6605.0,6605.25,6605.0,6605.25,14
2026-04-03 04:42:00,6605.25,6606.0,6605.25,6606.0,16
2026-04-03 04:43:00,6605.5,6605.5,6605.25,6605.25,13
2026-04-03 04:44:00,6605.25,6606.0,6605.25,6605.75,29
2026-04-03 04:45:00,6605.5,6606.5,6605.5,6606.5,35
2026-04-03 04:46:00,6606.25,6606.75,6606.0,6606.0,38
2026-04-03 04:47:00,6606.25,6606.5,6606.25,6606.25,13
2026-04-03 04:48:00,6606.25,6606.75,6606.25,6606.75,11
2026-04-03 04:49:00,6606.5,6606.75,6606.5,6606.75,5
2026-04-03 04:50:00,6606.75,6608.0,6606.5,6607.25,69
2026-04-03 04:51:00,6607.25,6607.25,6607.0,6607.0,26
2026-04-03 04:52:00,6606.75,6606.75,6606.5,6606.5,16
2026-04-03 04:53:00,6606.25,6606.25,6606.25,6606.25,16
2026-04-03 04:54:00,6606.5,6606.5,6606.25,6606.5,20
2026-04-03 04:55:00,6606.75,6606.75,6606.25,6606.25,15
2026-04-03 04:56:00,6606.25,6606.25,6605.5,6606.25,38
2026-04-03 04:57:00,6605.75,6606.25,6605.75,6606.25,9
2026-04-03 04:58:00,6606.5,6606.5,6606.5,6606.5,7
2026-04-03 04:59:00,6606.25,6606.25,6605.75,6606.0,22
2026-04-03 05:00:00,6606.25,6606.25,6605.0,6605.25,82
2026-04-03 05:01:00,6605.5,6606.0,6605.25,6606.0,53
2026-04-03 05:02:00,6606.0,6607.0,6605.5,6607.0,57
2026-04-03 05:03:00,6606.75,6606.75,6605.0,6606.0,46
2026-04-03 05:04:00,6606.25,6606.25,6605.75,6605.75,7
2026-04-03 05:05:00,6605.75,6605.75,6605.0,6605.0,24
2026-04-03 05:06:00,6605.75,6606.0,6605.75,6606.0,16
2026-04-03 05:07:00,6606.25,6606.5,6606.0,6606.0,9
2026-04-03 05:08:00,6605.5,6605.75,6605.0,6605.5,34
2026-04-03 05:09:00,6605.5,6605.5,6605.5,6605.5,9
2026-04-03 05:10:00,6605.5,6605.5,6605.25,6605.25,7
2026-04-03 05:11:00,6605.0,6605.25,6604.5,6604.5,27
2026-04-03 05:12:00,6604.25,6604.75,6604.25,6604.25,21
2026-04-03 05:13:00,6604.25,6604.5,6603.5,6604.0,54
2026-04-03 05:14:00,6604.0,6604.0,6603.5,6603.75,23
2026-04-03 05:15:00,6604.0,6604.0,6603.25,6603.5,60
2026-04-03 05:16:00,6603.25,6603.5,6602.75,6603.5,69
2026-04-03 05:17:00,6603.75,6603.75,6602.5,6603.75,44
2026-04-03 05:18:00,6603.75,6604.0,6603.75,6603.75,9
2026-04-03 05:19:00,6604.0,6606.25,6604.0,6605.75,102
2026-04-03 05:20:00,6605.75,6606.75,6605.75,6606.5,68
2026-04-03 05:21:00,6606.25,6606.25,6605.5,6605.5,26
2026-04-03 05:22:00,6605.5,6605.75,6604.75,6604.75,44
2026-04-03 05:23:00,6605.0,6605.25,6604.25,6604.25,25
2026-04-03 05:24:00,6604.5,6604.75,6604.25,6604.75,18
2026-04-03 05:25:00,6604.75,6605.25,6604.5,6605.25,53
2026-04-03 05:26:00,6605.25,6605.75,6605.25,6605.5,24
2026-04-03 05:27:00,6605.25,6605.25,6605.0,6605.25,28
2026-04-03 05:28:00,6605.25,6605.5,6605.0,6605.25,33
2026-04-03 05:29:00,6605.25,6605.25,6605.0,6605.0,10
2026-04-03 05:30:00,6605.25,6605.75,6605.25,6605.75,10
2026-04-03 05:31:00,6606.0,6606.25,6605.75,6606.0,26
2026-04-03 05:32:00,6606.0,6606.0,6605.5,6605.5,31
2026-04-03 05:33:00,6605.75,6605.75,6605.75,6605.75,7
2026-04-03 05:34:00,6605.75,6605.75,6605.25,6605.5,5
2026-04-03 05:35:00,6605.5,6605.75,6605.25,6605.75,10
2026-04-03 05:36:00,6606.0,6606.5,6605.0,6605.25,57
2026-04-03 05:37:00,6605.25,6605.25,6605.0,6605.25,23
2026-04-03 05:38:00,6605.0,6605.25,6604.75,6605.25,21
2026-04-03 05:39:00,6605.25,6605.25,6605.0,6605.0,12
2026-04-03 05:40:00,6605.25,6605.5,6605.25,6605.5,16
2026-04-03 05:41:00,6605.25,6605.5,6605.25,6605.5,4
2026-04-03 05:42:00,6605.5,6605.75,6605.5,6605.5,20
2026-04-03 05:43:00,6605.75,6605.75,6605.25,6605.25,6
2026-04-03 05:44:00,6605.5,6605.5,6604.5,6604.5,41
2026-04-03 05:45:00,6604.5,6604.5,6604.25,6604.25,28
2026-04-03 05:46:00,6604.75,6605.0,6604.75,6604.75,14
2026-04-03 05:47:00,6604.5,6604.5,6604.0,6604.0,8
2026-04-03 05:48:00,6604.0,6604.25,6604.0,6604.25,23
2026-04-03 05:49:00,6604.5,6604.75,6604.5,6604.75,4
2026-04-03 05:50:00,6604.75,6605.0,6604.5,6604.75,50
2026-04-03 05:51:00,6604.75,6604.75,6604.25,6604.75,13
2026-04-03 05:52:00,6604.5,6604.75,6604.25,6604.5,19
2026-04-03 05:53:00,6604.25,6604.25,6604.25,6604.25,7
2026-04-03 05:54:00,6604.75,6605.0,6604.75,6605.0,17
2026-04-03 05:55:00,6605.0,6605.25,6604.75,6605.0,8
2026-04-03 05:56:00,6605.0,6605.0,6604.75,6604.75,18
2026-04-03 05:57:00,6604.5,6604.5,6604.5,6604.5,4
2026-04-03 05:58:00,6604.5,6604.75,6604.5,6604.75,10
2026-04-03 05:59:00,6604.5,6604.5,6604.25,6604.25,35
2026-04-03 06:00:00,6604.25,6604.25,6603.25,6603.75,35
2026-04-03 06:01:00,6603.75,6604.5,6603.5,6604.25,40
2026-04-03 06:02:00,6604.25,6604.5,6604.0,6604.25,51
2026-04-03 06:03:00,6604.25,6604.75,6604.25,6604.75,25
2026-04-03 06:04:00,6604.75,6604.75,6604.25,6604.75,52
2026-04-03 06:05:00,6604.75,6604.75,6604.25,6604.25,31
2026-04-03 06:06:00,6604.75,6604.75,6604.5,6604.75,11
2026-04-03 06:07:00,6604.75,6604.75,6604.0,6604.25,37
2026-04-03 06:08:00,6604.0,6604.25,6604.0,6604.0,5
2026-04-03 06:09:00,6604.25,6604.25,6604.0,6604.25,6
2026-04-03 06:10:00,6604.25,6604.25,6603.75,6604.0,31
2026-04-03 06:11:00,6604.0,6604.25,6603.75,6603.75,21
2026-04-03 06:12:00,6603.75,6604.0,6603.0,6603.75,86
2026-04-03 06:13:00,6603.75,6603.75,6601.0,6602.75,181
2026-04-03 06:14:00,6602.5,6603.25,6602.5,6602.75,40
2026-04-03 06:15:00,6603.0,6603.25,6602.5,6602.5,35
2026-04-03 06:16:00,6602.5,6602.5,6602.25,6602.25,15
2026-04-03 06:17:00,6602.5,6603.75,6602.5,6603.75,41
2026-04-03 06:18:00,6603.75,6604.75,6603.75,6604.25,72
2026-04-03 06:19:00,6604.25,6604.25,6603.25,6603.25,14
2026-04-03 06:20:00,6603.5,6603.5,6603.25,6603.5,12
2026-04-03 06:21:00,6603.5,6605.0,6603.5,6605.0,71
2026-04-03 06:22:00,6604.75,6605.0,6603.75,6604.25,208
2026-04-03 06:23:00,6604.25,6605.0,6604.25,6604.5,51
2026-04-03 06:24:00,6605.0,6605.0,6604.0,6604.0,36
2026-04-03 06:25:00,6604.25,6604.25,6603.25,6603.5,88
2026-04-03 06:26:00,6603.75,6604.5,6603.75,6604.0,28
2026-04-03 06:27:00,6604.0,6604.0,6603.75,6603.75,37
2026-04-03 06:28:00,6603.75,6603.75,6602.0,6602.25,140
2026-04-03 06:29:00,6602.0,6602.5,6601.75,6602.0,66
2026-04-03 06:30:00,6602.0,6602.5,6602.0,6602.25,15
2026-04-03 06:31:00,6602.5,6602.5,6600.75,6601.0,207
2026-04-03 06:32:00,6601.0,6601.25,6600.75,6601.25,216
2026-04-03 06:33:00,6601.25,6601.25,6600.5,6601.25,75
2026-04-03 06:34:00,6601.25,6601.75,6600.5,6601.75,151
2026-04-03 06:35:00,6601.75,6602.0,6601.75,6602.0,37
2026-04-03 06:36:00,6601.75,6601.75,6601.25,6601.25,27
2026-04-03 06:37:00,6601.5,6601.75,6601.5,6601.75,21
2026-04-03 06:38:00,6601.5,6601.5,6601.25,6601.25,39
2026-04-03 06:39:00,6601.25,6601.75,6601.25,6601.5,52
2026-04-03 06:40:00,6601.75,6602.25,6601.75,6602.25,88
2026-04-03 06:41:00,6602.25,6603.25,6601.75,6602.75,112
2026-04-03 06:42:00,6602.5,6603.5,6602.5,6603.5,62
2026-04-03 06:43:00,6603.25,6603.25,6603.0,6603.0,9
2026-04-03 06:44:00,6602.5,6602.75,6602.25,6602.75,47
2026-04-03 06:45:00,6602.75,6604.0,6602.75,6603.5,60
2026-04-03 06:46:00,6604.0,6604.0,6603.5,6603.75,66
2026-04-03 06:47:00,6603.75,6604.75,6603.5,6603.75,102
2026-04-03 06:48:00,6603.75,6603.75,6603.25,6603.75,49
2026-04-03 06:49:00,6603.5,6604.5,6603.25,6604.0,56
2026-04-03 06:50:00,6604.0,6604.25,6604.0,6604.25,23
2026-04-03 06:51:00,6604.25,6604.25,6604.25,6604.25,4
2026-04-03 06:52:00,6604.25,6604.25,6603.5,6603.75,73
2026-04-03 06:53:00,6604.0,6604.5,6604.0,6604.25,23
2026-04-03 06:54:00,6604.25,6604.5,6604.25,6604.5,27
2026-04-03 06:55:00,6604.75,6605.0,6604.25,6604.25,107
2026-04-03 06:56:00,6604.25,6604.5,6604.25,6604.25,22
2026-04-03 06:57:00,6604.25,6604.5,6604.25,6604.25,93
2026-04-03 06:58:00,6604.0,6604.5,6603.75,6604.5,127
2026-04-03 06:59:00,6604.5,6604.5,6603.75,6604.0,69
2026-04-03 07:00:00,6604.0,6604.0,6603.0,6603.0,116
2026-04-03 07:01:00,6603.0,6603.25,6602.75,6603.0,39
2026-04-03 07:02:00,6603.0,6603.25,6602.5,6602.5,61
2026-04-03 07:03:00,6602.75,6603.0,6602.75,6602.75,37
2026-04-03 07:04:00,6603.0,6603.25,6602.75,6602.75,19
2026-04-03 07:05:00,6603.0,6603.0,6600.75,6602.25,123
2026-04-03 07:06:00,6602.0,6602.25,6601.0,6601.75,96
2026-04-03 07:07:00,6601.25,6601.25,6598.25,6598.25,281
2026-04-03 07:08:00,6598.5,6599.75,6598.5,6599.25,99
2026-04-03 07:09:00,6599.5,6600.5,6599.5,6600.5,75
2026-04-03 07:10:00,6600.75,6602.0,6600.75,6601.25,98
2026-04-03 07:11:00,6601.25,6602.0,6601.0,6602.0,23
2026-04-03 07:12:00,6602.0,6602.75,6601.75,6602.75,34
2026-04-03 07:13:00,6602.75,6604.0,6602.25,6603.0,121
2026-04-03 07:14:00,6603.25,6603.25,6602.25,6602.5,37
2026-04-03 07:15:00,6602.75,6602.75,6601.5,6602.25,43
2026-04-03 07:16:00,6602.25,6604.5,6602.0,6604.0,162
2026-04-03 07:17:00,6603.75,6603.75,6602.75,6603.25,49
2026-04-03 07:18:00,6603.0,6604.25,6603.0,6604.0,44
2026-04-03 07:19:00,6604.25,6605.5,6604.0,6605.5,79
2026-04-03 07:20:00,6605.5,6606.75,6605.0,6606.25,102
2026-04-03 07:21:00,6606.25,6607.0,6606.25,6606.5,62
2026-04-03 07:22:00,6606.75,6607.0,6606.25,6606.25,118
2026-04-03 07:23:00,6606.25,6606.5,6605.0,6605.25,152
2026-04-03 07:24:00,6605.5,6606.0,6605.5,6605.5,34
2026-04-03 07:25:00,6605.5,6605.5,6604.75,6605.0,72
2026-04-03 07:26:00,6604.75,6604.75,6604.0,6604.75,61
2026-04-03 07:27:00,6604.75,6605.75,6604.75,6605.5,30
2026-04-03 07:28:00,6605.25,6607.0,6605.0,6606.75,117
2026-04-03 07:29:00,6607.0,6608.75,6607.0,6608.75,210
2026-04-03 07:30:00,6608.25,6608.5,6608.0,6608.25,114
2026-04-03 07:31:00,6608.25,6609.0,6607.75,6608.25,186
2026-04-03 07:32:00,6608.75,6609.5,6608.25,6609.25,68
2026-04-03 07:33:00,6609.25,6609.5,6609.0,6609.25,30
2026-04-03 07:34:00,6609.5,6609.5,6608.5,6609.0,96
2026-04-03 07:35:00,6608.75,6609.5,6608.75,6609.0,74
2026-04-03 07:36:00,6608.75,6609.0,6608.25,6608.75,72
2026-04-03 07:37:00,6608.75,6609.25,6608.75,6609.0,43
2026-04-03 07:38:00,6609.0,6610.25,6609.0,6610.25,74
2026-04-03 07:39:00,6609.75,6611.25,6609.75,6610.25,196
2026-04-03 07:40:00,6610.25,6610.5,6609.25,6609.25,119
2026-04-03 07:41:00,6609.0,6609.25,6608.25,6608.75,117
2026-04-03 07:42:00,6608.5,6608.75,6607.75,6608.5,66
2026-04-03 07:43:00,6608.25,6609.25,6608.25,6608.75,42
2026-04-03 07:44:00,6608.75,6608.75,6607.75,6608.0,110
2026-04-03 07:45:00,6608.25,6608.25,6607.5,6608.0,38
2026-04-03 07:46:00,6607.75,6608.25,6607.5,6607.75,61
2026-04-03 07:47:00,6607.75,6608.5,6607.75,6608.25,32
2026-04-03 07:48:00,6608.5,6608.5,6608.0,6608.0,14
2026-04-03 07:49:00,6607.75,6608.25,6607.75,6608.25,55
2026-04-03 07:50:00,6608.25,6608.75,6608.25,6608.5,44
2026-04-03 07:51:00,6608.25,6608.25,6607.25,6607.5,32
2026-04-03 07:52:00,6607.75,6608.5,6607.5,6608.5,48
2026-04-03 07:53:00,6608.75,6610.0,6608.75,6609.75,37
2026-04-03 07:54:00,6609.75,6609.75,6609.5,6609.5,21
2026-04-03 07:55:00,6609.25,6609.25,6607.5,6608.0,110
2026-04-03 07:56:00,6608.25,6608.5,6607.75,6607.75,59
2026-04-03 07:57:00,6608.0,6608.0,6607.75,6608.0,37
2026-04-03 07:58:00,6608.0,6608.5,6608.0,6608.25,61
2026-04-03 07:59:00,6608.25,6608.25,6607.75,6607.75,43
2026-04-03 08:00:00,6607.75,6608.75,6607.5,6608.5,110
2026-04-03 08:01:00,6608.25,6609.0,6607.75,6609.0,141
2026-04-03 08:02:00,6609.25,6611.0,6609.0,6610.75,111
2026-04-03 08:03:00,6610.75,6614.75,6610.75,6614.5,296
2026-04-03 08:04:00,6614.25,6614.75,6613.5,6614.25,75
2026-04-03 08:05:00,6614.0,6614.25,6613.0,6613.5,165
2026-04-03 08:06:00,6613.25,6614.0,6613.0,6613.5,66
2026-04-03 08:07:00,6613.25,6613.25,6611.25,6611.25,321
2026-04-03 08:08:00,6611.25,6612.0,6611.25,6611.5,79
2026-04-03 08:09:00,6611.5,6612.0,6611.0,6611.25,90
2026-04-03 08:10:00,6611.25,6611.25,6610.25,6610.5,136
2026-04-03 08:11:00,6610.25,6610.25,6608.75,6609.5,116
2026-04-03 08:12:00,6609.25,6610.5,6609.25,6610.5,66
2026-04-03 08:13:00,6610.25,6611.75,6610.0,6611.25,83
2026-04-03 08:14:00,6611.5,6611.75,6611.25,6611.5,33
2026-04-03 08:15:00,6611.75,6611.75,6609.75,6610.0,203
2026-04-03 08:16:00,6610.0,6610.0,6605.0,6605.25,287
2026-04-03 08:17:00,6605.25,6605.75,6604.0,6604.0,246
2026-04-03 08:18:00,6604.0,6604.25,6603.25,6604.0,162
2026-04-03 08:19:00,6604.0,6607.25,6604.0,6607.0,199
2026-04-03 08:20:00,6607.0,6608.25,6607.0,6607.75,142
2026-04-03 08:21:00,6608.25,6608.75,6607.75,6608.0,152
2026-04-03 08:22:00,6608.0,6609.0,6607.5,6607.75,114
2026-04-03 08:23:00,6608.25,6609.25,6607.0,6608.25,161
2026-04-03 08:24:00,6608.0,6609.75,6606.5,6609.25,275
2026-04-03 08:25:00,6609.25,6613.5,6609.25,6612.5,411
2026-04-03 08:26:00,6612.5,6612.5,6611.0,6611.0,88
2026-04-03 08:27:00,6611.0,6612.75,6609.25,6609.75,309
2026-04-03 08:28:00,6609.75,6611.5,6609.75,6610.75,112
2026-04-03 08:29:00,6611.0,6612.5,6609.5,6611.25,187
2026-04-03 08:30:00,6611.0,6639.0,6609.0,6622.5,2807
2026-04-03 08:31:00,6622.0,6622.5,6614.5,6615.25,911
2026-04-03 08:32:00,6614.75,6617.5,6613.75,6615.25,620
2026-04-03 08:33:00,6615.25,6616.5,6612.25,6615.25,490
2026-04-03 08:34:00,6615.0,6615.0,6609.5,6610.0,577
2026-04-03 08:35:00,6610.0,6610.25,6605.0,6605.5,609
2026-04-03 08:36:00,6605.5,6608.25,6605.5,6607.5,432
2026-04-03 08:37:00,6607.75,6607.75,6603.0,6603.0,530
2026-04-03 08:38:00,6602.75,6604.75,6600.25,6604.25,774
2026-04-03 08:39:00,6604.5,6606.0,6602.75,6605.5,258
2026-04-03 08:40:00,6605.25,6606.75,6604.25,6606.0,402
2026-04-03 08:41:00,6605.75,6608.0,6605.5,6608.0,332
2026-04-03 08:42:00,6608.0,6609.0,6606.5,6608.5,321
2026-04-03 08:43:00,6609.0,6611.5,6608.75,6609.5,721
2026-04-03 08:44:00,6609.5,6611.0,6609.0,6610.0,236
2026-04-03 08:45:00,6610.0,6612.75,6609.75,6611.75,374
2026-04-03 08:46:00,6611.5,6612.0,6610.25,6611.0,210
2026-04-03 08:47:00,6610.75,6611.0,6608.5,6610.5,256
2026-04-03 08:48:00,6610.5,6611.5,6608.75,6608.75,348
2026-04-03 08:49:00,6608.5,6608.75,6604.75,6605.0,411
2026-04-03 08:50:00,6605.25,6605.25,6602.25,6602.75,451
2026-04-03 08:51:00,6603.0,6603.5,6601.25,6602.75,415
2026-04-03 08:52:00,6603.0,6603.75,6601.5,6603.25,251
2026-04-03 08:53:00,6603.0,6603.5,6601.25,6602.25,196
2026-04-03 08:54:00,6602.25,6603.0,6601.25,6602.75,140
2026-04-03 08:55:00,6602.25,6603.5,6600.5,6602.75,305
2026-04-03 08:56:00,6602.75,6604.5,6602.25,6603.75,206
2026-04-03 08:57:00,6603.5,6604.5,6602.0,6602.25,408
2026-04-03 08:58:00,6602.0,6603.25,6598.75,6599.25,538
2026-04-03 08:59:00,6599.5,6600.5,6599.25,6600.25,234
2026-04-03 09:00:00,6600.5,6601.25,6599.0,6600.5,329
2026-04-03 09:01:00,6600.0,6602.5,6598.5,6602.5,364
2026-04-03 09:02:00,6602.25,6603.0,6599.5,6601.5,275
2026-04-03 09:03:00,6601.75,6604.0,6601.75,6602.75,247
2026-04-03 09:04:00,6602.5,6603.0,6601.25,6602.0,69
2026-04-03 09:05:00,6602.5,6604.75,6602.5,6604.5,152
2026-04-03 09:06:00,6604.5,6606.5,6604.0,6604.75,208
2026-04-03 09:07:00,6604.75,6604.75,6602.0,6602.5,149
2026-04-03 09:08:00,6602.75,6602.75,6600.75,6602.0,119
2026-04-03 09:09:00,6601.5,6601.75,6600.25,6601.25,85
2026-04-03 09:10:00,6601.25,6602.0,6598.75,6599.25,333
2026-04-03 09:11:00,6599.25,6600.75,6599.0,6599.5,135
2026-04-03 09:12:00,6599.25,6602.75,6599.25,6602.5,307
2026-04-03 09:13:00,6602.5,6603.0,6600.5,6602.25,334
2026-04-03 09:14:00,6602.25,6605.25,6601.0,6603.75,473
2026-04-05 18:00:00,6590.00,6590.00,6575.00,6576.25,2990
2026-04-05 18:01:00,6577.25,6585.25,6576.25,6583.75,1099
2026-04-05 18:02:00,6583.75,6586.00,6581.00,6583.00,759
2026-04-05 18:03:00,6582.50,6583.25,6575.50,6577.75,881
2026-04-05 18:04:00,6578.50,6583.75,6577.50,6579.50,625
2026-04-05 18:05:00,6579.25,6579.50,6575.50,6578.25,623
2026-04-05 18:06:00,6578.25,6578.50,6573.00,6575.50,838
2026-04-05 18:07:00,6575.50,6580.00,6574.50,6576.75,525
2026-04-05 18:08:00,6576.50,6578.25,6572.25,6573.25,562
2026-04-05 18:09:00,6572.75,6573.50,6571.00,6572.75,785
2026-04-05 18:10:00,6572.75,6573.25,6567.75,6568.50,857
2026-04-05 18:11:00,6568.75,6571.00,6567.00,6568.25,678
2026-04-05 18:12:00,6568.25,6573.00,6567.75,6569.75,726
2026-04-05 18:13:00,6570.00,6573.25,6569.75,6573.00,532
2026-04-05 18:14:00,6572.75,6578.75,6572.75,6577.00,596
2026-04-05 18:15:00,6577.25,6578.25,6574.75,6575.75,539
2026-04-05 18:16:00,6576.00,6579.75,6575.50,6577.50,452
2026-04-05 18:17:00,6577.00,6579.25,6576.75,6578.75,359
2026-04-05 18:18:00,6578.25,6579.50,6576.00,6578.50,486
2026-04-05 18:19:00,6578.25,6579.25,6577.00,6578.75,262
2026-04-05 18:20:00,6579.00,6580.25,6577.25,6579.00,283
2026-04-05 18:21:00,6579.25,6581.75,6578.75,6580.50,396
2026-04-05 18:22:00,6580.50,6582.75,6580.50,6581.50,277
2026-04-05 18:23:00,6581.75,6584.50,6580.50,6582.75,391
2026-04-05 18:24:00,6582.25,6584.25,6581.75,6582.75,178
2026-04-05 18:25:00,6582.75,6583.00,6580.00,6581.25,232
2026-04-05 18:26:00,6581.25,6582.50,6580.00,6580.25,177
2026-04-05 18:27:00,6580.50,6582.00,6580.50,6582.00,103
2026-04-05 18:28:00,6582.00,6585.00,6582.00,6584.25,300
2026-04-05 18:29:00,6584.25,6584.50,6582.50,6583.25,192
2026-04-05 18:30:00,6583.50,6584.25,6581.25,6582.50,380
2026-04-05 18:31:00,6582.75,6586.00,6582.75,6584.00,440
2026-04-05 18:32:00,6584.25,6584.50,6583.00,6583.50,176
2026-04-05 18:33:00,6583.25,6583.50,6581.75,6581.75,188
2026-04-05 18:34:00,6581.75,6582.25,6580.75,6581.00,264
2026-04-05 18:35:00,6581.25,6582.75,6579.50,6580.50,370
2026-04-05 18:36:00,6580.75,6582.00,6580.50,6581.50,111
2026-04-05 18:37:00,6581.50,6582.00,6580.50,6580.75,183
2026-04-05 18:38:00,6580.75,6587.50,6580.75,6586.25,390
2026-04-05 18:39:00,6586.00,6588.25,6585.50,6587.25,322
2026-04-05 18:40:00,6587.25,6588.00,6586.25,6586.25,160
2026-04-05 18:41:00,6586.25,6586.50,6585.25,6586.50,120
2026-04-05 18:42:00,6586.75,6586.75,6584.25,6584.50,110
2026-04-05 18:43:00,6584.75,6585.00,6584.00,6585.00,97
2026-04-05 18:44:00,6584.75,6585.75,6583.25,6584.00,186
2026-04-05 18:45:00,6584.00,6584.50,6581.75,6584.00,225
2026-04-05 18:46:00,6584.25,6587.00,6584.25,6584.25,235
2026-04-05 18:47:00,6584.00,6584.00,6582.25,6582.75,197
2026-04-05 18:48:00,6582.50,6583.00,6580.75,6581.75,244
2026-04-05 18:49:00,6581.50,6584.00,6581.50,6583.75,111
2026-04-05 18:50:00,6584.00,6587.00,6584.00,6585.75,252
2026-04-05 18:51:00,6586.25,6588.00,6585.75,6586.00,123
2026-04-05 18:52:00,6586.00,6588.50,6586.00,6588.00,136
2026-04-05 18:53:00,6587.75,6588.00,6586.50,6586.75,161
2026-04-05 18:54:00,6586.50,6587.00,6586.00,6586.00,119
2026-04-05 18:55:00,6586.25,6588.25,6585.75,6587.75,125
2026-04-05 18:56:00,6587.50,6587.50,6585.75,6587.00,78
2026-04-05 18:57:00,6587.25,6588.00,6586.75,6587.75,80
2026-04-05 18:58:00,6588.00,6589.50,6587.50,6588.75,235
2026-04-05 18:59:00,6588.50,6589.00,6587.00,6587.50,105
2026-04-05 19:00:00,6587.50,6589.50,6587.00,6588.25,262
2026-04-05 19:01:00,6588.25,6588.50,6585.00,6586.25,314
2026-04-05 19:02:00,6586.25,6586.25,6584.00,6585.25,311
2026-04-05 19:03:00,6585.25,6586.25,6582.75,6584.25,269
2026-04-05 19:04:00,6584.50,6584.50,6581.75,6583.25,244
2026-04-05 19:05:00,6583.25,6585.50,6582.50,6585.50,363
2026-04-05 19:06:00,6585.50,6589.00,6585.25,6587.50,335
2026-04-05 19:07:00,6587.25,6588.00,6585.25,6586.00,470
2026-04-05 19:08:00,6586.00,6586.00,6583.25,6584.00,124
2026-04-05 19:09:00,6583.75,6583.75,6581.25,6582.50,336
2026-04-05 19:10:00,6582.75,6584.00,6580.75,6581.25,233
2026-04-05 19:11:00,6581.25,6583.50,6580.25,6581.00,373
2026-04-05 19:12:00,6581.00,6582.25,6578.25,6580.00,303
2026-04-05 19:13:00,6579.75,6581.25,6579.50,6580.50,195
2026-04-05 19:14:00,6580.25,6583.00,6580.25,6582.50,245
2026-04-05 19:15:00,6582.50,6583.50,6580.75,6582.75,362
2026-04-05 19:16:00,6583.00,6584.75,6582.50,6584.00,244
2026-04-05 19:17:00,6583.75,6584.50,6582.75,6584.50,119
2026-04-05 19:18:00,6584.50,6585.00,6583.50,6584.75,145
2026-04-05 19:19:00,6585.00,6585.00,6582.25,6584.00,119
2026-04-05 19:20:00,6584.00,6586.00,6584.00,6584.75,157
2026-04-05 19:21:00,6584.50,6584.50,6582.50,6583.75,118
2026-04-05 19:22:00,6583.00,6583.50,6582.75,6583.00,39
2026-04-05 19:23:00,6583.00,6583.25,6582.25,6582.25,68
2026-04-05 19:24:00,6582.25,6582.75,6581.75,6582.50,39
2026-04-05 19:25:00,6582.50,6583.50,6582.50,6583.25,68
2026-04-05 19:26:00,6583.50,6583.50,6582.75,6583.25,50
2026-04-05 19:27:00,6583.00,6583.00,6582.50,6583.00,68
2026-04-05 19:28:00,6582.75,6583.75,6582.75,6583.00,54
2026-04-05 19:29:00,6583.00,6583.00,6582.50,6582.50,37
2026-04-05 19:30:00,6582.50,6583.75,6582.50,6583.75,103
2026-04-05 19:31:00,6584.00,6584.50,6582.75,6584.00,167
2026-04-05 19:32:00,6584.25,6585.50,6584.25,6584.50,81
2026-04-05 19:33:00,6584.50,6584.50,6583.50,6583.75,29
2026-04-05 19:34:00,6584.00,6584.00,6582.00,6583.75,154
2026-04-05 19:35:00,6583.50,6583.75,6583.25,6583.25,48
2026-04-05 19:36:00,6583.25,6583.75,6583.00,6583.75,35
2026-04-05 19:37:00,6583.75,6584.25,6583.00,6583.00,35
2026-04-05 19:38:00,6583.00,6583.25,6583.00,6583.25,21
2026-04-05 19:39:00,6583.00,6583.25,6582.75,6583.00,18
2026-04-05 19:40:00,6583.25,6584.00,6583.00,6583.25,51
2026-04-05 19:41:00,6583.00,6583.00,6582.75,6582.75,31
2026-04-05 19:42:00,6582.75,6582.75,6582.25,6582.50,64
2026-04-05 19:43:00,6582.50,6582.50,6581.75,6582.25,56
2026-04-05 19:44:00,6582.00,6582.50,6581.50,6582.00,64
2026-04-05 19:45:00,6582.25,6583.75,6582.00,6582.75,110
2026-04-05 19:46:00,6582.50,6583.50,6582.25,6583.25,76
2026-04-05 19:47:00,6583.25,6583.50,6582.75,6583.00,72
2026-04-05 19:48:00,6583.00,6583.50,6582.75,6583.00,27
2026-04-05 19:49:00,6582.75,6582.75,6582.00,6582.25,36
2026-04-05 19:50:00,6582.50,6584.25,6582.25,6584.00,91
2026-04-05 19:51:00,6583.75,6584.00,6583.00,6583.00,24
2026-04-05 19:52:00,6583.50,6583.75,6583.00,6583.25,17
2026-04-05 19:53:00,6583.00,6583.75,6582.75,6583.75,51
2026-04-05 19:54:00,6583.50,6586.25,6583.25,6584.50,169
2026-04-05 19:55:00,6584.75,6585.50,6584.75,6585.00,42
2026-04-05 19:56:00,6584.75,6587.00,6584.75,6586.75,202
2026-04-05 19:57:00,6586.75,6587.00,6586.50,6586.75,58
2026-04-05 19:58:00,6586.75,6587.50,6586.00,6587.00,100
2026-04-05 19:59:00,6586.50,6587.50,6586.25,6587.50,83
2026-04-05 20:00:00,6587.50,6597.00,6586.50,6595.00,1300
2026-04-05 20:01:00,6594.75,6600.75,6594.25,6599.75,942
2026-04-05 20:02:00,6599.50,6600.00,6596.50,6598.75,631
2026-04-05 20:03:00,6598.75,6600.50,6598.25,6599.50,450
2026-04-05 20:04:00,6599.50,6601.50,6598.75,6601.25,291
2026-04-05 20:05:00,6601.50,6603.50,6600.50,6601.75,646
2026-04-05 20:06:00,6601.50,6603.25,6600.50,6602.75,361
2026-04-05 20:07:00,6602.75,6603.00,6601.25,6602.50,236
2026-04-05 20:08:00,6602.50,6603.50,6602.00,6602.75,255
2026-04-05 20:09:00,6602.50,6603.75,6602.00,6603.25,250
2026-04-05 20:10:00,6603.00,6603.00,6599.75,6600.00,244
2026-04-05 20:11:00,6599.75,6601.25,6599.75,6600.25,149
2026-04-05 20:12:00,6600.25,6604.00,6600.00,6603.00,269
2026-04-05 20:13:00,6603.00,6603.50,6602.00,6602.25,254
2026-04-05 20:14:00,6602.25,6603.25,6601.75,6602.50,97
2026-04-05 20:15:00,6603.00,6603.25,6601.50,6601.75,264
2026-04-05 20:16:00,6602.25,6602.50,6599.75,6600.25,263
2026-04-05 20:17:00,6600.25,6600.75,6598.00,6599.25,484
2026-04-05 20:18:00,6599.50,6600.25,6598.50,6599.25,273
2026-04-05 20:19:00,6599.50,6600.25,6598.75,6600.00,163
2026-04-05 20:20:00,6600.00,6601.25,6599.75,6600.50,309
2026-04-05 20:21:00,6600.50,6600.75,6599.25,6600.00,183
2026-04-05 20:22:00,6599.75,6601.75,6599.75,6601.50,151
2026-04-05 20:23:00,6601.75,6609.00,6601.00,6606.50,1164
2026-04-05 20:24:00,6606.50,6606.50,6604.00,6605.00,265
2026-04-05 20:25:00,6605.00,6605.25,6603.00,6603.75,210
2026-04-05 20:26:00,6603.75,6605.50,6603.75,6604.50,169
2026-04-05 20:27:00,6604.25,6606.50,6603.50,6604.50,464
2026-04-05 20:28:00,6604.25,6604.50,6603.25,6603.25,142
2026-04-05 20:29:00,6603.50,6603.75,6601.50,6601.50,231
2026-04-05 20:30:00,6602.00,6603.25,6601.50,6603.00,218
2026-04-05 20:31:00,6602.75,6604.00,6602.50,6603.50,112
2026-04-05 20:32:00,6603.25,6605.25,6603.25,6603.75,187
2026-04-05 20:33:00,6603.75,6604.50,6603.25,6603.25,103
2026-04-05 20:34:00,6603.00,6604.75,6603.00,6604.25,244
2026-04-05 20:35:00,6604.25,6605.50,6604.25,6605.25,170
2026-04-05 20:36:00,6605.00,6606.50,6604.50,6606.25,114
2026-04-05 20:37:00,6606.00,6607.25,6604.75,6605.00,232
2026-04-05 20:38:00,6605.50,6605.75,6603.25,6603.75,184
2026-04-05 20:39:00,6604.00,6604.50,6603.25,6603.75,83
2026-04-05 20:40:00,6603.75,6605.50,6603.00,6605.25,144
2026-04-05 20:41:00,6605.25,6608.00,6604.75,6607.25,347
2026-04-05 20:42:00,6607.25,6607.25,6606.00,6606.75,128
2026-04-05 20:43:00,6606.75,6607.75,6606.25,6607.50,130
2026-04-05 20:44:00,6607.50,6607.75,6606.75,6607.25,120
2026-04-05 20:45:00,6607.25,6607.25,6605.75,6606.75,116
2026-04-05 20:46:00,6607.00,6608.00,6606.50,6607.75,195
2026-04-05 20:47:00,6607.50,6609.00,6607.25,6608.50,252
2026-04-05 20:48:00,6608.25,6609.25,6606.25,6606.50,210
2026-04-05 20:49:00,6606.50,6607.50,6606.50,6607.00,95
2026-04-05 20:50:00,6607.00,6608.00,6605.75,6607.50,141
2026-04-05 20:51:00,6607.25,6607.50,6605.50,6606.00,150
2026-04-05 20:52:00,6606.00,6607.25,6606.00,6607.00,71
2026-04-05 20:53:00,6607.00,6607.00,6606.25,6606.50,36
2026-04-05 20:54:00,6606.75,6608.25,6606.50,6607.25,132
2026-04-05 20:55:00,6607.25,6608.50,6607.25,6608.50,89
2026-04-05 20:56:00,6608.75,6609.00,6607.75,6608.25,78
2026-04-05 20:57:00,6608.25,6610.75,6608.25,6610.25,297
2026-04-05 20:58:00,6610.00,6610.75,6609.50,6610.00,168
2026-04-05 20:59:00,6610.00,6610.25,6608.75,6609.25,118
2026-04-05 21:00:00,6609.25,6611.50,6609.00,6610.75,310
2026-04-05 21:01:00,6610.75,6612.75,6610.25,6612.00,235
2026-04-05 21:02:00,6612.00,6612.75,6612.00,6612.25,223
2026-04-05 21:03:00,6612.00,6612.50,6611.25,6612.00,124
2026-04-05 21:04:00,6612.25,6613.75,6612.00,6612.00,172
2026-04-05 21:05:00,6612.00,6612.50,6611.25,6612.25,133
2026-04-05 21:06:00,6612.25,6612.75,6611.25,6611.25,148
2026-04-05 21:07:00,6611.50,6612.25,6610.50,6612.00,118
2026-04-05 21:08:00,6612.00,6613.50,6611.00,6611.25,142
2026-04-05 21:09:00,6611.00,6611.25,6609.25,6611.00,255
2026-04-05 21:10:00,6611.25,6612.25,6611.25,6611.75,94
2026-04-05 21:11:00,6611.75,6612.75,6611.75,6612.25,64
2026-04-05 21:12:00,6612.25,6613.00,6612.25,6612.75,119
2026-04-05 21:13:00,6613.00,6613.00,6611.75,6612.75,109
2026-04-05 21:14:00,6612.50,6612.75,6612.25,6612.50,33
2026-04-05 21:15:00,6612.25,6612.50,6611.00,6612.50,183
2026-04-05 21:16:00,6612.25,6613.00,6612.25,6612.50,142
2026-04-05 21:17:00,6612.00,6612.75,6612.00,6612.25,61
2026-04-05 21:18:00,6612.00,6612.00,6609.25,6609.75,238
2026-04-05 21:19:00,6609.75,6610.00,6608.50,6608.50,248
2026-04-05 21:20:00,6608.75,6610.75,6608.00,6610.50,260
2026-04-05 21:21:00,6610.50,6613.00,6610.25,6612.25,384
2026-04-05 21:22:00,6612.25,6615.00,6612.25,6614.00,495
2026-04-05 21:23:00,6614.00,6614.50,6612.75,6613.00,229
2026-04-05 21:24:00,6612.75,6613.00,6611.75,6612.50,203
2026-04-05 21:25:00,6612.75,6615.25,6612.75,6614.50,297
2026-04-05 21:26:00,6614.50,6617.00,6614.00,6615.25,330
2026-04-05 21:27:00,6614.75,6615.00,6613.75,6613.75,125
2026-04-05 21:28:00,6614.25,6618.00,6614.25,6616.50,314
2026-04-05 21:29:00,6616.50,6617.00,6615.50,6616.00,118
2026-04-05 21:30:00,6615.75,6616.00,6613.50,6614.50,212
2026-04-05 21:31:00,6614.75,6615.25,6614.25,6614.75,82
2026-04-05 21:32:00,6614.75,6614.75,6613.50,6613.50,128
2026-04-05 21:33:00,6613.50,6614.00,6612.25,6612.50,87
2026-04-05 21:34:00,6612.75,6612.75,6611.75,6612.00,117
2026-04-05 21:35:00,6612.25,6613.25,6611.75,6613.25,111
2026-04-05 21:36:00,6613.50,6614.00,6613.00,6613.25,115
2026-04-05 21:37:00,6613.50,6613.75,6612.75,6613.00,76
2026-04-05 21:38:00,6613.00,6613.75,6612.75,6613.75,82
2026-04-05 21:39:00,6613.75,6614.75,6613.50,6614.25,108
2026-04-05 21:40:00,6614.25,6615.00,6613.50,6615.00,116
2026-04-05 21:41:00,6615.00,6615.00,6614.00,6614.50,80
2026-04-05 21:42:00,6614.75,6615.75,6614.75,6615.25,104
2026-04-05 21:43:00,6615.25,6615.50,6614.75,6614.75,62
2026-04-05 21:44:00,6614.75,6615.50,6614.75,6615.25,67
2026-04-05 21:45:00,6615.00,6615.75,6614.75,6614.75,80
2026-04-05 21:46:00,6614.75,6615.25,6614.50,6615.00,87
2026-04-05 21:47:00,6614.75,6615.25,6614.50,6615.00,89
2026-04-05 21:48:00,6614.75,6615.00,6613.00,6613.00,110
2026-04-05 21:49:00,6613.25,6613.25,6611.25,6611.50,127
2026-04-05 21:50:00,6611.75,6612.00,6611.00,6611.00,296
2026-04-05 21:51:00,6611.25,6612.00,6610.75,6611.25,385
2026-04-05 21:52:00,6611.00,6611.50,6610.50,6611.00,96
2026-04-05 21:53:00,6611.00,6611.00,6610.00,6610.00,96
2026-04-05 21:54:00,6610.25,6610.75,6609.75,6610.25,90
2026-04-05 21:55:00,6609.75,6610.25,6606.50,6608.00,429
2026-04-05 21:56:00,6608.00,6609.00,6606.75,6607.00,156
2026-04-05 21:57:00,6607.25,6608.50,6607.25,6608.00,141
2026-04-05 21:58:00,6608.25,6608.50,6607.75,6607.75,81
2026-04-05 21:59:00,6608.25,6610.50,6608.00,6609.75,363
2026-04-05 22:00:00,6609.75,6616.50,6608.75,6614.50,956
2026-04-05 22:01:00,6614.75,6614.75,6611.75,6613.00,209
2026-04-05 22:02:00,6613.25,6613.50,6611.00,6611.25,170
2026-04-05 22:03:00,6611.00,6612.25,6610.00,6611.50,156
2026-04-05 22:04:00,6611.75,6612.25,6611.25,6612.00,143
2026-04-05 22:05:00,6612.00,6612.75,6611.00,6611.25,138
2026-04-05 22:06:00,6611.25,6613.00,6610.75,6612.25,552
2026-04-05 22:07:00,6612.25,6614.00,6612.25,6613.75,386
2026-04-05 22:08:00,6613.50,6614.00,6612.50,6612.75,193
2026-04-05 22:09:00,6612.75,6620.50,6612.50,6618.75,973
2026-04-05 22:10:00,6618.50,6621.75,6616.50,6620.75,619
2026-04-05 22:11:00,6620.75,6626.25,6620.00,6622.00,1110
2026-04-05 22:12:00,6621.75,6623.50,6621.25,6622.75,182
2026-04-05 22:13:00,6622.75,6624.25,6622.25,6623.75,237
2026-04-05 22:14:00,6623.50,6624.00,6621.50,6622.00,192
2026-04-05 22:15:00,6622.25,6622.75,6620.75,6621.25,279
2026-04-05 22:16:00,6621.50,6625.75,6621.50,6625.50,341
2026-04-05 22:17:00,6625.50,6626.00,6624.50,6624.50,265
2026-04-05 22:18:00,6625.00,6626.25,6624.50,6626.00,262
2026-04-05 22:19:00,6625.75,6630.50,6625.50,6629.25,804
2026-04-05 22:20:00,6629.25,6630.50,6627.75,6630.25,425
2026-04-05 22:21:00,6630.00,6634.75,6630.00,6633.75,743
2026-04-05 22:22:00,6633.50,6635.00,6631.75,6634.50,614
2026-04-05 22:23:00,6634.25,6635.75,6633.50,6634.75,532
2026-04-05 22:24:00,6634.50,6635.75,6633.75,6635.00,323
2026-04-05 22:25:00,6635.00,6635.25,6632.25,6633.00,500
2026-04-05 22:26:00,6633.00,6633.75,6632.00,6633.50,241
2026-04-05 22:27:00,6633.25,6633.75,6632.50,6633.50,200
2026-04-05 22:28:00,6633.75,6634.00,6632.75,6633.25,220
2026-04-05 22:29:00,6633.25,6633.75,6632.25,6633.75,234
2026-04-05 22:30:00,6633.75,6634.00,6632.75,6634.00,236
2026-04-05 22:31:00,6634.00,6635.00,6633.50,6633.75,272
2026-04-05 22:32:00,6633.50,6633.50,6630.75,6631.75,333
2026-04-05 22:33:00,6631.50,6632.75,6630.25,6631.50,433
2026-04-05 22:34:00,6631.50,6633.25,6631.00,6631.75,294
2026-04-05 22:35:00,6632.00,6632.50,6631.50,6631.75,173
2026-04-05 22:36:00,6631.75,6632.50,6630.75,6631.75,122
2026-04-05 22:37:00,6631.50,6631.50,6628.50,6629.25,476
2026-04-05 22:38:00,6629.00,6629.00,6628.00,6629.00,165
2026-04-05 22:39:00,6629.00,6629.00,6627.25,6627.25,163
2026-04-05 22:40:00,6627.25,6627.25,6623.25,6623.75,488
2026-04-05 22:41:00,6623.75,6625.00,6622.25,6622.75,384
2026-04-05 22:42:00,6622.75,6623.75,6621.75,6623.25,227
2026-04-05 22:43:00,6623.00,6624.25,6622.75,6622.75,150
2026-04-05 22:44:00,6622.75,6623.25,6621.25,6623.00,214
2026-04-05 22:45:00,6623.25,6624.50,6621.25,6621.75,198
2026-04-05 22:46:00,6622.25,6622.75,6620.50,6620.75,136
2026-04-05 22:47:00,6621.00,6622.50,6621.00,6621.50,93
2026-04-05 22:48:00,6621.75,6623.00,6621.75,6622.25,74
2026-04-05 22:49:00,6622.00,6622.25,6620.00,6620.00,193
2026-04-05 22:50:00,6620.25,6620.75,6619.75,6620.50,130
2026-04-05 22:51:00,6620.50,6622.00,6620.50,6621.00,142
2026-04-05 22:52:00,6621.00,6621.50,6620.25,6621.00,87
2026-04-05 22:53:00,6620.50,6620.50,6617.00,6617.50,447
2026-04-05 22:54:00,6617.50,6619.00,6617.00,6618.75,182
2026-04-05 22:55:00,6618.50,6618.75,6617.50,6618.25,105
2026-04-05 22:56:00,6618.00,6618.75,6617.75,6617.75,72
2026-04-05 22:57:00,6617.50,6618.00,6616.00,6617.25,206
2026-04-05 22:58:00,6617.25,6618.25,6617.25,6618.00,166
2026-04-05 22:59:00,6617.75,6618.00,6615.75,6615.75,175
2026-04-05 23:00:00,6615.75,6616.50,6615.00,6616.25,178
2026-04-05 23:01:00,6615.75,6616.75,6615.50,6615.75,129
2026-04-05 23:02:00,6615.75,6616.25,6612.50,6612.75,282
2026-04-05 23:03:00,6612.75,6614.25,6612.25,6613.00,245
2026-04-05 23:04:00,6613.00,6614.50,6613.00,6613.00,189
2026-04-05 23:05:00,6613.25,6613.75,6612.50,6613.25,162
2026-04-05 23:06:00,6613.50,6614.50,6612.25,6612.25,77
2026-04-05 23:07:00,6612.25,6613.25,6612.25,6613.00,102
2026-04-05 23:08:00,6613.25,6613.25,6610.75,6611.25,160
2026-04-05 23:09:00,6611.25,6611.75,6610.25,6611.25,142
2026-04-05 23:10:00,6611.25,6612.50,6611.25,6611.75,100
2026-04-05 23:11:00,6611.75,6612.50,6611.50,6612.00,97
2026-04-05 23:12:00,6612.00,6612.00,6609.75,6611.00,166
2026-04-05 23:13:00,6610.75,6611.50,6609.50,6610.25,140
2026-04-05 23:14:00,6610.00,6610.00,6608.50,6609.25,187
2026-04-05 23:15:00,6609.50,6611.00,6609.50,6609.75,118
2026-04-05 23:16:00,6610.00,6611.00,6609.75,6610.50,85
2026-04-05 23:17:00,6610.50,6611.50,6610.50,6611.25,108
2026-04-05 23:18:00,6611.50,6612.25,6607.00,6608.50,876
2026-04-05 23:19:00,6608.50,6609.25,6595.25,6599.25,2258
2026-04-05 23:20:00,6599.25,6602.50,6596.50,6602.00,671
2026-04-05 23:21:00,6602.25,6603.00,6600.75,6601.50,203
2026-04-05 23:22:00,6601.75,6602.75,6601.00,6601.75,190
2026-04-05 23:23:00,6601.50,6603.50,6601.00,6603.00,214
2026-04-05 23:24:00,6603.25,6607.50,6602.75,6606.75,755
2026-04-05 23:25:00,6607.00,6607.50,6606.25,6606.75,245
2026-04-05 23:26:00,6606.75,6607.50,6606.00,6606.75,280
2026-04-05 23:27:00,6606.75,6608.00,6606.00,6608.00,152
2026-04-05 23:28:00,6608.00,6609.00,6607.00,6608.00,147
2026-04-05 23:29:00,6608.00,6608.00,6606.50,6606.75,137
2026-04-05 23:30:00,6607.00,6607.00,6605.25,6606.00,187
2026-04-05 23:31:00,6606.00,6607.50,6605.75,6607.25,96
2026-04-05 23:32:00,6607.50,6608.00,6605.00,6607.00,204
2026-04-05 23:33:00,6606.75,6607.00,6606.00,6606.75,55
2026-04-05 23:34:00,6607.00,6608.00,6606.50,6608.00,72
2026-04-05 23:35:00,6607.75,6609.00,6607.75,6608.75,149
2026-04-05 23:36:00,6608.50,6609.75,6608.00,6609.75,163
2026-04-05 23:37:00,6609.75,6610.25,6608.75,6609.00,84
2026-04-05 23:38:00,6609.00,6609.25,6608.25,6609.00,93
2026-04-05 23:39:00,6609.00,6609.25,6607.75,6608.25,111
2026-04-05 23:40:00,6608.25,6608.25,6606.00,6607.25,110
2026-04-05 23:41:00,6607.25,6607.25,6606.25,6606.75,43
2026-04-05 23:42:00,6606.50,6609.00,6606.50,6608.25,139
2026-04-05 23:43:00,6608.25,6609.00,6608.00,6609.00,50
2026-04-05 23:44:00,6609.00,6610.00,6608.75,6609.50,73
2026-04-05 23:45:00,6609.50,6610.00,6608.50,6608.75,72
2026-04-05 23:46:00,6608.75,6612.00,6608.75,6612.00,155
2026-04-05 23:47:00,6611.75,6612.00,6610.50,6611.25,150
2026-04-05 23:48:00,6611.50,6611.50,6610.00,6610.50,57
2026-04-05 23:49:00,6610.25,6611.00,6610.00,6610.75,74
2026-04-05 23:50:00,6610.75,6613.25,6610.75,6612.50,175
2026-04-05 23:51:00,6612.75,6612.75,6610.75,6610.75,120
2026-04-05 23:52:00,6610.75,6612.00,6610.00,6611.75,75
2026-04-05 23:53:00,6612.25,6613.00,6612.00,6612.25,101
2026-04-05 23:54:00,6612.00,6612.25,6611.00,6611.75,73
2026-04-05 23:55:00,6611.75,6612.00,6611.50,6611.50,59
2026-04-05 23:56:00,6611.75,6612.00,6611.00,6611.75,54
2026-04-05 23:57:00,6612.00,6612.25,6611.50,6611.75,27
2026-04-05 23:58:00,6612.00,6612.25,6611.75,6612.25,28
2026-04-05 23:59:00,6612.25,6612.25,6611.50,6612.25,43
2026-04-06 00:00:00,6612.25,6614.00,6611.25,6613.75,169
2026-04-06 00:01:00,6613.75,6615.75,6613.75,6615.75,204
2026-04-06 00:02:00,6615.75,6616.00,6614.50,6615.50,186
2026-04-06 00:03:00,6615.50,6616.25,6615.25,6615.75,79
2026-04-06 00:04:00,6616.25,6618.00,6615.75,6617.50,158
2026-04-06 00:05:00,6618.00,6618.00,6616.00,6616.25,195
2026-04-06 00:06:00,6616.25,6616.25,6615.25,6615.75,104
2026-04-06 00:07:00,6615.75,6616.50,6614.50,6614.50,110
2026-04-06 00:08:00,6614.50,6615.50,6614.50,6615.00,89
2026-04-06 00:09:00,6615.25,6615.75,6614.75,6615.75,67
2026-04-06 00:10:00,6615.50,6615.50,6613.50,6614.25,86
2026-04-06 00:11:00,6614.25,6616.00,6614.25,6615.75,52
2026-04-06 00:12:00,6616.00,6617.75,6616.00,6617.00,201
2026-04-06 00:13:00,6617.00,6617.50,6616.25,6616.25,107
2026-04-06 00:14:00,6616.50,6617.25,6615.75,6616.75,90
2026-04-06 00:15:00,6616.75,6617.50,6616.75,6617.00,38
2026-04-06 00:16:00,6616.75,6617.00,6616.00,6616.50,69
2026-04-06 00:17:00,6616.50,6617.50,6616.50,6617.50,71
2026-04-06 00:18:00,6617.50,6618.00,6617.25,6617.75,107
2026-04-06 00:19:00,6617.75,6618.00,6615.25,6615.50,166
2026-04-06 00:20:00,6615.50,6616.50,6615.25,6616.25,54
2026-04-06 00:21:00,6616.50,6616.75,6616.25,6616.75,24
2026-04-06 00:22:00,6617.00,6617.00,6616.00,6616.25,55
2026-04-06 00:23:00,6616.25,6617.25,6616.00,6616.50,49
2026-04-06 00:24:00,6616.50,6617.25,6616.00,6617.00,62
2026-04-06 00:25:00,6616.75,6617.25,6616.75,6617.25,48
2026-04-06 00:26:00,6617.25,6617.50,6616.50,6616.75,67
2026-04-06 00:27:00,6616.75,6616.75,6614.25,6615.00,410
2026-04-06 00:28:00,6615.25,6615.50,6614.75,6615.25,132
2026-04-06 00:29:00,6615.25,6615.75,6614.75,6615.50,47
2026-04-06 00:30:00,6615.50,6616.00,6614.50,6614.75,79
2026-04-06 00:31:00,6614.75,6616.00,6614.25,6616.00,67
2026-04-06 00:32:00,6616.00,6616.50,6615.50,6615.75,54
2026-04-06 00:33:00,6616.00,6616.00,6615.25,6615.75,25
2026-04-06 00:34:00,6616.00,6619.50,6616.00,6619.00,257
2026-04-06 00:35:00,6619.00,6619.75,6618.25,6619.25,195
2026-04-06 00:36:00,6619.25,6619.75,6619.00,6619.75,47
2026-04-06 00:37:00,6619.75,6620.00,6619.25,6619.50,50
2026-04-06 00:38:00,6619.50,6620.75,6619.50,6620.75,96
2026-04-06 00:39:00,6620.75,6620.75,6619.75,6620.00,51
2026-04-06 00:40:00,6620.00,6620.50,6618.50,6619.00,103
2026-04-06 00:41:00,6619.00,6620.75,6618.75,6620.75,138
2026-04-06 00:42:00,6620.75,6621.75,6620.00,6620.50,93
2026-04-06 00:43:00,6620.50,6621.00,6620.50,6620.50,51
2026-04-06 00:44:00,6620.50,6620.75,6620.00,6620.75,35
2026-04-06 00:45:00,6620.75,6621.00,6619.75,6620.00,82
2026-04-06 00:46:00,6619.75,6620.00,6619.25,6619.50,66
2026-04-06 00:47:00,6619.75,6620.00,6619.50,6619.75,31
2026-04-06 00:48:00,6620.00,6621.00,6620.00,6620.25,70
2026-04-06 00:49:00,6620.50,6621.25,6620.50,6621.00,85
2026-04-06 00:50:00,6621.00,6621.00,6620.00,6620.25,43
2026-04-06 00:51:00,6620.25,6621.75,6620.00,6621.75,60
2026-04-06 00:52:00,6622.00,6622.50,6621.25,6621.75,131
2026-04-06 00:53:00,6621.75,6621.75,6621.25,6621.50,30
2026-04-06 00:54:00,6621.75,6622.00,6621.25,6621.50,29
2026-04-06 00:55:00,6621.75,6622.25,6621.50,6621.50,18
2026-04-06 00:56:00,6621.25,6621.25,6619.75,6620.25,86
2026-04-06 00:57:00,6620.25,6621.50,6620.00,6621.25,63
2026-04-06 00:58:00,6621.25,6621.25,6620.50,6621.00,43
2026-04-06 00:59:00,6621.00,6621.25,6620.50,6621.00,24
2026-04-06 01:00:00,6621.00,6622.00,6621.00,6621.25,47
2026-04-06 01:01:00,6621.00,6622.00,6620.50,6621.50,96
2026-04-06 01:02:00,6621.50,6621.50,6620.50,6621.00,68
2026-04-06 01:03:00,6620.75,6621.75,6620.75,6621.50,38
2026-04-06 01:04:00,6621.50,6622.00,6621.25,6621.50,34
2026-04-06 01:05:00,6621.50,6622.50,6621.25,6621.75,112
2026-04-06 01:06:00,6621.75,6621.75,6620.75,6621.00,43
2026-04-06 01:07:00,6621.00,6621.75,6620.75,6621.75,33
2026-04-06 01:08:00,6621.75,6622.00,6620.75,6621.75,47
2026-04-06 01:09:00,6621.75,6624.00,6621.75,6623.50,127
2026-04-06 01:10:00,6623.75,6623.75,6622.50,6622.75,60
2026-04-06 01:11:00,6622.75,6623.00,6622.25,6622.50,69
2026-04-06 01:12:00,6622.25,6622.75,6621.50,6621.75,37
2026-04-06 01:13:00,6622.00,6623.75,6621.50,6621.50,115
2026-04-06 01:14:00,6621.50,6622.50,6621.50,6622.25,54
2026-04-06 01:15:00,6622.25,6622.75,6622.00,6622.00,43
2026-04-06 01:16:00,6622.25,6623.50,6622.00,6623.50,72
2026-04-06 01:17:00,6623.50,6623.50,6622.50,6622.75,56
2026-04-06 01:18:00,6622.50,6623.75,6622.50,6623.50,49
2026-04-06 01:19:00,6623.50,6623.75,6622.75,6623.75,45
2026-04-06 01:20:00,6623.75,6624.00,6623.25,6623.25,82
2026-04-06 01:21:00,6623.25,6623.25,6621.00,6621.75,143
2026-04-06 01:22:00,6621.50,6622.50,6621.50,6622.00,102
2026-04-06 01:23:00,6622.25,6623.00,6621.50,6622.75,102
2026-04-06 01:24:00,6622.75,6623.75,6622.75,6623.50,64
2026-04-06 01:25:00,6623.25,6623.25,6622.50,6622.50,49
2026-04-06 01:26:00,6622.25,6623.00,6622.00,6622.50,54
2026-04-06 01:27:00,6622.50,6623.00,6622.00,6622.50,67
2026-04-06 01:28:00,6622.25,6622.25,6621.25,6621.25,40
2026-04-06 01:29:00,6621.75,6621.75,6620.50,6621.00,60
2026-04-06 01:30:00,6621.25,6621.25,6618.50,6619.00,224
2026-04-06 01:31:00,6619.25,6620.50,6619.00,6620.50,131
2026-04-06 01:32:00,6620.25,6620.50,6617.50,6618.25,182
2026-04-06 01:33:00,6618.25,6619.50,6618.25,6619.25,86
2026-04-06 01:34:00,6619.00,6619.75,6618.00,6619.50,164
2026-04-06 01:35:00,6619.50,6619.50,6618.25,6618.50,89
2026-04-06 01:36:00,6618.50,6619.00,6618.50,6618.50,56
2026-04-06 01:37:00,6618.50,6619.00,6618.25,6618.25,76
2026-04-06 01:38:00,6618.25,6619.25,6617.75,6618.75,109
2026-04-06 01:39:00,6618.50,6618.75,6618.00,6618.00,62
2026-04-06 01:40:00,6618.00,6618.75,6616.75,6616.75,115
2026-04-06 01:41:00,6616.75,6616.75,6615.25,6616.00,171
2026-04-06 01:42:00,6616.00,6616.25,6615.50,6616.25,75
2026-04-06 01:43:00,6616.00,6616.75,6616.00,6616.75,87
2026-04-06 01:44:00,6616.50,6616.75,6616.00,6616.25,54
2026-04-06 01:45:00,6616.50,6617.00,6615.75,6616.50,159
2026-04-06 01:46:00,6616.50,6617.75,6615.75,6615.75,122
2026-04-06 01:47:00,6615.75,6616.50,6615.25,6616.50,59
2026-04-06 01:48:00,6616.25,6616.25,6613.25,6613.75,148
2026-04-06 01:49:00,6613.75,6614.75,6613.50,6614.50,89
2026-04-06 01:50:00,6614.00,6616.00,6614.00,6615.50,90
2026-04-06 01:51:00,6615.25,6616.25,6615.00,6616.00,63
2026-04-06 01:52:00,6616.00,6616.00,6615.25,6615.50,46
2026-04-06 01:53:00,6615.50,6617.00,6615.50,6616.75,59
2026-04-06 01:54:00,6616.75,6617.50,6616.50,6617.25,60
2026-04-06 01:55:00,6617.25,6618.50,6617.25,6617.25,99
2026-04-06 01:56:00,6617.25,6618.00,6616.50,6617.75,69
2026-04-06 01:57:00,6617.50,6617.75,6616.75,6616.75,20
2026-04-06 01:58:00,6617.00,6618.00,6617.00,6617.50,29
2026-04-06 01:59:00,6617.50,6617.50,6616.75,6617.25,28
2026-04-06 02:00:00,6617.00,6617.00,6614.75,6615.25,162
2026-04-06 02:01:00,6615.50,6616.50,6614.75,6614.75,87
2026-04-06 02:02:00,6615.00,6616.00,6614.75,6615.75,64
2026-04-06 02:03:00,6616.00,6617.00,6615.00,6615.25,95
2026-04-06 02:04:00,6615.00,6616.25,6614.75,6616.00,72
2026-04-06 02:05:00,6616.00,6616.75,6615.25,6616.75,63
2026-04-06 02:06:00,6617.00,6619.50,6617.00,6619.25,120
2026-04-06 02:07:00,6619.50,6621.25,6618.75,6621.00,258
2026-04-06 02:08:00,6620.75,6621.50,6620.25,6620.75,92
2026-04-06 02:09:00,6620.75,6621.00,6620.25,6620.50,101
2026-04-06 02:10:00,6620.50,6621.25,6620.25,6621.00,79
2026-04-06 02:11:00,6621.25,6623.00,6621.25,6623.00,177
2026-04-06 02:12:00,6623.00,6626.50,6622.75,6626.25,333
2026-04-06 02:13:00,6626.00,6627.50,6625.75,6627.00,273
2026-04-06 02:14:00,6627.00,6628.00,6626.50,6627.25,229
2026-04-06 02:15:00,6627.25,6627.25,6625.50,6626.25,162
2026-04-06 02:16:00,6626.25,6626.75,6624.50,6624.50,210
2026-04-06 02:17:00,6624.50,6625.50,6624.00,6624.00,98
2026-04-06 02:18:00,6624.00,6624.00,6622.00,6623.00,137
2026-04-06 02:19:00,6623.50,6623.50,6621.50,6622.00,72
2026-04-06 02:20:00,6622.00,6622.75,6621.50,6621.50,116
2026-04-06 02:21:00,6621.50,6622.50,6621.50,6622.25,57
2026-04-06 02:22:00,6622.25,6622.25,6619.75,6620.25,106
2026-04-06 02:23:00,6620.25,6620.75,6619.50,6620.75,107
2026-04-06 02:24:00,6621.00,6622.25,6621.00,6621.50,115
2026-04-06 02:25:00,6621.00,6621.50,6620.00,6620.50,54
2026-04-06 02:26:00,6620.25,6620.75,6619.75,6620.25,72
2026-04-06 02:27:00,6620.00,6620.75,6619.75,6620.50,38
2026-04-06 02:28:00,6620.25,6620.50,6617.75,6617.75,172
2026-04-06 02:29:00,6618.00,6618.00,6616.00,6616.75,241
2026-04-06 02:30:00,6616.75,6616.75,6614.50,6616.50,253
2026-04-06 02:31:00,6616.50,6618.50,6616.25,6618.25,126
2026-04-06 02:32:00,6618.50,6619.75,6618.50,6619.50,89
2026-04-06 02:33:00,6619.25,6619.25,6618.00,6618.00,37
2026-04-06 02:34:00,6618.50,6618.75,6617.25,6617.50,51
2026-04-06 02:35:00,6617.75,6618.25,6617.00,6617.25,107
2026-04-06 02:36:00,6617.25,6617.50,6617.00,6617.50,36
2026-04-06 02:37:00,6617.75,6617.75,6616.50,6616.50,57
2026-04-06 02:38:00,6616.25,6617.25,6616.00,6617.00,71
2026-04-06 02:39:00,6617.00,6618.25,6617.00,6618.00,71
2026-04-06 02:40:00,6618.00,6618.00,6616.75,6616.75,47
2026-04-06 02:41:00,6617.00,6617.75,6616.50,6617.25,43
2026-04-06 02:42:00,6617.75,6618.25,6617.25,6617.75,99
2026-04-06 02:43:00,6618.00,6619.75,6618.00,6619.50,62
2026-04-06 02:44:00,6619.50,6619.50,6618.50,6618.50,45
2026-04-06 02:45:00,6618.25,6618.25,6616.25,6616.50,93
2026-04-06 02:46:00,6616.75,6617.25,6615.75,6616.25,83
2026-04-06 02:47:00,6616.50,6617.25,6616.25,6617.00,111
2026-04-06 02:48:00,6616.75,6618.25,6616.75,6618.00,93
2026-04-06 02:49:00,6618.25,6619.25,6618.25,6619.00,90
2026-04-06 02:50:00,6618.75,6632.00,6618.50,6623.75,2667
2026-04-06 02:51:00,6624.00,6631.00,6623.00,6629.00,968
2026-04-06 02:52:00,6629.50,6632.50,6627.50,6629.00,623
2026-04-06 02:53:00,6628.75,6629.25,6623.50,6625.00,577
2026-04-06 02:54:00,6625.00,6625.50,6622.00,6623.25,221
2026-04-06 02:55:00,6623.50,6624.00,6622.00,6622.75,130
2026-04-06 02:56:00,6622.50,6624.75,6622.25,6624.00,123
2026-04-06 02:57:00,6624.00,6624.75,6623.00,6624.75,121
2026-04-06 02:58:00,6624.50,6625.25,6623.25,6624.00,121
2026-04-06 02:59:00,6624.25,6625.50,6623.25,6624.50,273
2026-04-06 03:00:00,6624.75,6626.00,6623.00,6624.75,238
2026-04-06 03:01:00,6624.50,6624.50,6621.50,6622.00,146
2026-04-06 03:02:00,6622.00,6622.50,6621.00,6622.00,149
2026-04-06 03:03:00,6622.00,6622.00,6621.00,6621.50,37
2026-04-06 03:04:00,6621.00,6621.00,6618.50,6619.00,148
2026-04-06 03:05:00,6619.00,6620.25,6618.75,6619.50,93
2026-04-06 03:06:00,6619.50,6620.50,6618.25,6618.75,142
2026-04-06 03:07:00,6619.00,6619.75,6619.00,6619.25,67
2026-04-06 03:08:00,6619.25,6619.75,6617.75,6617.75,107
2026-04-06 03:09:00,6617.75,6618.75,6616.00,6616.50,242
2026-04-06 03:10:00,6616.25,6617.50,6614.25,6617.25,255
2026-04-06 03:11:00,6617.50,6618.00,6614.25,6614.50,492
2026-04-06 03:12:00,6614.50,6616.50,6614.50,6616.00,129
2026-04-06 03:13:00,6616.00,6617.25,6616.00,6617.25,81
2026-04-06 03:14:00,6617.00,6618.25,6616.00,6618.25,218
2026-04-06 03:15:00,6618.50,6623.75,6618.50,6623.00,435
2026-04-06 03:16:00,6623.25,6625.50,6621.50,6621.75,289
2026-04-06 03:17:00,6622.00,6623.50,6621.50,6623.00,143
2026-04-06 03:18:00,6622.50,6622.75,6621.50,6622.00,86
2026-04-06 03:19:00,6622.25,6622.25,6620.50,6620.75,95
2026-04-06 03:20:00,6621.00,6621.75,6621.00,6621.50,36
2026-04-06 03:21:00,6621.25,6623.25,6621.25,6623.00,69
2026-04-06 03:22:00,6623.00,6623.00,6621.25,6621.75,149
2026-04-06 03:23:00,6621.25,6621.25,6617.50,6619.25,190
2026-04-06 03:24:00,6619.25,6619.50,6618.00,6619.25,133
2026-04-06 03:25:00,6619.50,6622.00,6619.50,6621.25,163
2026-04-06 03:26:00,6621.25,6621.75,6621.25,6621.75,35
2026-04-06 03:27:00,6621.50,6621.50,6620.00,6620.00,77
2026-04-06 03:28:00,6620.00,6620.75,6619.50,6620.50,124
2026-04-06 03:29:00,6620.75,6621.75,6619.75,6620.25,156
2026-04-06 03:30:00,6620.00,6622.25,6619.50,6621.75,254
2026-04-06 03:31:00,6621.75,6624.00,6621.25,6622.75,265
2026-04-06 03:32:00,6622.75,6624.25,6622.00,6622.75,201
2026-04-06 03:33:00,6623.00,6623.50,6621.75,6621.75,126
2026-04-06 03:34:00,6622.00,6624.00,6621.25,6623.75,205
2026-04-06 03:35:00,6623.75,6625.25,6623.50,6624.75,169
2026-04-06 03:36:00,6624.75,6627.00,6624.00,6626.75,311
2026-04-06 03:37:00,6626.50,6626.75,6625.50,6625.50,197
2026-04-06 03:38:00,6625.75,6627.25,6625.50,6627.00,141
2026-04-06 03:39:00,6626.75,6626.75,6625.25,6625.25,115
2026-04-06 03:40:00,6625.25,6625.25,6624.00,6624.50,76
2026-04-06 03:41:00,6624.50,6627.00,6622.75,6626.00,257
2026-04-06 03:42:00,6626.00,6629.75,6626.00,6629.25,354
2026-04-06 03:43:00,6629.00,6630.00,6626.75,6627.25,196
2026-04-06 03:44:00,6627.50,6628.00,6627.00,6627.75,93
2026-04-06 03:45:00,6628.00,6629.25,6627.00,6628.50,197
2026-04-06 03:46:00,6628.75,6629.75,6628.00,6628.25,170
2026-04-06 03:47:00,6628.25,6630.00,6627.75,6629.25,132
2026-04-06 03:48:00,6629.25,6633.00,6629.00,6631.50,238
2026-04-06 03:49:00,6631.50,6632.25,6629.50,6632.25,236
2026-04-06 03:50:00,6631.75,6633.00,6631.25,6632.75,262
2026-04-06 03:51:00,6632.50,6635.00,6632.50,6634.25,339
2026-04-06 03:52:00,6634.75,6639.50,6634.00,6638.75,724
2026-04-06 03:53:00,6638.25,6639.00,6635.75,6635.75,535
2026-04-06 03:54:00,6635.25,6635.75,6634.00,6634.75,276
2026-04-06 03:55:00,6635.00,6637.00,6634.50,6636.75,194
2026-04-06 03:56:00,6636.75,6638.25,6636.25,6637.75,126
2026-04-06 03:57:00,6637.75,6638.00,6636.75,6637.75,110
2026-04-06 03:58:00,6638.00,6638.75,6636.00,6636.25,201
2026-04-06 03:59:00,6636.25,6636.25,6634.00,6634.75,275
2026-04-06 04:00:00,6634.75,6639.25,6634.75,6637.50,407
2026-04-06 04:01:00,6637.25,6638.50,6636.25,6637.50,184
2026-04-06 04:02:00,6637.75,6639.25,6637.75,6639.00,313
2026-04-06 04:03:00,6639.25,6640.75,6638.50,6640.25,400
2026-04-06 04:04:00,6640.25,6641.00,6639.25,6640.75,361
2026-04-06 04:05:00,6640.75,6641.50,6638.25,6640.00,256
2026-04-06 04:06:00,6640.00,6640.50,6636.75,6637.00,289
2026-04-06 04:07:00,6636.75,6637.25,6636.00,6637.00,242
2026-04-06 04:08:00,6637.00,6638.50,6636.50,6638.00,271
2026-04-06 04:09:00,6638.00,6639.00,6638.00,6638.25,117
2026-04-06 04:10:00,6638.25,6638.25,6637.00,6637.00,139
2026-04-06 04:11:00,6637.00,6639.50,6636.75,6639.00,175
2026-04-06 04:12:00,6638.75,6638.75,6637.25,6638.00,139
2026-04-06 04:13:00,6638.25,6638.75,6637.75,6637.75,171
2026-04-06 04:14:00,6637.75,6638.50,6637.00,6638.25,179
2026-04-06 04:15:00,6638.25,6640.00,6638.00,6638.75,153
2026-04-06 04:16:00,6638.50,6639.25,6636.75,6639.00,190
2026-04-06 04:17:00,6639.25,6640.00,6638.00,6638.75,146
2026-04-06 04:18:00,6638.50,6638.50,6635.50,6636.00,139
2026-04-06 04:19:00,6636.00,6637.00,6635.25,6636.50,177
2026-04-06 04:20:00,6636.50,6638.75,6636.50,6638.75,200
2026-04-06 04:21:00,6638.50,6639.25,6637.25,6639.00,109
2026-04-06 04:22:00,6638.75,6639.50,6638.25,6639.25,180
2026-04-06 04:23:00,6639.00,6639.75,6638.25,6638.25,128
2026-04-06 04:24:00,6638.25,6640.25,6637.50,6639.75,160
2026-04-06 04:25:00,6640.00,6643.00,6639.00,6642.75,457
2026-04-06 04:26:00,6642.50,6643.00,6641.75,6642.75,263
2026-04-06 04:27:00,6643.00,6643.25,6641.75,6642.00,147
2026-04-06 04:28:00,6642.00,6642.25,6639.75,6640.50,267
2026-04-06 04:29:00,6640.75,6642.25,6640.75,6642.00,174
2026-04-06 04:30:00,6642.25,6642.75,6641.00,6641.25,157
2026-04-06 04:31:00,6641.50,6642.75,6641.00,6642.75,168
2026-04-06 04:32:00,6642.50,6644.25,6642.00,6643.00,263
2026-04-06 04:33:00,6643.00,6643.25,6642.25,6643.00,145
2026-04-06 04:34:00,6643.25,6645.25,6643.25,6644.25,726
2026-04-06 04:35:00,6644.00,6646.50,6643.75,6646.25,470
2026-04-06 04:36:00,6646.25,6648.75,6645.50,6648.50,428
2026-04-06 04:37:00,6648.00,6648.75,6646.00,6646.25,278
2026-04-06 04:38:00,6646.50,6648.25,6646.25,6647.50,186
2026-04-06 04:39:00,6647.25,6647.75,6646.75,6647.00,129
2026-04-06 04:40:00,6647.25,6648.00,6646.50,6647.75,73
2026-04-06 04:41:00,6647.75,6649.00,6647.50,6648.50,171
2026-04-06 04:42:00,6648.50,6649.75,6647.25,6648.00,231
2026-04-06 04:43:00,6648.00,6648.75,6647.25,6648.75,132
2026-04-06 04:44:00,6649.00,6650.00,6648.50,6649.00,156
2026-04-06 04:45:00,6649.00,6649.00,6647.25,6647.25,154
2026-04-06 04:46:00,6647.25,6648.50,6647.25,6648.25,146
2026-04-06 04:47:00,6648.50,6649.00,6647.00,6647.50,165
2026-04-06 04:48:00,6647.50,6648.50,6647.00,6648.00,221
2026-04-06 04:49:00,6647.75,6649.50,6647.75,6648.50,183
2026-04-06 04:50:00,6648.25,6648.25,6646.25,6646.25,122
2026-04-06 04:51:00,6646.75,6646.75,6645.50,6645.50,100
2026-04-06 04:52:00,6645.50,6645.50,6644.00,6644.75,187
2026-04-06 04:53:00,6644.50,6644.50,6643.75,6643.75,169
2026-04-06 04:54:00,6643.75,6645.75,6643.75,6645.50,78
2026-04-06 04:55:00,6645.25,6645.50,6644.75,6645.00,61
2026-04-06 04:56:00,6645.00,6645.75,6644.25,6645.75,66
2026-04-06 04:57:00,6645.50,6647.25,6645.50,6647.00,73
2026-04-06 04:58:00,6647.00,6647.00,6645.00,6645.00,117
2026-04-06 04:59:00,6644.75,6645.00,6644.50,6645.00,78
2026-04-06 05:00:00,6645.00,6646.75,6644.50,6646.50,374
2026-04-06 05:01:00,6646.50,6648.25,6646.00,6647.50,331
2026-04-06 05:02:00,6647.25,6649.25,6647.00,6648.00,332
2026-04-06 05:03:00,6648.00,6649.75,6648.00,6649.25,186
2026-04-06 05:04:00,6649.25,6649.75,6648.25,6648.75,236
2026-04-06 05:05:00,6648.75,6651.25,6648.00,6648.00,535
2026-04-06 05:06:00,6647.75,6649.25,6647.50,6649.00,138
2026-04-06 05:07:00,6648.75,6648.75,6646.50,6647.25,211
2026-04-06 05:08:00,6647.25,6648.75,6647.25,6648.25,227
2026-04-06 05:09:00,6648.50,6648.75,6646.75,6647.50,93
2026-04-06 05:10:00,6647.75,6649.00,6646.75,6646.75,83
2026-04-06 05:11:00,6646.75,6647.25,6646.25,6646.75,146
2026-04-06 05:12:00,6647.00,6647.00,6646.00,6646.25,88
2026-04-06 05:13:00,6646.25,6646.75,6646.00,6646.25,102
2026-04-06 05:14:00,6646.50,6646.50,6646.00,6646.25,138
2026-04-06 05:15:00,6646.50,6647.00,6645.00,6645.25,224
2026-04-06 05:16:00,6645.25,6646.50,6645.00,6645.00,124
2026-04-06 05:17:00,6645.25,6645.50,6644.25,6644.50,76
2026-04-06 05:18:00,6644.75,6647.50,6644.75,6647.50,407
2026-04-06 05:19:00,6647.50,6649.25,6647.00,6649.00,256
2026-04-06 05:20:00,6648.75,6649.50,6648.75,6648.75,187
2026-04-06 05:21:00,6648.50,6649.75,6648.25,6649.50,319
2026-04-06 05:22:00,6649.25,6651.00,6649.25,6650.75,866
2026-04-06 05:23:00,6650.75,6651.00,6649.25,6649.25,195
2026-04-06 05:24:00,6649.25,6649.75,6645.75,6646.25,278
2026-04-06 05:25:00,6646.25,6647.00,6645.25,6646.00,234
2026-04-06 05:26:00,6645.75,6647.00,6645.25,6646.50,133
2026-04-06 05:27:00,6646.50,6647.25,6646.50,6646.75,107
2026-04-06 05:28:00,6646.50,6646.75,6646.00,6646.25,172
2026-04-06 05:29:00,6646.00,6647.00,6645.75,6646.50,143
2026-04-06 05:30:00,6646.75,6647.75,6646.25,6647.50,81
2026-04-06 05:31:00,6647.50,6648.00,6646.00,6648.00,360
2026-04-06 05:32:00,6648.25,6648.25,6647.25,6647.75,64
2026-04-06 05:33:00,6648.00,6648.00,6647.50,6648.00,61
2026-04-06 05:34:00,6648.00,6648.25,6647.50,6647.50,75
2026-04-06 05:35:00,6647.50,6647.75,6647.00,6647.00,53
2026-04-06 05:36:00,6646.75,6647.00,6646.00,6646.25,134
2026-04-06 05:37:00,6646.50,6646.50,6645.75,6646.00,72
2026-04-06 05:38:00,6646.25,6646.50,6646.00,6646.00,92
2026-04-06 05:39:00,6646.00,6646.00,6645.50,6645.75,82
2026-04-06 05:40:00,6646.00,6646.25,6644.75,6645.75,112
2026-04-06 05:41:00,6645.75,6646.00,6645.00,6645.50,95
2026-04-06 05:42:00,6645.25,6645.75,6645.25,6645.50,102
2026-04-06 05:43:00,6645.75,6645.75,6645.00,6645.25,28
2026-04-06 05:44:00,6645.25,6645.50,6643.75,6644.00,287
2026-04-06 05:45:00,6644.25,6644.75,6644.00,6644.00,172
2026-04-06 05:46:00,6644.25,6645.00,6643.75,6644.50,218
2026-04-06 05:47:00,6644.50,6645.25,6644.50,6644.50,136
2026-04-06 05:48:00,6644.50,6645.00,6642.75,6644.00,321
2026-04-06 05:49:00,6644.00,6645.00,6643.75,6644.50,140
2026-04-06 05:50:00,6644.25,6644.50,6641.50,6642.75,218
2026-04-06 05:51:00,6643.00,6644.00,6641.50,6643.50,429
2026-04-06 05:52:00,6643.75,6644.25,6642.50,6642.75,102
2026-04-06 05:53:00,6642.75,6643.25,6640.50,6640.75,248
2026-04-06 05:54:00,6640.50,6641.25,6635.75,6639.50,1340
2026-04-06 05:55:00,6639.50,6641.50,6639.50,6640.25,285
2026-04-06 05:56:00,6640.25,6640.25,6638.25,6638.75,240
2026-04-06 05:57:00,6639.00,6639.00,6636.75,6638.00,272
2026-04-06 05:58:00,6637.75,6637.75,6636.25,6637.00,331
2026-04-06 05:59:00,6637.00,6637.50,6636.50,6637.25,242
2026-04-06 06:00:00,6637.50,6637.75,6635.50,6635.75,236
2026-04-06 06:01:00,6636.00,6637.00,6635.50,6636.00,365
2026-04-06 06:02:00,6636.25,6638.75,6636.00,6636.25,268
2026-04-06 06:03:00,6636.25,6637.25,6635.50,6637.25,196
2026-04-06 06:04:00,6637.00,6638.50,6637.00,6638.25,136
2026-04-06 06:05:00,6638.25,6638.50,6637.75,6638.00,97
2026-04-06 06:06:00,6638.25,6641.00,6638.25,6641.00,214
2026-04-06 06:07:00,6640.75,6641.25,6640.25,6640.50,69
2026-04-06 06:08:00,6640.75,6641.25,6640.75,6641.25,71
2026-04-06 06:09:00,6641.75,6642.25,6641.00,6641.50,110
2026-04-06 06:10:00,6641.75,6643.00,6641.25,6641.75,149
2026-04-06 06:11:00,6641.75,6641.75,6640.75,6640.75,72
2026-04-06 06:12:00,6640.75,6641.50,6639.50,6641.50,90
2026-04-06 06:13:00,6641.50,6641.75,6640.25,6640.25,92
2026-04-06 06:14:00,6640.50,6641.00,6639.50,6639.75,73
2026-04-06 06:15:00,6640.00,6640.00,6638.50,6638.75,72
2026-04-06 06:16:00,6638.50,6640.00,6638.00,6639.75,121
2026-04-06 06:17:00,6639.50,6640.25,6639.25,6639.75,59
2026-04-06 06:18:00,6639.50,6639.50,6638.50,6639.25,63
2026-04-06 06:19:00,6639.75,6640.00,6638.50,6639.25,97
2026-04-06 06:20:00,6639.00,6639.25,6638.25,6638.25,55
2026-04-06 06:21:00,6638.50,6639.00,6638.25,6638.75,25
2026-04-06 06:22:00,6638.75,6639.50,6638.75,6639.00,58
2026-04-06 06:23:00,6639.50,6640.00,6639.25,6639.50,48
2026-04-06 06:24:00,6639.50,6639.75,6638.00,6638.25,65
2026-04-06 06:25:00,6638.00,6638.00,6636.50,6637.50,146
2026-04-06 06:26:00,6637.50,6637.50,6634.25,6634.75,488
2026-04-06 06:27:00,6634.75,6635.25,6633.50,6635.25,199
2026-04-06 06:28:00,6635.25,6637.00,6635.25,6637.00,108
2026-04-06 06:29:00,6637.00,6637.25,6636.25,6636.75,141
2026-04-06 06:30:00,6636.50,6637.00,6635.25,6636.25,96
2026-04-06 06:31:00,6636.75,6638.25,6636.50,6637.75,90
2026-04-06 06:32:00,6637.75,6638.00,6636.75,6637.50,54
2026-04-06 06:33:00,6637.50,6638.75,6637.50,6638.25,78
2026-04-06 06:34:00,6638.25,6638.25,6637.75,6638.00,48
2026-04-06 06:35:00,6638.25,6638.50,6637.50,6638.00,60
2026-04-06 06:36:00,6638.00,6640.25,6637.75,6640.00,136
2026-04-06 06:37:00,6639.75,6640.25,6639.00,6639.50,100
2026-04-06 06:38:00,6639.50,6640.75,6639.00,6639.25,325
2026-04-06 06:39:00,6639.00,6639.00,6638.25,6638.50,80
2026-04-06 06:40:00,6638.50,6639.25,6638.50,6639.25,55
2026-04-06 06:41:00,6639.00,6639.25,6638.50,6639.00,74
2026-04-06 06:42:00,6638.75,6639.00,6637.75,6638.25,54
2026-04-06 06:43:00,6638.75,6638.75,6637.25,6638.00,70
2026-04-06 06:44:00,6638.25,6638.25,6637.25,6638.00,69
2026-04-06 06:45:00,6638.25,6638.75,6637.25,6637.50,50
2026-04-06 06:46:00,6637.25,6637.50,6619.00,6624.75,4746
2026-04-06 06:47:00,6625.00,6630.00,6625.00,6627.75,958
2026-04-06 06:48:00,6627.75,6633.75,6627.50,6633.25,719
2026-04-06 06:49:00,6633.00,6635.50,6631.25,6633.25,661
2026-04-06 06:50:00,6633.25,6635.00,6631.75,6634.25,400
2026-04-06 06:51:00,6633.75,6633.75,6629.50,6630.75,447
2026-04-06 06:52:00,6630.50,6634.25,6630.50,6633.75,327
2026-04-06 06:53:00,6633.50,6634.50,6632.25,6634.00,339
2026-04-06 06:54:00,6633.75,6633.75,6629.50,6630.50,365
2026-04-06 06:55:00,6630.75,6632.25,6630.50,6631.50,241
2026-04-06 06:56:00,6631.75,6632.75,6631.50,6631.50,240
2026-04-06 06:57:00,6631.50,6632.25,6629.25,6630.75,365
2026-04-06 06:58:00,6630.75,6630.75,6629.25,6630.00,193
2026-04-06 06:59:00,6630.25,6631.25,6629.50,6631.00,188
2026-04-06 07:00:00,6631.25,6631.25,6628.75,6629.00,250
2026-04-06 07:01:00,6628.75,6630.00,6628.50,6629.00,151
2026-04-06 07:02:00,6629.25,6631.00,6628.50,6628.75,466
2026-04-06 07:03:00,6629.00,6629.25,6625.50,6626.50,824
2026-04-06 07:04:00,6626.75,6628.50,6625.00,6628.25,482
2026-04-06 07:05:00,6628.00,6628.75,6627.25,6628.00,174
2026-04-06 07:06:00,6628.25,6630.00,6627.25,6628.50,226
2026-04-06 07:07:00,6628.50,6628.50,6626.75,6627.75,263
2026-04-06 07:08:00,6627.75,6629.50,6627.50,6628.50,120
2026-04-06 07:09:00,6628.50,6629.50,6628.00,6628.75,202
2026-04-06 07:10:00,6629.00,6629.25,6626.00,6627.25,278
2026-04-06 07:11:00,6627.00,6627.75,6624.50,6625.00,436
2026-04-06 07:12:00,6625.00,6626.75,6624.50,6625.50,211
2026-04-06 07:13:00,6625.75,6627.25,6625.50,6627.00,210
2026-04-06 07:14:00,6627.25,6628.50,6625.75,6626.25,270
2026-04-06 07:15:00,6626.00,6627.75,6624.50,6627.00,289
2026-04-06 07:16:00,6626.50,6628.75,6626.50,6627.75,244
2026-04-06 07:17:00,6628.00,6629.50,6627.50,6629.25,155
2026-04-06 07:18:00,6629.50,6630.50,6628.75,6630.00,324
2026-04-06 07:19:00,6629.75,6631.00,6629.50,6630.00,231
2026-04-06 07:20:00,6630.00,6630.25,6628.25,6628.50,233
2026-04-06 07:21:00,6628.75,6629.75,6627.00,6627.50,204
2026-04-06 07:22:00,6627.00,6627.50,6624.00,6624.25,373
2026-04-06 07:23:00,6624.50,6626.25,6624.50,6626.00,134
2026-04-06 07:24:00,6626.00,6627.00,6626.00,6626.75,124
2026-04-06 07:25:00,6626.50,6628.00,6626.00,6626.25,129
2026-04-06 07:26:00,6626.25,6627.50,6626.00,6626.25,145
2026-04-06 07:27:00,6626.00,6627.75,6625.75,6627.50,206
2026-04-06 07:28:00,6627.50,6628.00,6627.00,6627.75,240
2026-04-06 07:29:00,6627.75,6628.25,6627.00,6627.25,158
2026-04-06 07:30:00,6627.50,6627.50,6625.75,6626.50,195
2026-04-06 07:31:00,6626.25,6628.00,6626.25,6627.25,163
2026-04-06 07:32:00,6627.00,6629.00,6626.25,6628.00,231
2026-04-06 07:33:00,6628.00,6629.75,6627.75,6629.25,335
2026-04-06 07:34:00,6629.25,6629.75,6628.50,6629.75,153
2026-04-06 07:35:00,6629.50,6630.50,6626.50,6629.50,481
2026-04-06 07:36:00,6629.75,6630.00,6628.50,6629.00,206
2026-04-06 07:37:00,6628.75,6630.00,6628.75,6629.50,133
2026-04-06 07:38:00,6629.50,6629.50,6628.25,6628.25,185
2026-04-06 07:39:00,6628.50,6628.75,6627.75,6628.50,171
2026-04-06 07:40:00,6628.75,6629.50,6627.75,6627.75,324
2026-04-06 07:41:00,6628.00,6628.25,6627.25,6627.25,103
2026-04-06 07:42:00,6627.25,6628.25,6627.00,6628.25,64
2026-04-06 07:43:00,6628.25,6628.50,6627.25,6627.50,77
2026-04-06 07:44:00,6627.25,6627.25,6625.75,6625.75,197
2026-04-06 07:45:00,6626.00,6627.75,6626.00,6627.50,157
2026-04-06 07:46:00,6627.50,6627.75,6626.75,6627.25,143
2026-04-06 07:47:00,6627.50,6628.00,6625.75,6626.25,177
2026-04-06 07:48:00,6626.50,6627.50,6626.25,6626.50,142
2026-04-06 07:49:00,6626.50,6627.25,6626.50,6627.25,100
2026-04-06 07:50:00,6627.25,6629.25,6627.25,6629.00,173
2026-04-06 07:51:00,6629.00,6629.75,6628.50,6629.75,168
2026-04-06 07:52:00,6629.75,6630.25,6629.00,6629.00,130
2026-04-06 07:53:00,6628.75,6628.75,6627.75,6628.00,105
2026-04-06 07:54:00,6628.00,6628.75,6627.75,6628.25,72
2026-04-06 07:55:00,6628.50,6628.50,6626.75,6627.00,150
2026-04-06 07:56:00,6627.00,6628.00,6626.25,6627.75,157
2026-04-06 07:57:00,6627.75,6628.00,6627.00,6627.25,100
2026-04-06 07:58:00,6627.50,6627.75,6626.75,6627.50,184
2026-04-06 07:59:00,6627.50,6627.50,6626.50,6627.00,147
2026-04-06 08:00:00,6627.00,6627.75,6626.75,6627.50,182
2026-04-06 08:01:00,6627.25,6627.75,6626.50,6627.50,180
2026-04-06 08:02:00,6627.50,6627.50,6625.50,6626.25,277
2026-04-06 08:03:00,6626.50,6628.25,6626.50,6627.25,313
2026-04-06 08:04:00,6627.00,6627.75,6626.75,6627.00,202
2026-04-06 08:05:00,6627.25,6627.50,6626.75,6627.25,138
2026-04-06 08:06:00,6627.25,6627.50,6626.75,6627.50,217
2026-04-06 08:07:00,6627.50,6628.00,6627.00,6627.25,213
2026-04-06 08:08:00,6627.25,6627.75,6626.75,6627.75,175
2026-04-06 08:09:00,6627.75,6627.75,6626.25,6626.75,121
2026-04-06 08:10:00,6627.00,6627.50,6626.75,6627.25,247
2026-04-06 08:11:00,6627.25,6627.50,6625.50,6626.00,489
2026-04-06 08:12:00,6626.00,6627.00,6625.50,6626.25,349
2026-04-06 08:13:00,6626.25,6626.50,6624.25,6625.50,479
2026-04-06 08:14:00,6625.50,6626.50,6624.75,6626.25,207
2026-04-06 08:15:00,6626.50,6627.25,6625.25,6626.25,348
2026-04-06 08:16:00,6626.50,6626.75,6625.50,6626.50,275
2026-04-06 08:17:00,6626.50,6626.50,6625.50,6626.25,152
2026-04-06 08:18:00,6626.25,6626.75,6625.75,6626.50,277
2026-04-06 08:19:00,6626.25,6626.75,6625.50,6625.75,211
2026-04-06 08:20:00,6625.50,6625.50,6622.50,6623.00,295
2026-04-06 08:21:00,6623.00,6625.25,6622.75,6624.25,282
2026-04-06 08:22:00,6624.00,6625.25,6623.75,6624.25,209
2026-04-06 08:23:00,6624.50,6627.50,6624.25,6627.25,266
2026-04-06 08:24:00,6627.50,6627.50,6626.00,6626.25,212
2026-04-06 08:25:00,6626.50,6626.75,6626.25,6626.25,206
2026-04-06 08:26:00,6626.00,6626.50,6625.75,6626.25,156
2026-04-06 08:27:00,6626.25,6627.00,6626.00,6626.50,295
2026-04-06 08:28:00,6626.25,6628.00,6626.00,6627.25,311
2026-04-06 08:29:00,6627.25,6628.00,6626.50,6626.75,473
2026-04-06 08:30:00,6627.00,6627.00,6626.00,6626.50,344
2026-04-06 08:31:00,6626.25,6626.50,6624.75,6626.50,337
2026-04-06 08:32:00,6626.75,6626.75,6625.25,6626.00,281
2026-04-06 08:33:00,6626.00,6629.50,6626.00,6629.50,515
2026-04-06 08:34:00,6629.50,6632.00,6629.50,6631.50,607
2026-04-06 08:35:00,6631.25,6631.75,6630.50,6631.25,286
2026-04-06 08:36:00,6631.50,6631.75,6629.00,6630.50,367
2026-04-06 08:37:00,6630.50,6631.25,6630.25,6630.75,254
2026-04-06 08:38:00,6631.00,6631.25,6629.75,6630.25,259
2026-04-06 08:39:00,6630.00,6630.75,6629.75,6630.25,134
2026-04-06 08:40:00,6630.25,6630.50,6628.75,6629.00,581
2026-04-06 08:41:00,6629.00,6629.50,6628.75,6629.25,174
2026-04-06 08:42:00,6629.25,6630.50,6628.75,6629.00,234
2026-04-06 08:43:00,6628.75,6630.00,6628.75,6629.75,167
2026-04-06 08:44:00,6629.75,6630.00,6629.00,6629.75,178
2026-04-06 08:45:00,6629.75,6634.50,6629.75,6631.50,1382
2026-04-06 08:46:00,6631.50,6635.50,6631.50,6634.50,920
2026-04-06 08:47:00,6634.50,6635.50,6633.25,6634.00,560
2026-04-06 08:48:00,6634.00,6634.50,6632.00,6633.00,404
2026-04-06 08:49:00,6633.00,6633.25,6630.25,6630.50,597
2026-04-06 08:50:00,6630.75,6632.50,6630.00,6632.50,526
2026-04-06 08:51:00,6632.25,6633.50,6632.25,6632.50,532
2026-04-06 08:52:00,6632.75,6633.00,6629.75,6630.75,557
2026-04-06 08:53:00,6630.75,6630.75,6629.75,6630.50,205
2026-04-06 08:54:00,6630.25,6631.50,6630.25,6630.75,216
2026-04-06 08:55:00,6630.75,6631.25,6629.50,6630.25,359
2026-04-06 08:56:00,6630.25,6630.50,6628.50,6628.75,385
2026-04-06 08:57:00,6629.00,6629.50,6628.50,6628.75,230
2026-04-06 08:58:00,6629.00,6630.00,6628.75,6629.25,160
2026-04-06 08:59:00,6629.25,6629.50,6628.25,6629.25,268
2026-04-06 09:00:00,6629.25,6631.00,6627.25,6627.25,1077
2026-04-06 09:01:00,6627.25,6627.25,6624.75,6625.00,1161
2026-04-06 09:02:00,6625.00,6625.25,6624.00,6624.25,576
2026-04-06 09:03:00,6624.25,6626.00,6623.25,6625.50,713
2026-04-06 09:04:00,6625.50,6626.00,6623.50,6624.00,491
2026-04-06 09:05:00,6623.75,6624.50,6623.25,6623.25,395
2026-04-06 09:06:00,6623.00,6623.00,6621.00,6621.75,1243
2026-04-06 09:07:00,6621.75,6623.00,6620.00,6622.75,1113
2026-04-06 09:08:00,6622.75,6624.25,6622.50,6623.75,522
2026-04-06 09:09:00,6624.00,6627.50,6624.00,6627.00,783
2026-04-06 09:10:00,6627.00,6627.00,6625.25,6626.50,590
2026-04-06 09:11:00,6626.50,6629.25,6626.50,6628.75,550
2026-04-06 09:12:00,6628.75,6630.75,6628.50,6630.50,580
2026-04-06 09:13:00,6630.25,6630.50,6628.00,6628.25,580
2026-04-06 09:14:00,6628.25,6628.25,6627.50,6628.00,429
2026-04-06 09:15:00,6628.00,6628.00,6627.00,6627.50,355
2026-04-06 09:16:00,6627.50,6628.50,6626.75,6627.75,519
2026-04-06 09:17:00,6627.50,6629.25,6627.25,6628.75,583
2026-04-06 09:18:00,6628.75,6628.75,6627.50,6627.50,590
2026-04-06 09:19:00,6627.75,6627.75,6624.75,6625.00,788
2026-04-06 09:20:00,6625.00,6625.50,6622.00,6622.25,884
2026-04-06 09:21:00,6622.25,6624.25,6621.75,6623.00,677
2026-04-06 09:22:00,6623.00,6623.50,6619.50,6621.25,1006
2026-04-06 09:23:00,6621.50,6623.00,6621.50,6622.00,603
2026-04-06 09:24:00,6621.75,6622.75,6621.75,6622.50,530
2026-04-06 09:25:00,6622.50,6627.00,6621.50,6625.00,1436
2026-04-06 09:26:00,6625.25,6625.50,6624.50,6625.25,639
2026-04-06 09:27:00,6625.25,6627.00,6624.25,6625.75,1234
2026-04-06 09:28:00,6625.75,6625.75,6624.00,6624.00,916
2026-04-06 09:29:00,6624.00,6624.00,6620.00,6621.50,2610
2026-04-06 09:30:00,6621.75,6631.75,6621.50,6630.75,12054
2026-04-06 09:31:00,6630.75,6635.25,6629.00,6630.50,5823
2026-04-06 09:32:00,6630.50,6632.75,6621.75,6623.75,5635
2026-04-06 09:33:00,6623.75,6636.50,6623.00,6635.75,4895
2026-04-06 09:34:00,6636.00,6637.25,6631.25,6636.25,4292
2026-04-06 09:35:00,6636.50,6642.25,6634.00,6634.50,7258
2026-04-06 09:36:00,6634.25,6634.25,6621.00,6621.25,7056
2026-04-06 09:37:00,6621.00,6624.25,6617.75,6622.25,6304
2026-04-06 09:38:00,6622.25,6626.50,6620.75,6625.75,4388
2026-04-06 09:39:00,6625.75,6630.75,6625.75,6628.75,4098
2026-04-06 09:40:00,6629.00,6630.50,6622.25,6629.00,4676
2026-04-06 09:41:00,6629.25,6633.25,6628.25,6631.75,3031
2026-04-06 09:42:00,6631.50,6633.75,6630.00,6633.00,2340
2026-04-06 09:43:00,6633.00,6636.25,6631.75,6632.75,2549
2026-04-06 09:44:00,6633.00,6633.75,6629.50,6631.00,2523
2026-04-06 09:45:00,6631.00,6639.25,6630.25,6638.00,4286
2026-04-06 09:46:00,6637.75,6642.00,6636.00,6637.50,3946
2026-04-06 09:47:00,6637.75,6638.00,6632.50,6636.50,3050
2026-04-06 09:48:00,6636.25,6637.00,6633.00,6636.00,2303
2026-04-06 09:49:00,6636.00,6639.00,6634.00,6634.25,2413
2026-04-06 09:50:00,6634.25,6637.25,6632.00,6637.00,2533
2026-04-06 09:51:00,6637.00,6643.25,6637.00,6640.00,3438
2026-04-06 09:52:00,6639.75,6643.25,6638.00,6639.00,3557
2026-04-06 09:53:00,6639.00,6641.75,6635.50,6641.25,2550
2026-04-06 09:54:00,6641.25,6642.75,6639.00,6639.50,2172
2026-04-06 09:55:00,6639.50,6641.75,6636.00,6636.75,2714
2026-04-06 09:56:00,6636.75,6641.50,6636.25,6641.25,2542
2026-04-06 09:57:00,6641.50,6645.00,6641.25,6643.00,3585
2026-04-06 09:58:00,6643.00,6644.00,6639.75,6642.25,1818
2026-04-06 09:59:00,6642.50,6649.25,6642.25,6649.00,2643
2026-04-06 10:00:00,6648.75,6661.00,6639.50,6648.00,10821
2026-04-06 10:01:00,6648.00,6649.25,6641.75,6643.00,4304
2026-04-06 10:02:00,6643.00,6647.00,6640.75,6641.75,3598
2026-04-06 10:03:00,6641.75,6643.25,6635.75,6635.75,4974
2026-04-06 10:04:00,6636.00,6638.00,6627.00,6628.00,6214
2026-04-06 10:05:00,6627.75,6631.50,6624.25,6624.75,5872
2026-04-06 10:06:00,6624.75,6630.50,6624.00,6630.00,4543
2026-04-06 10:07:00,6630.00,6631.75,6628.00,6628.75,3600
2026-04-06 10:08:00,6628.75,6632.25,6628.00,6630.75,2372
2026-04-06 10:09:00,6630.75,6635.75,6630.75,6635.25,3263
2026-04-06 10:10:00,6635.25,6637.25,6628.00,6629.25,3631
2026-04-06 10:11:00,6629.25,6639.25,6629.00,6637.75,3909
2026-04-06 10:12:00,6637.50,6640.75,6636.25,6637.25,4684
2026-04-06 10:13:00,6637.00,6642.25,6636.75,6641.00,3676
2026-04-06 10:14:00,6640.75,6645.25,6639.50,6645.00,3731
2026-04-06 10:15:00,6644.75,6648.75,6643.50,6648.50,3915
2026-04-06 10:16:00,6648.25,6649.50,6644.50,6646.50,3351
2026-04-06 10:17:00,6646.25,6646.50,6643.00,6643.25,2800
2026-04-06 10:18:00,6643.00,6643.50,6639.75,6642.75,2773
2026-04-06 10:19:00,6642.50,6648.50,6642.00,6646.75,3333
2026-04-06 10:20:00,6646.75,6650.25,6646.50,6648.75,3750
2026-04-06 10:21:00,6648.50,6653.75,6646.75,6653.00,3892
2026-04-06 10:22:00,6652.75,6652.75,6649.00,6649.75,2807
2026-04-06 10:23:00,6649.50,6652.75,6648.00,6652.75,2851
2026-04-06 10:24:00,6652.50,6652.75,6649.00,6650.75,1994
2026-04-06 10:25:00,6650.75,6651.75,6645.50,6647.25,3101
2026-04-06 10:26:00,6647.00,6650.00,6645.50,6649.75,2928
2026-04-06 10:27:00,6649.50,6652.25,6648.50,6649.50,2848
2026-04-06 10:28:00,6649.25,6652.00,6646.75,6650.75,2414
2026-04-06 10:29:00,6650.50,6650.75,6647.25,6648.25,1902
2026-04-06 10:30:00,6648.25,6653.50,6647.50,6652.25,2816
2026-04-06 10:31:00,6652.25,6654.00,6651.50,6653.25,2090
2026-04-06 10:32:00,6653.25,6654.50,6646.50,6650.25,3713
2026-04-06 10:33:00,6650.25,6651.00,6647.25,6647.75,1815
2026-04-06 10:34:00,6647.75,6650.00,6647.50,6648.75,2105
2026-04-06 10:35:00,6648.50,6652.75,6647.25,6648.00,3715
2026-04-06 10:36:00,6647.75,6649.00,6644.25,6646.00,3155
2026-04-06 10:37:00,6646.25,6648.00,6643.75,6644.75,2636
2026-04-06 10:38:00,6644.75,6650.00,6631.50,6632.25,15017
2026-04-06 10:39:00,6632.25,6638.75,6631.75,6634.75,6491
2026-04-06 10:40:00,6634.75,6645.25,6633.75,6644.25,5665
2026-04-06 10:41:00,6644.25,6647.50,6640.25,6642.75,6530
2026-04-06 10:42:00,6642.75,6645.00,6639.50,6640.00,3039
2026-04-06 10:43:00,6640.00,6642.75,6638.25,6642.00,2484
2026-04-06 10:44:00,6642.00,6645.00,6639.50,6640.75,2444
2026-04-06 10:45:00,6640.50,6640.75,6635.75,6639.00,2627
2026-04-06 10:46:00,6638.75,6640.75,6636.50,6638.25,1947
2026-04-06 10:47:00,6638.00,6639.00,6634.25,6636.00,2083
2026-04-06 10:48:00,6636.00,6637.00,6632.25,6633.00,2347
2026-04-06 10:49:00,6632.75,6634.00,6630.00,6631.75,3022
2026-04-06 10:50:00,6631.50,6635.25,6631.50,6633.25,2828
2026-04-06 10:51:00,6633.00,6636.50,6632.00,6634.75,2611
2026-04-06 10:52:00,6634.75,6638.00,6634.00,6637.75,2288
2026-04-06 10:53:00,6637.50,6640.00,6636.75,6637.00,2066
2026-04-06 10:54:00,6636.75,6637.75,6633.25,6637.25,2847
2026-04-06 10:55:00,6637.00,6639.00,6633.75,6637.75,2341
2026-04-06 10:56:00,6638.00,6640.50,6637.75,6639.75,2147
2026-04-06 10:57:00,6639.50,6642.75,6639.00,6640.25,2772
2026-04-06 10:58:00,6640.25,6642.25,6640.00,6642.25,1528
2026-04-06 10:59:00,6642.25,6643.00,6637.25,6638.50,2294
2026-04-06 11:00:00,6638.75,6641.00,6638.50,6640.50,1637
2026-04-06 11:01:00,6640.50,6642.75,6640.25,6642.75,1847
2026-04-06 11:02:00,6642.75,6644.25,6639.00,6640.00,2314
2026-04-06 11:03:00,6640.25,6640.25,6634.50,6636.00,2873
2026-04-06 11:04:00,6636.00,6639.75,6634.50,6639.25,1750
2026-04-06 11:05:00,6639.25,6641.75,6638.25,6639.50,1912
2026-04-06 11:06:00,6639.75,6640.75,6636.25,6636.75,1909
2026-04-06 11:07:00,6637.00,6641.00,6635.00,6641.00,2532
2026-04-06 11:08:00,6641.00,6642.25,6639.75,6641.50,1812
2026-04-06 11:09:00,6641.50,6641.75,6638.75,6641.25,1199
2026-04-06 11:10:00,6641.25,6641.25,6635.00,6636.75,4129
2026-04-06 11:11:00,6636.50,6637.75,6635.00,6637.00,2448
2026-04-06 11:12:00,6637.00,6637.50,6634.75,6636.75,1874
2026-04-06 11:13:00,6636.75,6640.25,6635.75,6637.50,2247
2026-04-06 11:14:00,6637.75,6639.00,6634.00,6638.75,2677
2026-04-06 11:15:00,6638.75,6640.25,6636.50,6636.75,1823
2026-04-06 11:16:00,6636.75,6638.00,6635.00,6636.75,1433
2026-04-06 11:17:00,6636.75,6641.00,6636.00,6639.25,1307
2026-04-06 11:18:00,6639.25,6640.75,6637.50,6637.75,1423
2026-04-06 11:19:00,6637.75,6637.75,6635.50,6637.25,1317
2026-04-06 11:20:00,6637.25,6638.50,6635.00,6636.00,2153
2026-04-06 11:21:00,6636.00,6637.75,6634.25,6637.75,1497
2026-04-06 11:22:00,6637.75,6639.25,6636.75,6637.50,1300
2026-04-06 11:23:00,6637.50,6638.25,6633.50,6634.75,1438
2026-04-06 11:24:00,6634.50,6635.00,6632.50,6634.00,1742
2026-04-06 11:25:00,6633.75,6633.75,6630.00,6632.50,2501
2026-04-06 11:26:00,6632.50,6634.50,6632.00,6633.00,1827
2026-04-06 11:27:00,6633.00,6636.00,6632.50,6634.75,1663
2026-04-06 11:28:00,6634.75,6635.00,6631.25,6633.75,1508
2026-04-06 11:29:00,6633.75,6636.00,6632.50,6633.00,1362
2026-04-06 11:30:00,6632.75,6633.50,6631.75,6632.00,1551
2026-04-06 11:31:00,6631.75,6634.50,6631.50,6632.00,1549
2026-04-06 11:32:00,6632.00,6633.25,6629.25,6630.00,1933
2026-04-06 11:33:00,6629.75,6632.00,6627.00,6631.25,2390
2026-04-06 11:34:00,6631.25,6633.00,6631.25,6632.50,1257
2026-04-06 11:35:00,6632.25,6635.00,6631.00,6633.50,1443
2026-04-06 11:36:00,6633.25,6633.75,6629.00,6629.50,1652
2026-04-06 11:37:00,6629.50,6630.25,6626.50,6630.00,2548
2026-04-06 11:38:00,6629.75,6631.75,6629.25,6630.25,1683
2026-04-06 11:39:00,6630.25,6634.50,6630.25,6633.50,1533
2026-04-06 11:40:00,6633.25,6635.00,6632.00,6634.00,1590
2026-04-06 11:41:00,6633.75,6634.50,6630.50,6632.75,1617
2026-04-06 11:42:00,6632.50,6635.75,6631.75,6634.75,959
2026-04-06 11:43:00,6634.50,6635.25,6633.25,6633.50,909
2026-04-06 11:44:00,6633.75,6635.50,6632.75,6634.75,1032
2026-04-06 11:45:00,6634.75,6635.00,6633.00,6634.00,847
2026-04-06 11:46:00,6634.00,6637.25,6634.00,6637.00,1486
2026-04-06 11:47:00,6636.75,6639.50,6636.50,6638.25,2122
2026-04-06 11:48:00,6638.50,6639.00,6636.75,6637.25,1144
2026-04-06 11:49:00,6637.50,6638.00,6636.25,6638.00,722
2026-04-06 11:50:00,6638.25,6641.00,6636.25,6641.00,1691
2026-04-06 11:51:00,6641.00,6641.50,6640.00,6641.25,1418
2026-04-06 11:52:00,6641.25,6643.00,6640.25,6642.25,1862
2026-04-06 11:53:00,6642.50,6643.50,6641.50,6642.25,1414
2026-04-06 11:54:00,6642.25,6642.75,6640.50,6642.50,1094
2026-04-06 11:55:00,6642.75,6642.75,6641.00,6641.50,1269
2026-04-06 11:56:00,6641.25,6642.00,6638.25,6640.25,1599
2026-04-06 11:57:00,6640.25,6641.50,6639.25,6641.00,946
2026-04-06 11:58:00,6641.25,6642.00,6640.50,6641.50,757
2026-04-06 11:59:00,6641.50,6642.75,6641.00,6642.25,998
2026-04-06 12:00:00,6642.50,6644.00,6641.25,6642.25,1538
2026-04-06 12:01:00,6642.50,6643.25,6641.75,6642.75,1545
2026-04-06 12:02:00,6642.75,6642.75,6637.75,6639.75,2603
2026-04-06 12:03:00,6639.75,6641.50,6639.50,6641.00,1107
2026-04-06 12:04:00,6641.00,6641.00,6638.25,6638.50,1053
2026-04-06 12:05:00,6638.25,6640.75,6638.25,6640.75,1056
2026-04-06 12:06:00,6640.75,6641.25,6639.25,6639.25,729
2026-04-06 12:07:00,6639.25,6640.25,6638.50,6639.50,780
2026-04-06 12:08:00,6639.75,6640.25,6636.75,6637.25,1161
2026-04-06 12:09:00,6637.25,6638.75,6636.25,6636.50,1066
2026-04-06 12:10:00,6636.50,6638.00,6635.75,6637.50,998
2026-04-06 12:11:00,6637.50,6639.50,6636.50,6638.75,856
2026-04-06 12:12:00,6638.50,6640.00,6637.75,6638.75,892
2026-04-06 12:13:00,6639.00,6639.75,6638.25,6638.50,905
2026-04-06 12:14:00,6638.75,6641.00,6638.00,6640.25,800
2026-04-06 12:15:00,6640.00,6642.00,6638.00,6638.50,1272
2026-04-06 12:16:00,6638.50,6640.75,6637.75,6640.25,742
2026-04-06 12:17:00,6640.25,6640.75,6639.50,6639.50,693
2026-04-06 12:18:00,6639.50,6640.00,6638.75,6639.50,421
2026-04-06 12:19:00,6639.75,6641.00,6638.50,6639.50,617
2026-04-06 12:20:00,6639.25,6641.25,6638.25,6641.00,562
2026-04-06 12:21:00,6641.00,6642.75,6640.75,6641.00,849
2026-04-06 12:22:00,6641.00,6641.50,6638.00,6638.50,999
2026-04-06 12:23:00,6638.25,6639.25,6637.75,6639.00,966
2026-04-06 12:24:00,6639.00,6641.50,6639.00,6640.75,682
2026-04-06 12:25:00,6641.00,6642.50,6641.00,6642.25,715
2026-04-06 12:26:00,6642.25,6642.75,6641.00,6641.00,738
2026-04-06 12:27:00,6641.00,6641.50,6640.25,6641.00,593
2026-04-06 12:28:00,6641.00,6643.00,6640.75,6642.50,856
2026-04-06 12:29:00,6642.75,6644.25,6641.50,6641.50,1141
2026-04-06 12:30:00,6641.50,6642.00,6639.75,6640.00,918
2026-04-06 12:31:00,6640.00,6642.00,6639.25,6641.75,1081
2026-04-06 12:32:00,6642.00,6644.25,6641.75,6643.75,1673
2026-04-06 12:33:00,6644.00,6644.50,6641.75,6642.25,1129
2026-04-06 12:34:00,6642.50,6644.00,6642.25,6643.50,799
2026-04-06 12:35:00,6643.75,6645.00,6643.25,6644.50,1060
2026-04-06 12:36:00,6644.50,6645.25,6642.75,6644.00,906
2026-04-06 12:37:00,6644.00,6647.50,6643.75,6646.75,1793
2026-04-06 12:38:00,6646.50,6649.00,6646.00,6646.00,1922
2026-04-06 12:39:00,6646.25,6646.25,6644.25,6645.00,1449
2026-04-06 12:40:00,6644.75,6645.75,6642.75,6645.50,1448
2026-04-06 12:41:00,6645.50,6647.00,6644.00,6646.50,1157
2026-04-06 12:42:00,6646.25,6647.25,6645.00,6645.50,773
2026-04-06 12:43:00,6645.50,6645.75,6644.25,6645.50,593
2026-04-06 12:44:00,6645.50,6647.00,6645.00,6646.50,609
2026-04-06 12:45:00,6646.50,6647.25,6645.75,6646.00,884
2026-04-06 12:46:00,6646.00,6647.00,6645.00,6647.00,666
2026-04-06 12:47:00,6647.25,6648.25,6646.50,6647.00,865
2026-04-06 12:48:00,6647.25,6648.50,6646.50,6647.50,1035
2026-04-06 12:49:00,6647.50,6647.50,6646.50,6647.25,899
2026-04-06 12:50:00,6647.25,6648.50,6646.50,6647.00,1238
2026-04-06 12:51:00,6647.00,6647.00,6645.00,6645.50,1251
2026-04-06 12:52:00,6645.50,6645.50,6644.00,6644.75,1122
2026-04-06 12:53:00,6645.00,6645.25,6644.25,6645.00,840
2026-04-06 12:54:00,6645.25,6645.75,6641.25,6643.75,4515
2026-04-06 12:55:00,6644.00,6645.25,6641.25,6643.00,2961
2026-04-06 12:56:00,6643.00,6643.25,6640.00,6641.00,1940
2026-04-06 12:57:00,6641.25,6643.00,6640.50,6641.25,1435
2026-04-06 12:58:00,6641.50,6643.25,6640.75,6642.25,1096
2026-04-06 12:59:00,6642.25,6643.75,6641.75,6643.00,1171
2026-04-06 13:00:00,6643.25,6643.75,6639.00,6639.75,1774
2026-04-06 13:01:00,6640.00,6641.00,6636.75,6637.25,1915
2026-04-06 13:02:00,6637.00,6637.25,6632.00,6632.75,3663
2026-04-06 13:03:00,6633.00,6636.00,6631.50,6635.75,2818
2026-04-06 13:04:00,6636.00,6638.75,6635.25,6637.00,1693
2026-04-06 13:05:00,6637.00,6637.25,6634.25,6635.25,1472
2026-04-06 13:06:00,6635.50,6635.75,6633.25,6633.25,1742
2026-04-06 13:07:00,6633.50,6635.75,6632.75,6634.75,1029
2026-04-06 13:08:00,6635.00,6638.25,6635.00,6636.75,1102
2026-04-06 13:09:00,6636.75,6638.50,6635.00,6636.25,1980
2026-04-06 13:10:00,6636.25,6636.50,6630.00,6633.00,2958
2026-04-06 13:11:00,6633.00,6634.00,6631.00,6632.50,1878
2026-04-06 13:12:00,6632.50,6633.50,6623.75,6624.25,4290
2026-04-06 13:13:00,6624.25,6627.00,6619.00,6620.25,4970
2026-04-06 13:14:00,6620.25,6625.50,6618.75,6624.25,3344
2026-04-06 13:15:00,6624.00,6627.00,6622.00,6623.25,2641
2026-04-06 13:16:00,6623.00,6626.25,6622.75,6625.75,2144
2026-04-06 13:17:00,6625.75,6631.00,6625.50,6627.00,2480
2026-04-06 13:18:00,6626.75,6627.25,6623.00,6626.25,1705
2026-04-06 13:19:00,6626.00,6629.50,6625.75,6628.25,1569
2026-04-06 13:20:00,6628.25,6628.25,6624.25,6624.75,1534
2026-04-06 13:21:00,6624.50,6628.75,6623.75,6628.00,1671
2026-04-06 13:22:00,6627.75,6632.50,6626.75,6631.25,1839
2026-04-06 13:23:00,6631.00,6635.00,6630.50,6633.25,2375
2026-04-06 13:24:00,6633.25,6636.50,6633.00,6636.25,1414
2026-04-06 13:25:00,6636.00,6637.50,6634.00,6636.50,2117
2026-04-06 13:26:00,6636.25,6636.50,6633.25,6634.50,1128
2026-04-06 13:27:00,6634.50,6638.50,6634.00,6636.50,1711
2026-04-06 13:28:00,6636.50,6638.25,6635.50,6638.00,950
2026-04-06 13:29:00,6637.75,6639.25,6637.25,6637.75,1497
2026-04-06 13:30:00,6637.75,6638.00,6635.25,6636.50,1573
2026-04-06 13:31:00,6636.25,6640.75,6636.00,6640.25,1458
2026-04-06 13:32:00,6640.00,6641.25,6638.50,6638.75,1138
2026-04-06 13:33:00,6638.50,6638.50,6636.50,6638.50,1076
2026-04-06 13:34:00,6638.25,6644.00,6635.75,6637.75,3853
2026-04-06 13:35:00,6637.50,6639.50,6637.25,6638.50,1498
2026-04-06 13:36:00,6638.50,6640.75,6638.00,6640.50,733
2026-04-06 13:37:00,6640.50,6640.50,6636.25,6636.75,1431
2026-04-06 13:38:00,6636.75,6636.75,6634.50,6636.00,1577
2026-04-06 13:39:00,6636.00,6637.00,6634.00,6635.75,995
2026-04-06 13:40:00,6635.50,6636.00,6634.00,6635.25,789
2026-04-06 13:41:00,6635.00,6635.00,6632.25,6633.25,1291
2026-04-06 13:42:00,6633.50,6634.00,6632.25,6632.75,878
2026-04-06 13:43:00,6632.75,6633.75,6631.50,6633.50,1002
2026-04-06 13:44:00,6633.50,6635.50,6632.50,6635.00,1044
2026-04-06 13:45:00,6635.00,6635.00,6632.50,6632.75,712
2026-04-06 13:46:00,6632.50,6633.50,6630.50,6631.50,966
2026-04-06 13:47:00,6631.75,6631.75,6629.50,6630.25,1058
2026-04-06 13:48:00,6630.00,6631.00,6629.50,6630.00,636
2026-04-06 13:49:00,6630.25,6632.50,6630.25,6632.00,545
2026-04-06 13:50:00,6632.00,6632.50,6629.50,6630.50,632
2026-04-06 13:51:00,6630.50,6632.00,6629.50,6631.75,1049
2026-04-06 13:52:00,6631.50,6633.75,6631.25,6631.50,1091
2026-04-06 13:53:00,6631.50,6631.75,6629.00,6629.50,914
2026-04-06 13:54:00,6629.75,6630.00,6628.00,6629.50,904
2026-04-06 13:55:00,6629.50,6632.25,6629.50,6631.25,1005
2026-04-06 13:56:00,6631.25,6631.50,6629.50,6630.25,677
2026-04-06 13:57:00,6630.50,6630.75,6628.25,6628.25,759
2026-04-06 13:58:00,6628.50,6629.00,6627.50,6628.50,942
2026-04-06 13:59:00,6628.25,6630.00,6628.00,6628.25,627
2026-04-06 14:00:00,6628.50,6630.25,6627.25,6628.50,1321
2026-04-06 14:01:00,6628.75,6630.00,6627.75,6628.25,998
2026-04-06 14:02:00,6628.25,6629.25,6627.25,6628.00,765
2026-04-06 14:03:00,6628.00,6629.50,6627.50,6627.75,846
2026-04-06 14:04:00,6627.75,6630.00,6626.00,6626.75,2758
2026-04-06 14:05:00,6626.75,6629.75,6626.50,6628.75,1287
2026-04-06 14:06:00,6628.75,6629.00,6627.00,6627.50,817
2026-04-06 14:07:00,6627.75,6630.50,6627.25,6629.00,1285
2026-04-06 14:08:00,6629.00,6629.75,6627.50,6629.00,801
2026-04-06 14:09:00,6628.75,6632.75,6628.75,6631.00,2376
2026-04-06 14:10:00,6631.00,6638.25,6630.50,6637.25,3151
2026-04-06 14:11:00,6637.00,6642.50,6635.50,6638.25,4101
2026-04-06 14:12:00,6638.25,6639.50,6636.00,6638.25,1633
2026-04-06 14:13:00,6638.25,6639.50,6636.00,6637.75,1722
2026-04-06 14:14:00,6637.75,6638.50,6634.25,6637.25,1696
2026-04-06 14:15:00,6637.50,6639.75,6636.75,6638.75,1441
2026-04-06 14:16:00,6638.75,6641.25,6637.50,6639.75,2282
2026-04-06 14:17:00,6639.50,6641.75,6638.75,6641.00,1575
2026-04-06 14:18:00,6641.00,6643.50,6640.75,6643.00,1982
2026-04-06 14:19:00,6643.00,6645.00,6641.75,6643.25,2316
2026-04-06 14:20:00,6643.25,6644.50,6642.25,6642.75,1167
2026-04-06 14:21:00,6642.75,6645.00,6641.75,6644.75,1198
2026-04-06 14:22:00,6645.00,6645.00,6643.25,6644.50,1174
2026-04-06 14:23:00,6644.50,6646.25,6643.75,6645.75,1525
2026-04-06 14:24:00,6645.75,6650.25,6645.00,6647.75,2897
2026-04-06 14:25:00,6647.75,6648.00,6644.75,6645.75,1838
2026-04-06 14:26:00,6646.00,6646.25,6643.25,6643.25,1754
2026-04-06 14:27:00,6643.25,6649.25,6642.50,6648.00,3345
2026-04-06 14:28:00,6648.25,6650.25,6646.50,6646.50,2608
2026-04-06 14:29:00,6646.75,6647.25,6645.25,6646.25,1499
2026-04-06 14:30:00,6646.50,6649.25,6646.25,6647.50,1630
2026-04-06 14:31:00,6647.50,6648.50,6646.50,6647.75,1312
2026-04-06 14:32:00,6647.75,6648.50,6644.25,6646.50,2299
2026-04-06 14:33:00,6646.50,6646.50,6644.00,6644.25,1194
2026-04-06 14:34:00,6644.25,6644.75,6641.00,6643.25,2492
2026-04-06 14:35:00,6643.25,6646.00,6643.00,6645.75,1255
2026-04-06 14:36:00,6646.00,6646.50,6644.25,6644.75,919
2026-04-06 14:37:00,6644.75,6644.75,6643.25,6644.25,502
2026-04-06 14:38:00,6644.25,6645.00,6644.00,6644.75,520
2026-04-06 14:39:00,6644.75,6645.25,6642.50,6643.00,877
2026-04-06 14:40:00,6643.00,6643.50,6641.25,6641.75,1188
2026-04-06 14:41:00,6641.75,6642.75,6641.50,6642.50,665
2026-04-06 14:42:00,6642.50,6644.00,6642.00,6642.25,750
2026-04-06 14:43:00,6642.50,6643.00,6641.00,6642.50,909
2026-04-06 14:44:00,6642.25,6643.50,6641.00,6642.50,766
2026-04-06 14:45:00,6642.50,6646.50,6642.50,6644.00,1513
2026-04-06 14:46:00,6644.00,6645.00,6642.25,6643.25,907
2026-04-06 14:47:00,6643.25,6645.00,6643.25,6643.75,655
2026-04-06 14:48:00,6643.75,6645.00,6642.25,6644.75,846
2026-04-06 14:49:00,6645.00,6645.25,6643.75,6645.00,627
2026-04-06 14:50:00,6645.00,6646.75,6644.75,6645.75,1065
2026-04-06 14:51:00,6646.00,6646.75,6644.75,6644.75,738
2026-04-06 14:52:00,6644.75,6646.00,6644.75,6646.00,337
2026-04-06 14:53:00,6645.75,6646.75,6645.50,6646.25,679
2026-04-06 14:54:00,6646.25,6648.00,6646.00,6646.75,995
2026-04-06 14:55:00,6646.75,6648.00,6646.25,6647.00,960
2026-04-06 14:56:00,6647.00,6647.75,6645.75,6647.50,725
2026-04-06 14:57:00,6647.50,6647.75,6646.00,6646.50,897
2026-04-06 14:58:00,6646.50,6647.50,6646.25,6647.00,724
2026-04-06 14:59:00,6647.25,6648.00,6646.75,6647.00,1002
2026-04-06 15:00:00,6647.00,6647.75,6645.25,6646.75,1903
2026-04-06 15:01:00,6647.00,6648.00,6646.75,6647.00,1115
2026-04-06 15:02:00,6647.00,6647.25,6645.25,6646.75,969
2026-04-06 15:03:00,6646.75,6647.00,6645.00,6647.00,1025
2026-04-06 15:04:00,6647.00,6647.75,6646.00,6647.75,777
2026-04-06 15:05:00,6647.50,6648.00,6646.25,6647.00,785
2026-04-06 15:06:00,6647.00,6647.25,6645.50,6646.00,650
2026-04-06 15:07:00,6646.00,6646.00,6644.75,6645.25,1039
2026-04-06 15:08:00,6645.50,6645.75,6642.75,6643.50,1850
2026-04-06 15:09:00,6643.75,6644.50,6643.25,6643.75,1109
2026-04-06 15:10:00,6643.50,6644.00,6642.75,6643.00,946
2026-04-06 15:11:00,6643.00,6644.00,6642.50,6643.75,1434
2026-04-06 15:12:00,6643.75,6644.25,6642.50,6643.25,916
2026-04-06 15:13:00,6643.50,6646.25,6643.25,6645.00,1289
2026-04-06 15:14:00,6644.75,6645.25,6644.25,6645.25,525
2026-04-06 15:15:00,6645.25,6646.00,6644.25,6645.50,922
2026-04-06 15:16:00,6645.50,6645.75,6643.25,6644.50,1316
2026-04-06 15:17:00,6644.25,6644.75,6643.75,6644.25,905
2026-04-06 15:18:00,6644.00,6644.50,6642.50,6644.50,1256
2026-04-06 15:19:00,6644.50,6645.00,6643.75,6644.25,835
2026-04-06 15:20:00,6644.50,6645.50,6644.25,6645.25,641
2026-04-06 15:21:00,6645.25,6647.00,6645.00,6646.00,1199
2026-04-06 15:22:00,6645.75,6645.75,6643.25,6644.00,1118
2026-04-06 15:23:00,6644.25,6644.75,6643.00,6644.00,857
2026-04-06 15:24:00,6644.00,6644.00,6642.75,6643.75,650
2026-04-06 15:25:00,6643.75,6644.75,6643.00,6644.75,946
2026-04-06 15:26:00,6644.50,6645.50,6643.50,6644.00,895
2026-04-06 15:27:00,6643.75,6644.25,6642.50,6642.75,1313
2026-04-06 15:28:00,6642.75,6643.25,6642.25,6643.00,1007
2026-04-06 15:29:00,6642.75,6643.50,6642.50,6642.50,637
2026-04-06 15:30:00,6642.75,6643.75,6641.75,6643.25,1098
2026-04-06 15:31:00,6643.00,6643.50,6642.25,6643.00,953
2026-04-06 15:32:00,6643.00,6644.25,6642.75,6644.25,871
2026-04-06 15:33:00,6644.25,6645.75,6644.00,6645.50,914
2026-04-06 15:34:00,6645.25,6645.75,6644.50,6644.75,902
2026-04-06 15:35:00,6644.75,6645.75,6644.75,6645.75,542
2026-04-06 15:36:00,6645.50,6646.50,6644.50,6645.25,1124
2026-04-06 15:37:00,6645.50,6646.00,6644.75,6645.50,613
2026-04-06 15:38:00,6645.50,6645.75,6644.25,6645.25,897
2026-04-06 15:39:00,6645.00,6645.75,6644.50,6645.00,573
2026-04-06 15:40:00,6644.75,6646.00,6644.50,6644.75,1309
2026-04-06 15:41:00,6644.50,6644.75,6642.00,6642.50,2077
2026-04-06 15:42:00,6642.50,6643.75,6642.00,6643.50,1605
2026-04-06 15:43:00,6643.50,6644.75,6643.25,6644.00,776
2026-04-06 15:44:00,6644.00,6646.75,6644.00,6646.25,2250
2026-04-06 15:45:00,6646.25,6649.25,6645.75,6648.50,2770
2026-04-06 15:46:00,6648.75,6648.75,6647.00,6647.75,1162
2026-04-06 15:47:00,6648.00,6648.50,6646.25,6646.50,1596
2026-04-06 15:48:00,6646.50,6648.75,6646.50,6648.50,1374
2026-04-06 15:49:00,6648.75,6651.50,6648.00,6651.00,2923
2026-04-06 15:50:00,6651.00,6653.00,6648.50,6650.00,4617
2026-04-06 15:51:00,6650.25,6650.25,6648.75,6649.75,2753
2026-04-06 15:52:00,6649.75,6650.25,6647.00,6647.50,2747
2026-04-06 15:53:00,6647.50,6649.75,6646.75,6649.25,2576
2026-04-06 15:54:00,6649.00,6649.00,6646.00,6646.75,3801
2026-04-06 15:55:00,6646.75,6647.50,6644.25,6646.00,3857
2026-04-06 15:56:00,6646.00,6648.00,6645.75,6646.00,2543
2026-04-06 15:57:00,6646.25,6649.00,6645.50,6648.50,2833
2026-04-06 15:58:00,6648.50,6650.50,6648.25,6650.00,4692
2026-04-06 15:59:00,6650.00,6653.50,6648.25,6653.00,35169
2026-04-06 16:00:00,6653.00,6654.25,6650.00,6652.00,11894
2026-04-06 16:01:00,6652.00,6653.00,6651.00,6652.50,2080
2026-04-06 16:02:00,6652.50,6652.75,6651.75,6651.75,1269
2026-04-06 16:03:00,6652.00,6653.00,6651.75,6652.25,1278
2026-04-06 16:04:00,6652.00,6652.50,6650.50,6650.75,1004
2026-04-06 16:05:00,6651.00,6651.00,6648.25,6648.50,1726
2026-04-06 16:06:00,6648.25,6649.75,6648.25,6649.00,934
2026-04-06 16:07:00,6649.25,6649.75,6648.50,6648.50,624
2026-04-06 16:08:00,6648.75,6649.00,6647.75,6648.00,870
2026-04-06 16:09:00,6648.00,6648.50,6647.50,6648.25,703
2026-04-06 16:10:00,6648.00,6649.25,6647.75,6648.00,741
2026-04-06 16:11:00,6648.00,6648.75,6647.50,6648.50,529
2026-04-06 16:12:00,6648.50,6649.50,6647.00,6649.50,842
2026-04-06 16:13:00,6649.25,6650.50,6648.00,6648.25,1174
2026-04-06 16:14:00,6648.25,6649.00,6647.75,6648.25,806
2026-04-06 16:15:00,6648.25,6648.25,6646.75,6647.50,585
2026-04-06 16:16:00,6647.50,6648.25,6647.00,6647.25,572
2026-04-06 16:17:00,6647.25,6648.00,6646.75,6646.75,314
2026-04-06 16:18:00,6646.75,6647.75,6646.50,6647.50,418
2026-04-06 16:19:00,6647.50,6649.50,6647.25,6649.25,428
2026-04-06 16:20:00,6649.25,6650.00,6649.25,6650.00,464
2026-04-06 16:21:00,6649.75,6650.50,6649.50,6650.00,291
2026-04-06 16:22:00,6650.00,6650.00,6649.25,6649.75,337
2026-04-06 16:23:00,6649.75,6650.75,6649.75,6650.50,404
2026-04-06 16:24:00,6650.50,6650.75,6649.75,6650.50,442
2026-04-06 16:25:00,6650.50,6651.25,6650.25,6651.25,436
2026-04-06 16:26:00,6651.25,6652.00,6651.00,6651.75,265
2026-04-06 16:27:00,6651.75,6652.00,6651.00,6651.00,302
2026-04-06 16:28:00,6651.00,6651.75,6651.00,6651.50,233
2026-04-06 16:29:00,6651.50,6651.50,6650.50,6650.75,200
2026-04-06 16:30:00,6650.75,6652.00,6650.75,6652.00,204
2026-04-06 16:31:00,6652.00,6652.25,6651.00,6651.25,228
2026-04-06 16:32:00,6651.25,6651.75,6650.75,6651.25,227
2026-04-06 16:33:00,6651.25,6651.75,6650.75,6651.00,181
2026-04-06 16:34:00,6651.00,6651.50,6650.75,6651.25,148
2026-04-06 16:35:00,6651.50,6652.50,6651.50,6652.25,262
2026-04-06 16:36:00,6652.50,6653.00,6652.25,6653.00,165
2026-04-06 16:37:00,6653.25,6653.50,6652.50,6652.75,271
2026-04-06 16:38:00,6652.75,6652.75,6651.75,6652.00,140
2026-04-06 16:39:00,6651.75,6652.00,6650.75,6651.00,173
2026-04-06 16:40:00,6651.25,6651.75,6650.75,6650.75,81
2026-04-06 16:41:00,6650.75,6651.00,6650.50,6651.00,137
2026-04-06 16:42:00,6651.00,6651.00,6650.25,6650.50,228
2026-04-06 16:43:00,6650.50,6650.75,6650.00,6650.75,332
2026-04-06 16:44:00,6651.00,6651.25,6650.50,6650.75,210
2026-04-06 16:45:00,6650.75,6651.25,6650.50,6650.50,186
2026-04-06 16:46:00,6650.50,6650.50,6649.75,6650.25,232
2026-04-06 16:47:00,6650.00,6650.00,6649.25,6649.50,176
2026-04-06 16:48:00,6649.25,6649.50,6648.50,6649.25,290
2026-04-06 16:49:00,6649.00,6649.25,6648.75,6648.75,161
2026-04-06 16:50:00,6648.75,6649.25,6648.50,6648.75,211
2026-04-06 16:51:00,6648.75,6649.25,6648.75,6649.25,156
2026-04-06 16:52:00,6649.25,6649.25,6648.50,6648.75,199
2026-04-06 16:53:00,6648.50,6649.25,6648.50,6648.75,209
2026-04-06 16:54:00,6648.75,6649.25,6648.50,6649.00,114
2026-04-06 16:55:00,6649.00,6650.00,6649.00,6649.75,137
2026-04-06 16:56:00,6649.50,6650.25,6649.25,6649.75,252
2026-04-06 16:57:00,6650.00,6650.00,6649.25,6649.75,300
2026-04-06 16:58:00,6649.75,6650.75,6649.75,6650.50,172
2026-04-06 16:59:00,6650.50,6650.75,6650.00,6650.75,246
2026-04-06 18:00:00,6650.50,6654.00,6648.50,6652.75,694
2026-04-06 18:01:00,6653.00,6654.50,6651.75,6653.50,246
2026-04-06 18:02:00,6653.50,6654.00,6652.00,6653.50,161
2026-04-06 18:03:00,6653.50,6655.00,6653.25,6654.25,210
2026-04-06 18:04:00,6654.00,6658.50,6654.00,6657.00,299
2026-04-06 18:05:00,6657.25,6659.00,6656.50,6658.75,364
2026-04-06 18:06:00,6658.50,6659.25,6657.75,6659.00,197
2026-04-06 18:07:00,6658.75,6658.75,6656.50,6657.75,142
2026-04-06 18:08:00,6657.50,6657.50,6656.00,6656.75,85
2026-04-06 18:09:00,6657.00,6657.00,6655.25,6656.25,205
2026-04-06 18:10:00,6656.25,6657.00,6656.00,6656.75,77
2026-04-06 18:11:00,6656.50,6656.75,6656.00,6656.50,61
2026-04-06 18:12:00,6656.50,6657.00,6656.25,6656.75,44
2026-04-06 18:13:00,6656.50,6656.75,6655.50,6655.50,49
2026-04-06 18:14:00,6655.50,6657.00,6655.00,6657.00,78
2026-04-06 18:15:00,6657.00,6657.50,6655.50,6656.00,106
2026-04-06 18:16:00,6656.00,6657.00,6656.00,6657.00,42
2026-04-06 18:17:00,6657.00,6657.25,6656.50,6657.25,55
2026-04-06 18:18:00,6657.50,6658.00,6656.50,6656.50,57
2026-04-06 18:19:00,6656.25,6656.50,6656.00,6656.00,23
2026-04-06 18:20:00,6656.00,6656.25,6654.50,6655.00,131
2026-04-06 18:21:00,6654.75,6654.75,6653.00,6653.25,99
2026-04-06 18:22:00,6653.25,6653.75,6652.50,6652.75,114
2026-04-06 18:23:00,6652.75,6652.75,6643.00,6644.75,848
2026-04-06 18:24:00,6645.00,6647.75,6642.75,6645.50,461
2026-04-06 18:25:00,6645.25,6647.50,6644.25,6647.50,256
2026-04-06 18:26:00,6647.00,6647.50,6645.75,6646.25,98
2026-04-06 18:27:00,6646.25,6646.75,6645.50,6645.75,101
2026-04-06 18:28:00,6645.75,6646.50,6645.00,6645.50,88
2026-04-06 18:29:00,6645.50,6647.00,6645.50,6646.50,101
2026-04-06 18:30:00,6646.75,6648.00,6646.75,6647.00,106
2026-04-06 18:31:00,6647.00,6647.50,6645.50,6646.00,111
2026-04-06 18:32:00,6646.00,6646.00,6644.75,6645.25,83
2026-04-06 18:33:00,6645.00,6645.25,6642.75,6644.00,252
2026-04-06 18:34:00,6644.00,6644.25,6642.25,6643.00,126
