timestamp,open,high,low,close,volume
2026-03-22 18:00:00,6510.0,6538.0,6505.0,6529.25,12179
2026-03-22 18:05:00,6529.25,6540.0,6527.5,6537.25,4353
2026-03-22 18:10:00,6537.0,6538.25,6527.0,6532.75,3544
2026-03-22 18:15:00,6532.5,6538.75,6532.25,6534.25,2998
2026-03-22 18:20:00,6534.25,6552.5,6532.75,6548.75,5141
2026-03-22 18:25:00,6548.5,6562.0,6547.75,6555.0,4864
2026-03-22 18:30:00,6555.0,6560.0,6548.0,6548.75,3231
2026-03-22 18:35:00,6548.75,6554.5,6546.75,6546.75,2142
2026-03-22 18:40:00,6547.0,6550.5,6543.0,6544.25,1935
2026-03-22 18:45:00,6544.5,6548.25,6544.0,6546.75,1311
2026-03-22 18:50:00,6546.5,6551.5,6546.0,6547.0,1497
2026-03-22 18:55:00,6546.75,6550.25,6545.0,6546.5,882
2026-03-22 19:00:00,6546.75,6555.75,6546.5,6553.25,1655
2026-03-22 19:05:00,6553.5,6555.5,6552.25,6554.25,889
2026-03-22 19:10:00,6554.5,6557.25,6553.75,6556.25,889
2026-03-22 19:15:00,6556.25,6557.5,6548.5,6549.75,1234
2026-03-22 19:20:00,6549.5,6551.0,6545.75,6548.5,1201
2026-03-22 19:25:00,6548.25,6549.0,6544.25,6545.0,784
2026-03-22 19:30:00,6545.0,6548.5,6542.25,6542.75,964
2026-03-22 19:35:00,6543.25,6546.75,6542.75,6544.5,752
2026-03-22 19:40:00,6544.5,6546.5,6543.0,6545.0,769
2026-03-22 19:45:00,6545.0,6545.0,6537.5,6539.25,2370
2026-03-22 19:50:00,6539.25,6542.5,6533.0,6533.5,1640
2026-03-22 19:55:00,6533.75,6540.25,6533.5,6539.5,1694
2026-03-22 20:00:00,6539.75,6544.0,6538.0,6540.5,1856
2026-03-22 20:05:00,6540.5,6547.0,6533.75,6543.25,2324
2026-03-22 20:10:00,6543.25,6553.5,6543.0,6550.5,2788
2026-03-22 20:15:00,6550.25,6551.5,6544.5,6547.5,2278
2026-03-22 20:20:00,6547.25,6555.5,6546.75,6551.25,2564
2026-03-22 20:25:00,6551.5,6553.25,6546.25,6547.75,1578
2026-03-22 20:30:00,6548.0,6550.0,6537.5,6538.0,2147
2026-03-22 20:35:00,6538.5,6540.0,6530.5,6531.0,2920
2026-03-22 20:40:00,6531.25,6536.0,6527.75,6535.25,2629
2026-03-22 20:45:00,6534.75,6536.5,6530.75,6534.5,2013
2026-03-22 20:50:00,6534.5,6537.0,6525.5,6526.75,2452
2026-03-22 20:55:00,6526.75,6529.25,6523.75,6525.75,3107
2026-03-22 21:00:00,6525.75,6531.5,6522.25,6530.0,3763
2026-03-22 21:05:00,6529.75,6540.0,6526.5,6535.5,2346
2026-03-22 21:10:00,6535.0,6538.5,6532.5,6537.75,1924
2026-03-22 21:15:00,6537.75,6544.5,6536.5,6544.5,2019
2026-03-22 21:20:00,6544.75,6546.5,6541.5,6545.5,1819
2026-03-22 21:25:00,6545.25,6547.25,6543.25,6544.75,1444
2026-03-22 21:30:00,6544.75,6549.25,6541.5,6545.75,1844
2026-03-22 21:35:00,6545.75,6554.0,6544.0,6552.0,2273
2026-03-22 21:40:00,6552.0,6553.5,6549.25,6552.5,1509
2026-03-22 21:45:00,6552.5,6554.0,6548.0,6549.0,1369
2026-03-22 21:50:00,6549.25,6551.5,6546.75,6549.25,1562
2026-03-22 21:55:00,6549.25,6552.5,6548.5,6549.25,962
2026-03-22 22:00:00,6549.5,6552.25,6548.0,6550.25,894
2026-03-22 22:05:00,6550.5,6554.0,6549.0,6553.0,1059
2026-03-22 22:10:00,6553.0,6554.0,6545.0,6546.25,1192
2026-03-22 22:15:00,6546.5,6550.5,6543.75,6547.75,1448
2026-03-22 22:20:00,6548.0,6552.0,6547.25,6549.5,1149
2026-03-22 22:25:00,6549.0,6554.25,6547.5,6549.0,1248
2026-03-22 22:30:00,6548.5,6549.0,6545.5,6545.75,1109
2026-03-22 22:35:00,6545.75,6546.5,6541.75,6542.0,1096
2026-03-22 22:40:00,6542.0,6545.25,6540.75,6541.75,1141
2026-03-22 22:45:00,6541.5,6542.25,6537.5,6538.25,1127
2026-03-22 22:50:00,6538.0,6539.5,6535.5,6537.75,961
2026-03-22 22:55:00,6538.0,6541.5,6537.5,6540.25,839
2026-03-22 23:00:00,6540.25,6544.5,6540.25,6543.5,812
2026-03-22 23:05:00,6543.25,6543.5,6539.25,6539.25,646
2026-03-22 23:10:00,6539.25,6540.25,6532.75,6533.25,1535
2026-03-22 23:15:00,6533.25,6535.5,6531.25,6533.75,1740
2026-03-22 23:20:00,6533.5,6536.75,6533.25,6534.25,916
2026-03-22 23:25:00,6534.25,6537.5,6534.0,6535.25,840
2026-03-22 23:30:00,6535.0,6536.25,6532.0,6536.25,911
2026-03-22 23:35:00,6536.0,6536.25,6533.0,6533.25,732
2026-03-22 23:40:00,6533.5,6534.5,6529.25,6532.25,1045
2026-03-22 23:45:00,6532.5,6533.5,6528.5,6529.0,716
2026-03-22 23:50:00,6529.0,6530.0,6526.25,6526.75,869
2026-03-22 23:55:00,6526.75,6526.75,6524.0,6524.5,1111
2026-03-23 00:00:00,6524.75,6528.5,6523.25,6524.75,1107
2026-03-23 00:05:00,6524.75,6528.5,6524.25,6526.25,914
2026-03-23 00:10:00,6526.25,6529.25,6525.75,6528.0,624
2026-03-23 00:15:00,6528.0,6531.75,6527.5,6530.75,787
2026-03-23 00:20:00,6531.0,6532.0,6528.5,6531.5,528
2026-03-23 00:25:00,6531.5,6534.75,6531.25,6533.0,784
2026-03-23 00:30:00,6533.0,6534.25,6532.0,6534.0,446
2026-03-23 00:35:00,6534.0,6536.5,6533.75,6535.75,506
2026-03-23 00:40:00,6536.0,6536.0,6532.0,6532.25,541
2026-03-23 00:45:00,6532.25,6535.25,6531.0,6531.5,527
2026-03-23 00:50:00,6531.25,6533.0,6531.0,6532.5,431
2026-03-23 00:55:00,6532.5,6536.75,6532.25,6534.75,630
2026-03-23 01:00:00,6534.75,6539.25,6534.0,6536.25,818
2026-03-23 01:05:00,6536.25,6542.5,6536.25,6537.0,803
2026-03-23 01:10:00,6537.25,6539.5,6536.0,6538.75,504
2026-03-23 01:15:00,6539.0,6541.0,6538.0,6538.75,723
2026-03-23 01:20:00,6538.75,6538.75,6532.0,6532.25,986
2026-03-23 01:25:00,6532.5,6534.25,6531.5,6533.25,673
2026-03-23 01:30:00,6533.5,6533.75,6522.5,6527.5,2175
2026-03-23 01:35:00,6527.5,6536.25,6526.75,6533.25,1271
2026-03-23 01:40:00,6533.25,6533.5,6527.25,6528.25,696
2026-03-23 01:45:00,6528.0,6528.5,6523.5,6523.5,757
2026-03-23 01:50:00,6523.25,6526.25,6520.25,6524.0,1534
2026-03-23 01:55:00,6524.0,6531.0,6523.75,6530.0,1330
2026-03-23 02:00:00,6529.75,6530.75,6525.0,6526.0,1096
2026-03-23 02:05:00,6525.75,6526.0,6522.5,6525.25,990
2026-03-23 02:10:00,6525.25,6526.75,6518.5,6522.5,1352
2026-03-23 02:15:00,6522.5,6525.5,6519.75,6521.75,930
2026-03-23 02:20:00,6521.75,6524.75,6519.75,6522.25,945
2026-03-23 02:25:00,6522.25,6524.0,6518.25,6519.25,986
2026-03-23 02:30:00,6519.5,6520.25,6515.5,6516.0,1796
2026-03-23 02:35:00,6515.75,6518.25,6512.0,6513.75,2137
2026-03-23 02:40:00,6513.75,6516.75,6507.0,6507.0,2049
2026-03-23 02:45:00,6507.0,6509.0,6506.25,6508.75,1669
2026-03-23 02:50:00,6508.75,6511.25,6506.5,6508.0,1160
2026-03-23 02:55:00,6507.75,6507.75,6496.75,6503.75,4426
2026-03-23 03:00:00,6504.0,6506.5,6498.75,6505.5,1881
2026-03-23 03:05:00,6505.5,6515.0,6505.25,6511.0,2338
2026-03-23 03:10:00,6511.0,6517.75,6510.75,6512.75,1721
2026-03-23 03:15:00,6512.5,6513.25,6507.0,6508.25,1748
2026-03-23 03:20:00,6508.25,6508.25,6489.25,6489.25,4093
2026-03-23 03:25:00,6489.5,6495.0,6483.5,6490.25,5740
2026-03-23 03:30:00,6490.25,6497.0,6488.5,6490.25,2254
2026-03-23 03:35:00,6490.0,6496.75,6487.5,6491.25,2123
2026-03-23 03:40:00,6491.25,6497.25,6489.25,6496.75,1485
2026-03-23 03:45:00,6496.75,6506.75,6496.5,6502.25,2305
2026-03-23 03:50:00,6502.5,6502.5,6495.0,6497.0,1808
2026-03-23 03:55:00,6496.75,6501.0,6494.0,6497.75,2459
2026-03-23 04:00:00,6497.5,6508.0,6497.25,6505.5,3756
2026-03-23 04:05:00,6505.75,6511.75,6503.75,6507.25,3315
2026-03-23 04:10:00,6507.5,6516.0,6503.5,6514.0,3486
2026-03-23 04:15:00,6514.0,6515.25,6507.25,6512.0,2950
2026-03-23 04:20:00,6512.0,6516.25,6509.0,6510.5,2254
2026-03-23 04:25:00,6510.25,6514.25,6508.5,6509.0,2299
2026-03-23 04:30:00,6508.75,6522.25,6508.0,6518.25,3549
2026-03-23 04:35:00,6518.25,6519.25,6514.0,6516.5,2254
2026-03-23 04:40:00,6516.5,6521.75,6514.0,6515.25,2822
2026-03-23 04:45:00,6515.5,6524.25,6515.0,6519.75,3474
2026-03-23 04:50:00,6519.5,6524.75,6518.25,6520.25,2618
2026-03-23 04:55:00,6520.25,6522.0,6514.25,6518.75,2432
2026-03-23 05:00:00,6519.0,6520.0,6509.0,6514.25,4331
2026-03-23 05:05:00,6514.5,6522.5,6513.5,6520.25,2160
2026-03-23 05:10:00,6519.75,6522.25,6517.75,6519.5,1880
2026-03-23 05:15:00,6519.5,6523.5,6516.75,6519.0,1512
2026-03-23 05:20:00,6519.0,6527.25,6517.25,6518.0,2682
2026-03-23 05:25:00,6518.0,6520.25,6514.0,6518.5,2102
2026-03-23 05:30:00,6518.5,6518.75,6504.75,6505.0,2364
2026-03-23 05:35:00,6504.75,6507.0,6498.75,6503.5,3953
2026-03-23 05:40:00,6503.75,6508.25,6502.25,6505.0,1921
2026-03-23 05:45:00,6504.75,6510.0,6503.5,6505.25,2012
2026-03-23 05:50:00,6505.25,6507.5,6501.25,6502.0,1884
2026-03-23 05:55:00,6502.25,6508.0,6501.25,6506.25,1765
2026-03-23 06:00:00,6506.0,6511.0,6504.0,6509.25,2363
2026-03-23 06:05:00,6509.5,6517.0,6505.75,6513.75,2301
2026-03-23 06:10:00,6513.5,6516.5,6508.0,6508.75,1782
2026-03-23 06:15:00,6509.25,6511.5,6503.25,6506.75,2131
2026-03-23 06:20:00,6506.5,6507.0,6498.5,6499.75,2216
2026-03-23 06:25:00,6500.0,6502.75,6497.0,6498.75,1928
2026-03-23 06:30:00,6498.5,6504.75,6497.5,6502.75,1856
2026-03-23 06:35:00,6502.75,6507.75,6496.0,6496.75,2207
2026-03-23 06:40:00,6496.5,6500.25,6494.5,6500.0,3175
2026-03-23 06:45:00,6499.75,6499.75,6490.0,6494.5,3469
2026-03-23 06:50:00,6494.75,6518.0,6493.5,6503.0,8008
2026-03-23 06:55:00,6503.25,6507.5,6499.5,6506.75,2626
2026-03-23 07:00:00,6506.75,6512.75,6506.0,6510.5,3128
2026-03-23 07:05:00,6510.5,6731.0,6509.75,6725.25,41200
2026-03-23 07:10:00,6725.5,6748.0,6687.5,6738.25,29402
2026-03-23 07:15:00,6738.25,6742.25,6698.75,6702.75,24071
2026-03-23 07:20:00,6703.5,6707.0,6660.5,6679.75,29004
2026-03-23 07:25:00,6680.0,6690.5,6655.25,6676.0,17523
2026-03-23 07:30:00,6676.0,6727.25,6674.5,6721.75,18069
2026-03-23 07:35:00,6721.5,6724.0,6691.75,6695.25,13243
2026-03-23 07:40:00,6695.0,6697.25,6666.25,6670.75,10081
2026-03-23 07:45:00,6671.25,6676.75,6640.0,6665.75,16446
2026-03-23 07:50:00,6665.75,6666.5,6640.0,6661.25,11103
2026-03-23 07:55:00,6661.0,6661.5,6633.0,6638.75,13119
2026-03-23 08:00:00,6639.0,6650.25,6625.0,6647.25,10343
2026-03-23 08:05:00,6647.5,6659.5,6635.25,6659.0,8711
2026-03-23 08:10:00,6659.25,6661.5,6642.0,6642.0,9839
2026-03-23 08:15:00,6641.5,6673.0,6640.5,6673.0,7578
2026-03-23 08:20:00,6672.5,6674.75,6664.5,6666.25,6312
2026-03-23 08:25:00,6666.0,6673.0,6664.25,6666.25,5711
2026-03-23 08:30:00,6666.25,6666.25,6652.5,6656.5,8333
2026-03-23 08:35:00,6656.0,6669.0,6653.0,6656.5,7178
2026-03-23 08:40:00,6657.0,6689.0,6650.5,6687.25,18487
2026-03-23 08:45:00,6687.25,6692.75,6675.75,6689.75,11135
2026-03-23 08:50:00,6689.75,6696.5,6682.5,6686.0,8440
2026-03-23 08:55:00,6686.25,6691.75,6681.0,6690.75,6306
2026-03-23 09:00:00,6691.0,6698.0,6681.75,6684.0,8453
2026-03-23 09:05:00,6684.0,6685.0,6672.75,6683.75,6121
2026-03-23 09:10:00,6683.5,6685.25,6672.75,6674.5,6559
2026-03-23 09:15:00,6674.5,6680.5,6671.75,6672.25,4374
2026-03-23 09:20:00,6672.25,6677.25,6665.75,6670.5,7869
2026-03-23 09:25:00,6670.5,6670.5,6657.0,6658.25,11318
2026-03-23 09:30:00,6658.0,6662.0,6643.75,6645.5,35691
2026-03-23 09:35:00,6645.5,6661.25,6638.0,6661.0,30217
2026-03-23 09:40:00,6661.0,6674.0,6647.25,6658.0,30632
2026-03-23 09:45:00,6658.25,6668.25,6651.75,6668.0,21607
2026-03-23 09:50:00,6668.25,6679.25,6664.5,6673.25,21431
2026-03-23 09:55:00,6673.25,6680.75,6665.0,6680.25,19223
2026-03-23 10:00:00,6680.0,6685.75,6669.0,6670.5,24969
2026-03-23 10:05:00,6670.5,6677.25,6663.5,6674.5,21434
2026-03-23 10:10:00,6674.5,6683.25,6670.5,6679.5,18508
2026-03-23 10:15:00,6679.25,6690.25,6678.75,6690.0,16309
2026-03-23 10:20:00,6690.0,6701.5,6686.0,6696.5,22613
2026-03-23 10:25:00,6696.5,6697.5,6683.75,6688.0,18919
2026-03-23 10:30:00,6688.25,6691.25,6681.25,6688.0,17917
2026-03-23 10:35:00,6688.0,6692.25,6679.5,6683.25,14493
2026-03-23 10:40:00,6683.0,6686.25,6679.0,6682.0,11978
2026-03-23 10:45:00,6681.75,6696.25,6677.5,6691.5,18679
2026-03-23 10:50:00,6691.5,6692.0,6682.25,6687.25,13584
2026-03-23 10:55:00,6687.25,6692.5,6683.75,6689.0,13373
2026-03-23 11:00:00,6689.0,6704.75,6686.75,6702.5,25934
2026-03-23 11:05:00,6702.5,6704.25,6697.5,6701.0,16461
2026-03-23 11:10:00,6701.0,6704.75,6696.0,6699.0,17020
2026-03-23 11:15:00,6699.0,6700.5,6692.0,6692.75,17305
2026-03-23 11:20:00,6692.75,6699.5,6686.0,6698.0,21781
2026-03-23 11:25:00,6697.75,6698.25,6685.25,6687.25,15608
2026-03-23 11:30:00,6687.0,6691.75,6682.75,6684.5,14311
2026-03-23 11:35:00,6684.5,6684.75,6670.0,6670.75,24904
2026-03-23 11:40:00,6670.25,6675.5,6665.75,6669.75,19793
2026-03-23 11:45:00,6669.75,6670.25,6658.5,6664.75,22896
2026-03-23 11:50:00,6664.75,6667.5,6648.25,6650.5,29070
2026-03-23 11:55:00,6650.5,6651.5,6635.5,6637.25,31110
2026-03-23 12:00:00,6637.25,6649.25,6636.5,6642.25,25943
2026-03-23 12:05:00,6642.25,6651.5,6638.5,6646.5,18232
2026-03-23 12:10:00,6646.5,6653.75,6642.75,6648.25,15385
2026-03-23 12:15:00,6648.0,6649.75,6635.75,6637.5,13377
2026-03-23 12:20:00,6637.75,6640.25,6630.75,6633.75,16518
2026-03-23 12:25:00,6633.5,6633.75,6616.0,6618.0,27951
2026-03-23 12:30:00,6617.75,6633.5,6616.75,6633.0,24238
2026-03-23 12:35:00,6633.0,6639.25,6630.0,6631.75,18167
2026-03-23 12:40:00,6631.5,6639.25,6631.25,6637.75,12607
2026-03-23 12:45:00,6637.75,6644.5,6634.25,6640.25,15057
2026-03-23 12:50:00,6640.25,6644.75,6632.5,6636.0,12839
2026-03-23 12:55:00,6636.0,6638.25,6627.5,6632.75,10376
2026-03-23 13:00:00,6632.75,6638.5,6626.75,6627.5,11189
2026-03-23 13:05:00,6627.75,6639.5,6625.5,6638.0,10864
2026-03-23 13:10:00,6638.25,6639.25,6629.75,6630.25,9052
2026-03-23 13:15:00,6630.25,6632.75,6623.25,6628.5,9266
2026-03-23 13:20:00,6628.5,6629.0,6620.0,6624.5,10438
2026-03-23 13:25:00,6624.5,6633.25,6623.5,6629.75,9300
2026-03-23 13:30:00,6629.75,6648.75,6629.25,6647.75,14767
2026-03-23 13:35:00,6648.0,6659.75,6647.75,6655.5,21137
2026-03-23 13:40:00,6655.25,6655.75,6641.25,6644.75,16580
2026-03-23 13:45:00,6645.0,6646.75,6640.0,6644.5,7698
2026-03-23 13:50:00,6644.25,6652.0,6642.75,6651.25,9236
2026-03-23 13:55:00,6651.25,6660.25,6648.75,6658.0,9894
2026-03-23 14:00:00,6658.0,6660.75,6654.5,6659.0,9853
2026-03-23 14:05:00,6659.0,6660.0,6642.5,6651.75,16252
2026-03-23 14:10:00,6651.5,6658.0,6651.5,6653.5,8782
2026-03-23 14:15:00,6653.75,6655.25,6647.5,6651.25,7740
2026-03-23 14:20:00,6651.25,6652.75,6648.5,6652.5,8345
2026-03-23 14:25:00,6652.5,6656.25,6649.5,6651.0,8281
2026-03-23 14:30:00,6651.25,6666.5,6651.25,6666.25,13709
2026-03-23 14:35:00,6665.75,6674.25,6661.5,6667.5,24889
2026-03-23 14:40:00,6667.5,6669.25,6662.25,6665.25,12049
2026-03-23 14:45:00,6665.25,6670.5,6662.75,6669.25,9319
2026-03-23 14:50:00,6669.25,6670.25,6663.5,6666.25,6932
2026-03-23 14:55:00,6666.5,6669.25,6664.0,6667.0,6999
2026-03-23 15:00:00,6667.25,6667.75,6661.5,6663.5,6910
2026-03-23 15:05:00,6663.5,6665.75,6661.0,6664.25,6660
2026-03-23 15:10:00,6664.5,6665.25,6658.25,6658.75,7239
2026-03-23 15:15:00,6659.0,6661.0,6653.0,6656.0,9484
2026-03-23 15:20:00,6656.0,6657.0,6651.5,6652.75,8782
2026-03-23 15:25:00,6653.0,6655.0,6647.75,6650.75,11727
2026-03-23 15:30:00,6650.5,6653.5,6649.5,6651.0,8815
2026-03-23 15:35:00,6651.0,6655.25,6649.0,6653.5,8494
2026-03-23 15:40:00,6653.5,6657.0,6651.5,6656.75,10502
2026-03-23 15:45:00,6656.75,6661.25,6652.5,6655.75,13735
2026-03-23 15:50:00,6655.75,6656.75,6645.25,6645.25,23732
2026-03-23 15:55:00,6645.25,6646.5,6631.25,6631.5,95244
2026-03-23 16:00:00,6631.5,6633.5,6621.0,6622.5,33692
2026-03-23 16:05:00,6622.75,6630.0,6621.75,6630.0,6813
2026-03-23 16:10:00,6630.0,6634.0,6629.25,6632.25,5893
2026-03-23 16:15:00,6632.25,6635.5,6629.75,6630.25,3030
2026-03-23 16:20:00,6630.5,6634.75,6630.5,6634.0,1504
2026-03-23 16:25:00,6633.75,6635.5,6633.0,6634.25,1612
2026-03-23 16:30:00,6634.25,6634.5,6631.5,6634.0,1516
2026-03-23 16:35:00,6634.25,6638.75,6634.0,6638.0,2052
2026-03-23 16:40:00,6638.25,6639.25,6637.5,6637.75,1587
2026-03-23 16:45:00,6637.5,6638.0,6635.5,6636.5,1224
2026-03-23 16:50:00,6636.5,6637.0,6632.75,6633.5,1594
2026-03-23 16:55:00,6633.5,6634.25,6630.0,6632.75,1772
2026-03-23 18:00:00,6635.0,6635.0,6626.0,6626.75,2138
2026-03-23 18:05:00,6627.0,6636.25,6624.5,6633.0,1458
2026-03-23 18:10:00,6632.75,6637.0,6631.25,6635.5,499
2026-03-23 18:15:00,6635.75,6636.5,6633.5,6636.0,308
2026-03-23 18:20:00,6635.75,6637.5,6634.25,6637.25,465
2026-03-23 18:25:00,6637.0,6639.0,6636.0,6638.5,584
2026-03-23 18:30:00,6638.25,6638.5,6634.5,6636.75,558
2026-03-23 18:35:00,6637.0,6641.5,6636.75,6638.75,851
2026-03-23 18:40:00,6638.75,6640.25,6638.0,6640.25,252
2026-03-23 18:45:00,6640.25,6644.0,6640.0,6642.5,752
2026-03-23 18:50:00,6642.75,6650.75,6642.75,6649.75,1597
2026-03-23 18:55:00,6649.75,6652.5,6649.5,6650.75,763
2026-03-23 19:00:00,6651.0,6651.0,6647.0,6648.0,747
2026-03-23 19:05:00,6647.75,6648.5,6645.75,6647.0,337
2026-03-23 19:10:00,6646.5,6649.25,6645.25,6647.25,539
2026-03-23 19:15:00,6647.25,6649.25,6647.0,6648.5,282
2026-03-23 19:20:00,6648.25,6649.0,6646.25,6648.75,277
2026-03-23 19:25:00,6648.75,6649.0,6645.5,6646.25,449
2026-03-23 19:30:00,6646.0,6646.0,6642.25,6644.25,498
2026-03-23 19:35:00,6644.5,6645.5,6642.75,6645.25,298
2026-03-23 19:40:00,6645.0,6648.0,6644.75,6647.5,455
2026-03-23 19:45:00,6647.0,6648.25,6637.75,6640.25,1490
2026-03-23 19:50:00,6640.25,6642.75,6638.25,6639.0,899
2026-03-23 19:55:00,6639.0,6646.0,6639.0,6645.0,1158
2026-03-23 20:00:00,6645.0,6645.25,6630.5,6630.5,2958
2026-03-23 20:05:00,6630.75,6634.0,6629.5,6630.25,1518
2026-03-23 20:10:00,6630.5,6632.75,6625.0,6625.25,1489
2026-03-23 20:15:00,6625.25,6625.5,6611.0,6615.25,3040
2026-03-23 20:20:00,6615.5,6627.25,6607.75,6626.5,3021
2026-03-23 20:25:00,6626.5,6631.75,6625.25,6629.5,1903
2026-03-23 20:30:00,6629.25,6632.0,6622.5,6627.75,1496
2026-03-23 20:35:00,6628.0,6628.0,6598.25,6610.0,6121
2026-03-23 20:40:00,6610.0,6617.75,6608.0,6614.25,2190
2026-03-23 20:45:00,6614.0,6618.75,6611.75,6614.0,1379
2026-03-23 20:50:00,6613.75,6618.75,6612.0,6613.75,1414
2026-03-23 20:55:00,6613.75,6616.5,6611.0,6612.5,1725
2026-03-23 21:00:00,6613.25,6613.75,6603.75,6605.75,2114
2026-03-23 21:05:00,6605.5,6607.5,6597.25,6602.0,2404
2026-03-23 21:10:00,6602.0,6607.25,6600.75,6602.25,1469
2026-03-23 21:15:00,6602.25,6603.75,6596.75,6599.75,1453
2026-03-23 21:20:00,6600.0,6607.75,6599.75,6606.75,1410
2026-03-23 21:25:00,6606.5,6610.25,6605.0,6607.5,1126
2026-03-23 21:30:00,6607.25,6607.25,6601.0,6604.0,941
2026-03-23 21:35:00,6603.75,6604.5,6598.75,6599.75,659
2026-03-23 21:40:00,6600.0,6601.75,6591.25,6593.5,1847
2026-03-23 21:45:00,6593.0,6595.0,6591.0,6593.75,1190
2026-03-23 21:50:00,6593.5,6599.25,6593.5,6595.75,1036
2026-03-23 21:55:00,6595.5,6599.75,6595.5,6599.0,824
2026-03-23 22:00:00,6598.75,6599.75,6595.0,6598.75,885
2026-03-23 22:05:00,6598.5,6599.25,6594.5,6596.75,971
2026-03-23 22:10:00,6596.5,6597.25,6590.0,6594.75,1689
2026-03-23 22:15:00,6594.5,6599.5,6594.0,6598.25,899
2026-03-23 22:20:00,6598.5,6606.5,6598.0,6605.0,1596
2026-03-23 22:25:00,6605.25,6607.0,6599.75,6603.0,971
2026-03-23 22:30:00,6603.5,6603.75,6599.75,6600.75,652
2026-03-23 22:35:00,6600.5,6605.25,6599.75,6600.25,826
2026-03-23 22:40:00,6600.0,6605.25,6600.0,6604.5,539
2026-03-23 22:45:00,6604.25,6607.0,6602.5,6602.75,766
2026-03-23 22:50:00,6602.75,6602.75,6596.5,6598.5,1013
2026-03-23 22:55:00,6599.25,6599.5,6595.75,6596.25,525
2026-03-23 23:00:00,6596.75,6597.75,6594.5,6595.5,498
2026-03-23 23:05:00,6596.25,6598.0,6592.75,6594.75,588
2026-03-23 23:10:00,6595.0,6598.25,6594.0,6596.25,509
2026-03-23 23:15:00,6596.0,6598.75,6596.0,6597.0,383
2026-03-23 23:20:00,6597.25,6600.25,6596.75,6599.0,506
2026-03-23 23:25:00,6599.25,6603.0,6598.0,6601.25,591
2026-03-23 23:30:00,6601.0,6601.5,6593.75,6594.0,757
2026-03-23 23:35:00,6593.75,6599.5,6592.25,6598.25,610
2026-03-23 23:40:00,6599.0,6601.75,6598.25,6600.0,620
2026-03-23 23:45:00,6599.75,6601.5,6598.75,6600.25,386
2026-03-23 23:50:00,6600.25,6601.25,6597.75,6601.0,449
2026-03-23 23:55:00,6601.0,6603.0,6600.0,6603.0,441
2026-03-24 00:00:00,6603.0,6606.75,6603.0,6605.75,614
2026-03-24 00:05:00,6605.75,6607.75,6604.75,6607.25,558
2026-03-24 00:10:00,6607.0,6608.75,6605.0,6606.0,640
2026-03-24 00:15:00,6606.25,6606.25,6601.25,6602.0,344
2026-03-24 00:20:00,6602.25,6603.0,6599.0,6599.5,399
2026-03-24 00:25:00,6599.0,6599.5,6598.0,6598.0,275
2026-03-24 00:30:00,6598.25,6599.5,6595.0,6597.0,440
2026-03-24 00:35:00,6596.75,6597.25,6595.75,6596.0,236
2026-03-24 00:40:00,6596.25,6597.0,6594.5,6595.25,326
2026-03-24 00:45:00,6595.25,6599.25,6595.25,6597.75,384
2026-03-24 00:50:00,6598.0,6601.0,6596.75,6599.5,309
2026-03-24 00:55:00,6599.5,6599.75,6596.5,6598.0,288
2026-03-24 01:00:00,6598.0,6598.75,6591.25,6591.75,1041
2026-03-24 01:05:00,6591.5,6592.0,6586.75,6587.5,1321
2026-03-24 01:10:00,6587.75,6594.75,6586.0,6592.5,841
2026-03-24 01:15:00,6592.5,6609.5,6592.5,6599.0,2906
2026-03-24 01:20:00,6599.0,6600.75,6588.25,6591.25,2115
2026-03-24 01:25:00,6591.75,6593.0,6582.75,6583.5,1164
2026-03-24 01:30:00,6583.25,6588.75,6582.5,6587.75,549
2026-03-24 01:35:00,6587.5,6591.75,6586.5,6591.25,538
2026-03-24 01:40:00,6591.25,6599.5,6591.25,6595.5,999
2026-03-24 01:45:00,6595.75,6598.75,6594.25,6596.5,396
2026-03-24 01:50:00,6596.5,6599.25,6595.5,6597.5,419
2026-03-24 01:55:00,6597.5,6597.75,6595.25,6597.25,248
2026-03-24 02:00:00,6598.0,6605.25,6597.25,6603.0,1045
2026-03-24 02:05:00,6602.5,6605.75,6602.0,6605.25,566
2026-03-24 02:10:00,6604.75,6605.5,6602.0,6604.5,624
2026-03-24 02:15:00,6604.5,6608.5,6603.5,6606.5,898
2026-03-24 02:20:00,6606.25,6611.75,6605.0,6610.25,1046
2026-03-24 02:25:00,6610.0,6616.75,6609.75,6612.5,1220
2026-03-24 02:30:00,6612.25,6617.0,6612.25,6615.0,1435
2026-03-24 02:35:00,6615.25,6620.25,6615.25,6618.0,938
2026-03-24 02:40:00,6618.25,6620.75,6616.25,6618.75,594
2026-03-24 02:45:00,6619.0,6622.5,6615.5,6621.25,1097
2026-03-24 02:50:00,6621.25,6630.0,6619.5,6629.5,1455
2026-03-24 02:55:00,6629.25,6629.5,6624.25,6624.5,1159
2026-03-24 03:00:00,6624.5,6633.0,6623.0,6632.5,2711
2026-03-24 03:05:00,6632.75,6642.5,6631.25,6640.5,3504
2026-03-24 03:10:00,6640.5,6652.25,6640.5,6648.25,3488
2026-03-24 03:15:00,6648.5,6653.5,6645.0,6647.25,3524
2026-03-24 03:20:00,6647.0,6648.25,6642.25,6644.0,1976
2026-03-24 03:25:00,6643.75,6646.0,6640.5,6644.0,1452
2026-03-24 03:30:00,6644.0,6645.5,6636.0,6637.75,1931
2026-03-24 03:35:00,6638.0,6642.5,6636.0,6640.25,1000
2026-03-24 03:40:00,6640.0,6643.75,6638.5,6642.75,739
2026-03-24 03:45:00,6642.25,6642.25,6637.5,6640.75,727
2026-03-24 03:50:00,6640.25,6645.0,6638.25,6641.25,1426
2026-03-24 03:55:00,6641.0,6646.25,6640.0,6644.75,1511
2026-03-24 04:00:00,6645.25,6648.0,6640.5,6646.75,2150
2026-03-24 04:05:00,6646.75,6651.75,6645.0,6648.5,2393
2026-03-24 04:10:00,6648.25,6649.75,6644.0,6647.0,1868
2026-03-24 04:15:00,6647.25,6650.75,6630.75,6632.75,3711
2026-03-24 04:20:00,6632.75,6637.0,6629.75,6631.5,3305
2026-03-24 04:25:00,6631.5,6632.0,6625.75,6626.75,2539
2026-03-24 04:30:00,6627.0,6630.25,6623.25,6627.5,2217
2026-03-24 04:35:00,6627.25,6634.5,6626.5,6629.75,1532
2026-03-24 04:40:00,6629.5,6633.5,6624.5,6625.75,1307
2026-03-24 04:45:00,6625.75,6633.25,6625.75,6629.75,1669
2026-03-24 04:50:00,6630.25,6634.0,6620.5,6625.5,4442
2026-03-24 04:55:00,6625.0,6627.5,6619.25,6622.5,1852
2026-03-24 05:00:00,6623.0,6628.0,6620.25,6626.5,1248
2026-03-24 05:05:00,6626.5,6627.5,6613.5,6614.0,2012
2026-03-24 05:10:00,6613.75,6618.5,6604.25,6605.0,3650
2026-03-24 05:15:00,6604.75,6614.5,6604.5,6614.0,2003
2026-03-24 05:20:00,6613.75,6614.0,6607.75,6613.0,1323
2026-03-24 05:25:00,6612.75,6620.0,6611.5,6618.25,1402
2026-03-24 05:30:00,6618.0,6620.75,6614.75,6617.5,1351
2026-03-24 05:35:00,6617.5,6620.75,6616.0,6619.5,926
2026-03-24 05:40:00,6619.75,6626.25,6619.5,6624.5,1649
2026-03-24 05:45:00,6624.75,6626.5,6619.75,6623.25,1225
2026-03-24 05:50:00,6623.0,6626.5,6618.25,6626.25,1086
2026-03-24 05:55:00,6626.25,6635.25,6626.0,6631.75,2494
2026-03-24 06:00:00,6631.75,6632.0,6620.0,6627.0,1690
2026-03-24 06:05:00,6627.5,6635.25,6627.25,6633.75,1805
2026-03-24 06:10:00,6633.75,6635.0,6630.25,6633.25,1504
2026-03-24 06:15:00,6633.25,6635.0,6631.25,6632.5,1058
2026-03-24 06:20:00,6632.25,6633.5,6629.75,6630.0,1020
2026-03-24 06:25:00,6630.25,6630.75,6623.75,6625.0,1294
2026-03-24 06:30:00,6625.25,6628.25,6620.5,6621.75,1502
2026-03-24 06:35:00,6621.75,6631.5,6621.5,6631.0,1909
2026-03-24 06:40:00,6631.25,6635.0,6626.5,6631.75,1693
2026-03-24 06:45:00,6632.25,6634.75,6623.5,6624.75,1412
2026-03-24 06:50:00,6624.75,6630.75,6624.75,6628.0,1030
2026-03-24 06:55:00,6628.5,6631.0,6626.5,6630.0,896
2026-03-24 07:00:00,6630.0,6631.75,6622.5,6629.0,2250
2026-03-24 07:05:00,6628.75,6633.75,6627.5,6631.5,1633
2026-03-24 07:10:00,6631.25,6633.75,6630.5,6630.75,1057
2026-03-24 07:15:00,6630.5,6630.75,6620.25,6628.0,2551
2026-03-24 07:20:00,6628.0,6628.25,6624.25,6627.0,936
2026-03-24 07:25:00,6626.75,6627.75,6621.0,6625.25,1523
2026-03-24 07:30:00,6625.0,6626.0,6620.5,6624.25,1586
2026-03-24 07:35:00,6624.25,6626.25,6620.75,6625.5,1180
2026-03-24 07:40:00,6625.5,6625.75,6620.0,6622.0,1393
2026-03-24 07:45:00,6622.0,6633.25,6622.0,6629.5,2917
2026-03-24 07:50:00,6629.5,6630.0,6604.25,6614.75,6345
2026-03-24 07:55:00,6614.75,6628.0,6614.0,6627.0,3656
2026-03-24 08:00:00,6626.75,6630.5,6619.75,6620.0,2865
2026-03-24 08:05:00,6619.75,6620.5,6612.5,6615.75,2633
2026-03-24 08:10:00,6615.75,6619.5,6611.5,6617.25,2427
2026-03-24 08:15:00,6617.25,6617.75,6613.5,6615.5,2737
2026-03-24 08:20:00,6615.25,6619.25,6613.5,6618.0,2058
2026-03-24 08:25:00,6617.5,6624.25,6616.5,6619.75,1914
2026-03-24 08:30:00,6619.75,6620.5,6605.5,6608.5,3918
2026-03-24 08:35:00,6608.25,6609.75,6599.5,6601.25,4217
2026-03-24 08:40:00,6601.25,6605.5,6597.5,6598.25,3591
2026-03-24 08:45:00,6598.25,6602.75,6596.25,6598.0,3341
2026-03-24 08:50:00,6598.0,6606.5,6597.5,6604.75,4270
2026-03-24 08:55:00,6604.5,6604.75,6598.25,6599.75,2996
2026-03-24 09:00:00,6599.75,6604.0,6597.5,6600.0,4237
2026-03-24 09:05:00,6600.0,6602.0,6580.0,6588.5,13982
2026-03-24 09:10:00,6588.5,6596.5,6586.75,6594.5,7933
2026-03-24 09:15:00,6594.75,6598.5,6588.75,6590.0,5840
2026-03-24 09:20:00,6590.0,6593.75,6587.5,6590.25,4952
2026-03-24 09:25:00,6590.5,6595.5,6584.0,6589.0,10393
2026-03-24 09:30:00,6589.25,6604.0,6584.0,6603.5,35240
2026-03-24 09:35:00,6603.75,6606.0,6586.75,6588.5,26110
2026-03-24 09:40:00,6588.75,6590.0,6573.5,6583.25,25488
2026-03-24 09:45:00,6582.5,6591.75,6576.25,6576.75,22238
2026-03-24 09:50:00,6576.75,6584.5,6573.5,6578.25,22284
2026-03-24 09:55:00,6578.25,6590.5,6577.5,6589.75,20037
2026-03-24 10:00:00,6590.0,6599.0,6587.25,6598.5,31547
2026-03-24 10:05:00,6598.25,6610.5,6591.0,6609.5,30802
2026-03-24 10:10:00,6609.5,6611.75,6590.75,6601.25,29898
2026-03-24 10:15:00,6601.25,6602.75,6592.0,6601.0,18997
2026-03-24 10:20:00,6600.75,6604.75,6592.5,6598.5,19145
2026-03-24 10:25:00,6598.5,6609.5,6593.25,6600.0,21998
2026-03-24 10:30:00,6600.25,6609.75,6598.75,6608.75,16414
2026-03-24 10:35:00,6609.0,6610.5,6597.0,6602.25,17840
2026-03-24 10:40:00,6602.25,6613.25,6599.75,6613.0,16511
2026-03-24 10:45:00,6612.75,6617.0,6601.75,6602.75,25781
2026-03-24 10:50:00,6603.0,6635.25,6597.25,6620.0,66603
2026-03-24 10:55:00,6619.75,6632.0,6599.5,6615.0,47639
2026-03-24 11:00:00,6615.25,6631.0,6614.5,6624.75,23760
2026-03-24 11:05:00,6624.5,6628.0,6621.25,6624.75,12096
2026-03-24 11:10:00,6624.5,6630.75,6619.75,6628.25,12828
2026-03-24 11:15:00,6627.75,6634.5,6626.75,6632.5,14487
2026-03-24 11:20:00,6632.25,6640.0,6628.75,6639.5,19662
2026-03-24 11:25:00,6639.5,6643.75,6633.5,6636.5,22196
2026-03-24 11:30:00,6636.25,6639.5,6628.5,6633.25,15481
2026-03-24 11:35:00,6633.0,6641.0,6632.25,6638.5,12607
2026-03-24 11:40:00,6638.25,6641.0,6635.5,6638.0,11118
2026-03-24 11:45:00,6638.0,6642.5,6636.25,6641.25,10711
2026-03-24 11:50:00,6641.25,6646.0,6639.5,6640.0,10786
2026-03-24 11:55:00,6640.0,6640.25,6624.5,6625.75,24845
2026-03-24 12:00:00,6626.0,6628.25,6621.0,6622.0,17267
2026-03-24 12:05:00,6621.75,6626.5,6618.0,6626.25,13873
2026-03-24 12:10:00,6626.25,6627.5,6620.5,6625.0,11165
2026-03-24 12:15:00,6625.0,6636.5,6624.0,6634.5,14917
2026-03-24 12:20:00,6634.25,6638.0,6630.75,6635.5,11994
2026-03-24 12:25:00,6635.5,6636.25,6630.75,6635.25,11797
2026-03-24 12:30:00,6635.25,6636.5,6629.25,6629.5,10048
2026-03-24 12:35:00,6629.75,6630.25,6615.75,6616.75,17359
2026-03-24 12:40:00,6617.0,6627.5,6615.25,6627.5,13230
2026-03-24 12:45:00,6627.75,6633.0,6624.5,6625.75,10646
2026-03-24 12:50:00,6625.75,6631.5,6625.0,6626.0,8903
2026-03-24 12:55:00,6626.0,6629.25,6619.25,6626.5,14043
2026-03-24 13:00:00,6626.5,6629.25,6610.25,6610.75,14433
2026-03-24 13:05:00,6610.75,6611.5,6602.0,6605.0,31025
2026-03-24 13:10:00,6605.0,6608.5,6600.25,6604.0,17851
2026-03-24 13:15:00,6604.0,6607.25,6600.75,6602.75,13664
2026-03-24 13:20:00,6603.0,6608.5,6601.5,6605.75,12699
2026-03-24 13:25:00,6605.75,6610.0,6603.25,6608.75,9489
2026-03-24 13:30:00,6608.75,6615.5,6603.75,6604.5,15892
2026-03-24 13:35:00,6604.5,6610.25,6601.75,6608.5,8887
2026-03-24 13:40:00,6608.75,6612.0,6599.25,6600.75,9718
2026-03-24 13:45:00,6600.75,6606.25,6598.5,6603.5,9113
2026-03-24 13:50:00,6603.25,6613.25,6601.75,6606.5,15289
2026-03-24 13:55:00,6606.5,6618.75,6604.75,6618.25,37105
2026-03-24 14:00:00,6618.25,6625.25,6614.75,6618.0,16380
2026-03-24 14:05:00,6618.25,6619.25,6612.5,6613.0,9554
2026-03-24 14:10:00,6613.25,6615.75,6611.0,6613.5,7261
2026-03-24 14:15:00,6613.75,6617.75,6607.25,6615.75,14935
2026-03-24 14:20:00,6615.75,6619.25,6612.25,6616.5,10443
2026-03-24 14:25:00,6616.5,6624.25,6615.5,6621.0,12776
2026-03-24 14:30:00,6621.25,6631.5,6618.0,6625.0,17279
2026-03-24 14:35:00,6625.0,6641.75,6624.75,6640.75,19273
2026-03-24 14:40:00,6640.75,6641.0,6623.0,6628.5,25200
2026-03-24 14:45:00,6628.5,6629.75,6622.75,6625.25,9241
2026-03-24 14:50:00,6625.25,6633.0,6625.0,6627.75,9867
2026-03-24 14:55:00,6627.75,6627.75,6619.5,6623.75,10870
2026-03-24 15:00:00,6623.75,6631.5,6623.5,6626.75,12879
2026-03-24 15:05:00,6626.75,6629.5,6623.75,6628.5,8028
2026-03-24 15:10:00,6628.75,6632.25,6627.5,6632.0,6158
2026-03-24 15:15:00,6632.0,6632.0,6625.0,6627.75,8429
2026-03-24 15:20:00,6627.5,6628.75,6622.25,6626.0,11398
2026-03-24 15:25:00,6625.75,6627.25,6618.25,6619.75,9575
2026-03-24 15:30:00,6619.5,6623.0,6614.75,6616.0,12678
2026-03-24 15:35:00,6616.0,6616.5,6610.5,6614.75,12417
2026-03-24 15:40:00,6614.5,6618.25,6612.75,6613.25,10137
2026-03-24 15:45:00,6613.25,6613.5,6606.5,6610.25,12195
2026-03-24 15:50:00,6610.5,6611.5,6602.5,6603.75,18592
2026-03-24 15:55:00,6603.5,6608.25,6600.25,6607.0,72015
2026-03-24 16:00:00,6607.0,6609.5,6605.75,6608.5,17482
2026-03-24 16:05:00,6608.75,6610.25,6606.5,6607.5,4358
2026-03-24 16:10:00,6607.75,6611.0,6606.75,6610.75,4476
2026-03-24 16:15:00,6610.5,6615.25,6608.0,6615.25,5487
2026-03-24 16:20:00,6615.0,6667.5,6615.0,6665.75,40628
2026-03-24 16:25:00,6665.75,6680.5,6642.5,6649.25,26259
2026-03-24 16:30:00,6649.5,6658.0,6647.0,6654.5,11080
2026-03-24 16:35:00,6654.25,6677.75,6653.5,6674.0,13231
2026-03-24 16:40:00,6674.25,6674.25,6643.25,6652.5,10233
2026-03-24 16:45:00,6652.5,6657.75,6640.0,6651.75,8827
2026-03-24 16:50:00,6651.75,6653.25,6643.75,6646.5,4515
2026-03-24 16:55:00,6646.75,6652.25,6644.0,6646.25,4960
2026-03-24 18:00:00,6646.5,6657.25,6646.5,6655.75,2212
2026-03-24 18:05:00,6655.75,6660.75,6654.0,6657.25,2411
2026-03-24 18:10:00,6657.5,6659.0,6651.75,6652.5,1444
2026-03-24 18:15:00,6652.25,6653.25,6646.0,6652.25,2283
2026-03-24 18:20:00,6652.25,6652.5,6646.0,6646.5,882
2026-03-24 18:25:00,6646.5,6648.5,6641.5,6646.75,1787
2026-03-24 18:30:00,6647.0,6651.75,6647.0,6650.25,810
2026-03-24 18:35:00,6650.25,6653.25,6649.75,6649.75,1485
2026-03-24 18:40:00,6650.0,6654.0,6648.75,6653.75,716
2026-03-24 18:45:00,6653.5,6655.0,6652.0,6652.75,721
2026-03-24 18:50:00,6652.75,6653.75,6651.25,6653.0,442
2026-03-24 18:55:00,6653.0,6655.5,6652.25,6655.25,541
2026-03-24 19:00:00,6655.0,6656.0,6648.5,6649.5,1234
2026-03-24 19:05:00,6649.0,6652.0,6649.0,6650.5,1707
2026-03-24 19:10:00,6650.75,6654.25,6650.5,6651.75,680
2026-03-24 19:15:00,6652.0,6654.5,6652.0,6654.5,648
2026-03-24 19:20:00,6654.5,6658.25,6654.0,6658.0,1143
2026-03-24 19:25:00,6657.75,6659.0,6655.5,6656.0,782
2026-03-24 19:30:00,6656.0,6657.0,6653.75,6655.25,714
2026-03-24 19:35:00,6655.0,6657.5,6653.75,6655.75,488
2026-03-24 19:40:00,6655.75,6656.0,6651.0,6651.75,829
2026-03-24 19:45:00,6651.75,6652.5,6650.25,6652.25,540
2026-03-24 19:50:00,6652.25,6653.25,6650.25,6652.0,912
2026-03-24 19:55:00,6652.0,6652.25,6650.5,6651.0,424
2026-03-24 20:00:00,6651.25,6652.75,6646.0,6650.0,2322
2026-03-24 20:05:00,6650.0,6652.75,6648.5,6651.25,1800
2026-03-24 20:10:00,6651.5,6660.75,6650.75,6658.5,2319
2026-03-24 20:15:00,6658.0,6660.25,6654.0,6654.75,1198
2026-03-24 20:20:00,6654.5,6656.5,6650.5,6653.75,1191
2026-03-24 20:25:00,6654.0,6656.5,6653.5,6654.0,853
2026-03-24 20:30:00,6654.25,6664.0,6645.0,6663.5,4076
2026-03-24 20:35:00,6663.5,6671.5,6662.5,6668.75,2395
2026-03-24 20:40:00,6668.5,6669.5,6666.0,6666.0,1105
2026-03-24 20:45:00,6666.5,6667.5,6662.25,6662.75,996
2026-03-24 20:50:00,6662.75,6665.75,6660.75,6665.0,1155
2026-03-24 20:55:00,6665.0,6666.75,6660.75,6661.0,602
2026-03-24 21:00:00,6660.75,6664.75,6660.5,6662.75,1249
2026-03-24 21:05:00,6662.75,6665.0,6658.75,6660.5,1168
2026-03-24 21:10:00,6660.75,6663.5,6657.25,6658.75,1082
2026-03-24 21:15:00,6659.0,6659.75,6656.25,6658.75,1152
2026-03-24 21:20:00,6658.5,6664.5,6658.5,6663.75,1103
2026-03-24 21:25:00,6663.5,6663.5,6659.5,6660.5,536
2026-03-24 21:30:00,6660.5,6660.5,6656.5,6660.25,777
2026-03-24 21:35:00,6660.5,6662.25,6658.0,6659.0,705
2026-03-24 21:40:00,6659.25,6663.0,6653.75,6656.75,1771
2026-03-24 21:45:00,6656.25,6658.75,6656.25,6656.5,528
2026-03-24 21:50:00,6656.5,6658.25,6656.25,6658.0,488
2026-03-24 21:55:00,6658.0,6659.5,6651.25,6652.5,1017
2026-03-24 22:00:00,6652.5,6653.25,6646.75,6652.0,2508
2026-03-24 22:05:00,6651.75,6651.75,6645.25,6645.75,1167
2026-03-24 22:10:00,6645.75,6647.5,6642.5,6643.25,1303
2026-03-24 22:15:00,6643.25,6647.0,6643.0,6645.5,1251
2026-03-24 22:20:00,6645.25,6647.5,6643.25,6645.25,1011
2026-03-24 22:25:00,6645.0,6648.0,6645.0,6646.75,706
2026-03-24 22:30:00,6646.5,6648.0,6645.5,6648.0,648
2026-03-24 22:35:00,6648.0,6648.25,6644.25,6644.75,630
2026-03-24 22:40:00,6644.5,6646.0,6643.5,6644.0,644
2026-03-24 22:45:00,6644.0,6646.75,6642.0,6643.25,853
2026-03-24 22:50:00,6643.5,6644.5,6641.25,6641.75,857
2026-03-24 22:55:00,6641.75,6642.5,6638.25,6639.0,1413
2026-03-24 23:00:00,6638.75,6641.25,6638.75,6641.0,773
2026-03-24 23:05:00,6641.25,6643.25,6640.25,6640.25,993
2026-03-24 23:10:00,6640.0,6641.5,6636.25,6637.0,1443
2026-03-24 23:15:00,6637.0,6639.0,6634.75,6637.75,1195
2026-03-24 23:20:00,6637.75,6639.5,6637.25,6639.25,404
2026-03-24 23:25:00,6639.25,6640.75,6638.25,6639.75,521
2026-03-24 23:30:00,6639.75,6640.25,6638.25,6639.25,321
2026-03-24 23:35:00,6639.25,6645.25,6639.0,6644.5,1083
2026-03-24 23:40:00,6644.5,6644.75,6641.75,6643.0,564
2026-03-24 23:45:00,6643.25,6645.5,6643.25,6644.25,536
2026-03-24 23:50:00,6644.5,6649.5,6644.5,6646.25,1078
2026-03-24 23:55:00,6646.5,6648.5,6646.0,6648.0,544
2026-03-25 00:00:00,6648.0,6650.25,6647.25,6649.75,933
2026-03-25 00:05:00,6649.75,6652.0,6648.75,6652.0,707
2026-03-25 00:10:00,6652.0,6653.75,6649.75,6653.25,707
2026-03-25 00:15:00,6653.5,6657.25,6651.25,6656.75,697
2026-03-25 00:20:00,6656.75,6657.25,6654.75,6657.0,556
2026-03-25 00:25:00,6657.0,6658.25,6656.5,6657.0,414
2026-03-25 00:30:00,6657.0,6658.5,6656.5,6657.25,452
2026-03-25 00:35:00,6657.25,6659.25,6656.5,6656.75,938
2026-03-25 00:40:00,6657.0,6657.25,6655.5,6656.0,603
2026-03-25 00:45:00,6656.0,6656.25,6653.0,6654.5,645
2026-03-25 00:50:00,6654.5,6655.75,6654.0,6654.5,412
2026-03-25 00:55:00,6654.75,6658.5,6654.25,6657.75,721
2026-03-25 01:00:00,6657.75,6658.0,6654.75,6654.75,732
2026-03-25 01:05:00,6655.0,6659.0,6653.75,6656.5,776
2026-03-25 01:10:00,6656.75,6659.25,6656.75,6658.0,482
2026-03-25 01:15:00,6657.75,6657.75,6653.0,6653.75,651
2026-03-25 01:20:00,6653.75,6656.5,6653.5,6655.0,380
2026-03-25 01:25:00,6655.25,6655.25,6652.25,6653.5,383
2026-03-25 01:30:00,6653.5,6657.0,6652.75,6654.75,701
2026-03-25 01:35:00,6655.0,6657.0,6653.75,6656.75,473
2026-03-25 01:40:00,6656.75,6657.5,6655.0,6656.75,314
2026-03-25 01:45:00,6656.5,6657.0,6653.5,6654.25,378
2026-03-25 01:50:00,6654.5,6654.75,6648.0,6648.25,810
2026-03-25 01:55:00,6648.25,6649.0,6646.0,6648.0,630
2026-03-25 02:00:00,6648.0,6648.5,6643.75,6644.5,916
2026-03-25 02:05:00,6644.75,6646.0,6642.25,6642.75,871
2026-03-25 02:10:00,6643.0,6645.75,6642.75,6644.25,755
2026-03-25 02:15:00,6644.25,6645.5,6643.75,6645.0,801
2026-03-25 02:20:00,6645.0,6646.5,6642.25,6642.75,846
2026-03-25 02:25:00,6643.0,6643.5,6639.5,6640.75,1184
2026-03-25 02:30:00,6640.75,6641.5,6637.25,6639.5,1633
2026-03-25 02:35:00,6639.25,6642.25,6637.75,6639.25,541
2026-03-25 02:40:00,6639.5,6645.5,6639.5,6644.5,1081
2026-03-25 02:45:00,6644.5,6648.25,6644.0,6647.75,655
2026-03-25 02:50:00,6647.75,6652.5,6647.25,6648.25,1189
2026-03-25 02:55:00,6648.25,6649.0,6646.25,6648.25,575
2026-03-25 03:00:00,6648.25,6648.25,6642.75,6643.5,1337
2026-03-25 03:05:00,6644.25,6646.25,6643.75,6644.75,901
2026-03-25 03:10:00,6645.0,6653.0,6645.0,6651.0,1367
2026-03-25 03:15:00,6651.25,6652.75,6648.75,6650.75,930
2026-03-25 03:20:00,6650.5,6651.0,6643.5,6643.75,1467
2026-03-25 03:25:00,6643.75,6646.0,6642.5,6645.0,865
2026-03-25 03:30:00,6645.25,6650.0,6644.25,6646.5,1259
2026-03-25 03:35:00,6646.5,6649.5,6644.25,6647.75,912
2026-03-25 03:40:00,6647.75,6654.75,6647.75,6652.5,1776
2026-03-25 03:45:00,6652.5,6658.75,6651.25,6657.25,1522
2026-03-25 03:50:00,6657.25,6657.75,6653.75,6655.5,926
2026-03-25 03:55:00,6655.5,6657.0,6653.0,6654.75,955
2026-03-25 04:00:00,6654.75,6667.0,6654.25,6664.5,3784
2026-03-25 04:05:00,6664.5,6675.25,6664.5,6669.75,5186
2026-03-25 04:10:00,6670.0,6673.25,6668.25,6672.75,2105
2026-03-25 04:15:00,6673.0,6678.75,6672.0,6678.75,3030
2026-03-25 04:20:00,6678.75,6681.5,6674.75,6676.75,3540
2026-03-25 04:25:00,6676.5,6680.0,6674.0,6674.75,2825
2026-03-25 04:30:00,6674.75,6680.5,6674.25,6679.25,2197
2026-03-25 04:35:00,6679.25,6679.25,6666.25,6672.5,5893
2026-03-25 04:40:00,6672.5,6676.0,6671.0,6671.25,2365
2026-03-25 04:45:00,6671.5,6673.75,6667.5,6669.0,1661
2026-03-25 04:50:00,6669.0,6671.0,6656.25,6656.5,2954
2026-03-25 04:55:00,6656.75,6659.0,6654.0,6657.0,2777
2026-03-25 05:00:00,6657.25,6661.25,6653.25,6659.75,2251
2026-03-25 05:05:00,6659.5,6665.5,6659.5,6663.0,1858
2026-03-25 05:10:00,6663.0,6667.5,6663.0,6666.25,1166
2026-03-25 05:15:00,6666.0,6667.0,6663.75,6666.0,1303
2026-03-25 05:20:00,6666.25,6666.5,6659.25,6660.5,1856
2026-03-25 05:25:00,6660.5,6660.5,6656.25,6657.5,1801
2026-03-25 05:30:00,6658.25,6662.5,6658.25,6659.0,1214
2026-03-25 05:35:00,6659.0,6662.5,6657.5,6659.5,1346
2026-03-25 05:40:00,6659.5,6660.25,6656.0,6657.0,1032
2026-03-25 05:45:00,6657.0,6657.25,6649.5,6652.0,2330
2026-03-25 05:50:00,6652.5,6655.25,6651.0,6652.75,1618
2026-03-25 05:55:00,6653.0,6665.5,6652.75,6659.25,6471
2026-03-25 06:00:00,6659.25,6668.25,6659.25,6664.25,4634
2026-03-25 06:05:00,6664.5,6664.5,6659.5,6660.75,1633
2026-03-25 06:10:00,6660.75,6661.5,6658.25,6660.75,2233
2026-03-25 06:15:00,6660.5,6663.0,6658.75,6660.75,1474
2026-03-25 06:20:00,6660.75,6662.25,6657.25,6658.75,1589
2026-03-25 06:25:00,6658.75,6659.25,6656.0,6656.0,1954
2026-03-25 06:30:00,6656.25,6658.0,6654.5,6655.75,2092
2026-03-25 06:35:00,6656.25,6661.0,6656.0,6659.25,1450
2026-03-25 06:40:00,6659.0,6660.0,6654.25,6654.5,1062
2026-03-25 06:45:00,6654.25,6660.5,6653.25,6658.75,1368
2026-03-25 06:50:00,6658.75,6661.5,6657.5,6661.0,1385
2026-03-25 06:55:00,6660.75,6661.75,6658.5,6658.5,1015
2026-03-25 07:00:00,6658.75,6665.0,6658.5,6664.75,1609
2026-03-25 07:05:00,6664.75,6668.0,6661.5,6666.5,1948
2026-03-25 07:10:00,6666.5,6666.5,6662.5,6664.5,1333
2026-03-25 07:15:00,6664.75,6665.5,6662.75,6664.5,1103
2026-03-25 07:20:00,6664.75,6671.0,6663.25,6669.75,2233
2026-03-25 07:25:00,6669.75,6670.75,6664.5,6667.0,2379
2026-03-25 07:30:00,6667.0,6671.25,6667.0,6668.5,2351
2026-03-25 07:35:00,6668.75,6676.0,6668.5,6675.0,2712
2026-03-25 07:40:00,6674.75,6675.25,6670.25,6674.25,1249
2026-03-25 07:45:00,6674.25,6674.25,6656.25,6661.75,7969
2026-03-25 07:50:00,6662.0,6667.25,6657.5,6665.0,4246
2026-03-25 07:55:00,6665.0,6672.0,6663.0,6671.25,3108
2026-03-25 08:00:00,6670.75,6675.75,6670.75,6672.0,3520
2026-03-25 08:05:00,6671.75,6681.0,6671.75,6677.0,3770
2026-03-25 08:10:00,6677.0,6678.75,6673.75,6676.5,3249
2026-03-25 08:15:00,6676.25,6677.0,6652.75,6656.75,13268
2026-03-25 08:20:00,6656.5,6663.25,6645.0,6655.75,13324
2026-03-25 08:25:00,6655.75,6663.0,6649.5,6653.0,7168
2026-03-25 08:30:00,6653.5,6653.5,6639.25,6647.0,8672
2026-03-25 08:35:00,6647.25,6659.75,6646.75,6659.0,5656
2026-03-25 08:40:00,6659.0,6659.75,6652.5,6653.0,4638
2026-03-25 08:45:00,6653.0,6655.75,6648.75,6654.25,3889
2026-03-25 08:50:00,6654.25,6660.5,6653.0,6660.25,3411
2026-03-25 08:55:00,6660.25,6666.0,6659.75,6660.75,5079
2026-03-25 09:00:00,6661.0,6668.0,6653.5,6667.0,9597
2026-03-25 09:05:00,6667.0,6669.75,6662.25,6663.5,4220
2026-03-25 09:10:00,6663.25,6667.5,6659.0,6661.0,3336
2026-03-25 09:15:00,6661.0,6663.75,6658.5,6663.25,2637
2026-03-25 09:20:00,6663.0,6663.25,6657.0,6661.0,3310
2026-03-25 09:25:00,6661.25,6663.5,6659.0,6661.75,5069
2026-03-25 09:30:00,6661.75,6678.0,6660.75,6672.5,36562
2026-03-25 09:35:00,6672.5,6684.75,6670.5,6674.75,30157
2026-03-25 09:40:00,6674.75,6681.0,6662.75,6664.5,22606
2026-03-25 09:45:00,6664.5,6667.0,6652.25,6653.25,23076
2026-03-25 09:50:00,6653.25,6654.5,6641.5,6642.25,32268
2026-03-25 09:55:00,6642.5,6650.5,6638.75,6639.5,29950
2026-03-25 10:00:00,6639.5,6649.75,6631.25,6644.5,33852
2026-03-25 10:05:00,6644.75,6650.0,6638.5,6645.75,24505
2026-03-25 10:10:00,6646.0,6656.25,6641.0,6655.75,21602
2026-03-25 10:15:00,6655.5,6657.75,6649.0,6651.25,19335
2026-03-25 10:20:00,6651.25,6660.75,6646.5,6649.0,23712
2026-03-25 10:25:00,6649.0,6663.25,6647.25,6657.0,29979
2026-03-25 10:30:00,6656.75,6663.0,6651.25,6662.75,17032
2026-03-25 10:35:00,6663.0,6665.5,6654.0,6657.25,15805
2026-03-25 10:40:00,6657.5,6664.75,6653.75,6659.5,14810
2026-03-25 10:45:00,6659.5,6666.25,6659.0,6664.5,13016
2026-03-25 10:50:00,6664.5,6667.5,6661.5,6662.75,12649
2026-03-25 10:55:00,6663.0,6666.25,6659.5,6662.25,12964
2026-03-25 11:00:00,6662.0,6665.5,6659.0,6663.25,12873
2026-03-25 11:05:00,6663.25,6664.25,6646.25,6647.5,20208
2026-03-25 11:10:00,6647.5,6650.75,6639.5,6640.5,22035
2026-03-25 11:15:00,6640.25,6642.75,6616.5,6625.75,52350
2026-03-25 11:20:00,6625.75,6648.0,6625.0,6643.75,29522
2026-03-25 11:25:00,6644.0,6653.75,6642.0,6653.25,20341
2026-03-25 11:30:00,6653.25,6657.5,6650.75,6654.0,21935
2026-03-25 11:35:00,6654.25,6654.5,6641.0,6642.25,17567
2026-03-25 11:40:00,6642.25,6645.75,6635.75,6641.25,13712
2026-03-25 11:45:00,6641.5,6643.25,6637.25,6641.5,11458
2026-03-25 11:50:00,6641.5,6645.5,6638.5,6642.25,11990
2026-03-25 11:55:00,6642.25,6649.0,6638.25,6644.5,17513
2026-03-25 12:00:00,6644.75,6646.5,6638.5,6639.0,15591
2026-03-25 12:05:00,6639.0,6643.25,6634.5,6641.0,12255
2026-03-25 12:10:00,6641.0,6642.0,6635.75,6640.25,8381
2026-03-25 12:15:00,6640.0,6642.0,6636.0,6638.0,9634
2026-03-25 12:20:00,6638.25,6652.0,6635.75,6652.0,15976
2026-03-25 12:25:00,6651.75,6655.75,6647.0,6649.75,27540
2026-03-25 12:30:00,6649.5,6658.25,6645.25,6655.75,18009
2026-03-25 12:35:00,6655.5,6658.0,6652.25,6656.0,12022
2026-03-25 12:40:00,6656.25,6657.0,6651.5,6654.75,9025
2026-03-25 12:45:00,6655.0,6656.0,6649.5,6651.25,9382
2026-03-25 12:50:00,6651.5,6656.5,6645.5,6656.0,12039
2026-03-25 12:55:00,6656.0,6656.75,6650.5,6652.75,6338
2026-03-25 13:00:00,6652.75,6658.5,6647.0,6650.25,14052
2026-03-25 13:05:00,6650.25,6651.25,6644.75,6644.75,10256
2026-03-25 13:10:00,6644.75,6652.75,6644.0,6651.0,8734
2026-03-25 13:15:00,6651.0,6651.25,6644.25,6648.0,8868
2026-03-25 13:20:00,6647.75,6655.5,6647.0,6652.0,8701
2026-03-25 13:25:00,6651.75,6658.5,6651.25,6655.75,8836
2026-03-25 13:30:00,6655.75,6658.25,6650.75,6657.5,8347
2026-03-25 13:35:00,6657.75,6662.5,6656.75,6661.75,9867
2026-03-25 13:40:00,6661.5,6669.5,6658.75,6663.75,19225
2026-03-25 13:45:00,6663.75,6664.0,6655.5,6656.25,12295
2026-03-25 13:50:00,6656.25,6662.5,6648.5,6650.0,17453
2026-03-25 13:55:00,6650.0,6663.25,6648.5,6654.25,19390
2026-03-25 14:00:00,6654.0,6656.0,6650.75,6653.5,9046
2026-03-25 14:05:00,6653.75,6658.0,6651.0,6653.0,7095
2026-03-25 14:10:00,6653.25,6657.0,6652.5,6655.0,4653
2026-03-25 14:15:00,6655.25,6660.5,6653.5,6654.25,7970
2026-03-25 14:20:00,6654.0,6657.5,6653.25,6655.25,4518
2026-03-25 14:25:00,6655.25,6656.25,6649.25,6650.5,6819
2026-03-25 14:30:00,6650.25,6653.75,6649.75,6652.25,6707
2026-03-25 14:35:00,6652.0,6652.25,6649.25,6651.0,4806
2026-03-25 14:40:00,6651.0,6651.75,6646.0,6648.25,7417
2026-03-25 14:45:00,6648.25,6648.75,6645.5,6646.25,7451
2026-03-25 14:50:00,6646.25,6647.75,6644.75,6646.75,7087
2026-03-25 14:55:00,6647.0,6647.0,6631.0,6640.0,31956
2026-03-25 15:00:00,6639.75,6640.0,6630.5,6635.25,21960
2026-03-25 15:05:00,6635.5,6638.0,6634.0,6636.0,9679
2026-03-25 15:10:00,6636.0,6639.75,6633.25,6639.25,10472
2026-03-25 15:15:00,6639.25,6644.75,6638.75,6643.5,12501
2026-03-25 15:20:00,6643.75,6648.5,6642.75,6645.0,9572
2026-03-25 15:25:00,6645.0,6646.0,6639.75,6640.25,8890
2026-03-25 15:30:00,6640.25,6641.0,6636.5,6638.0,8661
2026-03-25 15:35:00,6638.0,6639.5,6632.5,6635.75,10013
2026-03-25 15:40:00,6636.0,6641.75,6635.0,6637.0,11776
2026-03-25 15:45:00,6637.0,6638.25,6634.75,6636.25,8529
2026-03-25 15:50:00,6636.25,6643.5,6636.25,6640.75,18894
2026-03-25 15:55:00,6640.75,6645.5,6636.75,6642.0,56841
2026-03-25 16:00:00,6641.75,6647.25,6640.25,6645.0,20697
2026-03-25 16:05:00,6645.0,6645.5,6640.75,6641.5,4173
2026-03-25 16:10:00,6641.75,6642.25,6640.5,6641.25,2366
2026-03-25 16:15:00,6641.25,6644.0,6640.75,6643.25,1641
2026-03-25 16:20:00,6643.25,6643.25,6640.0,6640.75,1429
2026-03-25 16:25:00,6640.5,6640.75,6636.0,6636.25,1649
2026-03-25 16:30:00,6636.25,6637.75,6635.5,6637.5,906
2026-03-25 16:35:00,6637.25,6639.25,6637.25,6638.75,1017
2026-03-25 16:40:00,6638.5,6639.0,6637.5,6638.25,1077
2026-03-25 16:45:00,6638.25,6639.25,6637.75,6638.5,1070
2026-03-25 16:50:00,6638.75,6639.75,6638.25,6639.25,1101
2026-03-25 16:55:00,6639.25,6641.75,6638.75,6641.0,1647
2026-03-25 18:00:00,6641.5,6641.5,6634.0,6636.5,923
2026-03-25 18:05:00,6636.25,6637.5,6632.5,6632.5,933
2026-03-25 18:10:00,6632.75,6635.25,6632.0,6633.25,571
2026-03-25 18:15:00,6633.5,6633.5,6629.5,6631.25,760
2026-03-25 18:20:00,6631.0,6631.25,6628.5,6629.25,520
2026-03-25 18:25:00,6629.5,6630.75,6628.25,6630.0,498
2026-03-25 18:30:00,6630.25,6632.5,6629.75,6632.0,534
2026-03-25 18:35:00,6632.0,6633.0,6632.0,6632.5,234
2026-03-25 18:40:00,6632.25,6633.75,6631.5,6633.75,351
2026-03-25 18:45:00,6634.0,6635.25,6632.5,6634.5,309
2026-03-25 18:50:00,6634.25,6634.5,6629.5,6629.75,791
2026-03-25 18:55:00,6630.25,6631.5,6628.75,6629.5,544
2026-03-25 19:00:00,6629.75,6633.25,6629.75,6632.25,481
2026-03-25 19:05:00,6632.5,6632.5,6629.75,6630.0,299
2026-03-25 19:10:00,6629.75,6631.0,6627.5,6628.25,444
2026-03-25 19:15:00,6628.25,6628.75,6623.0,6625.25,1112
2026-03-25 19:20:00,6625.25,6626.5,6624.5,6625.75,471
2026-03-25 19:25:00,6625.75,6628.0,6625.5,6627.0,508
2026-03-25 19:30:00,6626.75,6628.0,6624.25,6625.75,932
2026-03-25 19:35:00,6625.75,6626.5,6624.5,6626.5,468
2026-03-25 19:40:00,6626.25,6627.25,6623.0,6623.25,381
2026-03-25 19:45:00,6623.0,6628.5,6621.5,6627.0,1175
2026-03-25 19:50:00,6627.0,6629.75,6626.25,6629.0,520
2026-03-25 19:55:00,6629.0,6631.5,6627.5,6629.75,711
2026-03-25 20:00:00,6630.0,6632.0,6628.5,6629.75,658
2026-03-25 20:05:00,6629.75,6632.75,6629.0,6630.25,824
2026-03-25 20:10:00,6630.5,6633.5,6629.75,6633.25,658
2026-03-25 20:15:00,6633.25,6640.75,6632.75,6638.75,1976
2026-03-25 20:20:00,6638.75,6647.0,6638.5,6645.25,2186
2026-03-25 20:25:00,6645.5,6645.5,6641.75,6642.5,936
2026-03-25 20:30:00,6642.25,6645.5,6641.25,6643.75,687
2026-03-25 20:35:00,6643.75,6644.5,6641.25,6641.5,350
2026-03-25 20:40:00,6641.25,6641.75,6640.0,6640.0,477
2026-03-25 20:45:00,6640.0,6641.5,6639.0,6639.5,624
2026-03-25 20:50:00,6639.75,6640.0,6632.0,6632.75,1960
2026-03-25 20:55:00,6632.75,6635.0,6630.75,6633.75,1317
2026-03-25 21:00:00,6633.75,6639.75,6633.5,6636.25,1854
2026-03-25 21:05:00,6636.25,6637.25,6631.75,6634.25,863
2026-03-25 21:10:00,6634.5,6636.75,6634.5,6635.75,453
2026-03-25 21:15:00,6636.0,6636.25,6630.75,6631.5,608
2026-03-25 21:20:00,6631.75,6634.5,6631.5,6633.0,520
2026-03-25 21:25:00,6632.75,6634.0,6629.5,6632.75,683
2026-03-25 21:30:00,6632.75,6635.0,6631.75,6634.0,520
2026-03-25 21:35:00,6634.5,6635.0,6631.5,6634.75,366
2026-03-25 21:40:00,6634.25,6636.75,6633.0,6633.0,604
2026-03-25 21:45:00,6633.25,6636.25,6633.0,6635.0,400
2026-03-25 21:50:00,6634.5,6635.75,6633.0,6634.0,287
2026-03-25 21:55:00,6634.5,6636.25,6633.75,6636.25,330
2026-03-25 22:00:00,6635.25,6639.25,6635.25,6639.0,782
2026-03-25 22:05:00,6638.75,6639.0,6634.0,6635.0,636
2026-03-25 22:10:00,6634.75,6636.5,6633.25,6635.5,541
2026-03-25 22:15:00,6635.25,6635.5,6633.5,6634.0,508
2026-03-25 22:20:00,6634.0,6637.0,6631.5,6632.5,756
2026-03-25 22:25:00,6632.25,6633.0,6627.25,6628.75,1049
2026-03-25 22:30:00,6628.75,6630.25,6618.0,6618.5,2631
2026-03-25 22:35:00,6618.25,6620.25,6608.5,6614.75,3178
2026-03-25 22:40:00,6614.75,6620.25,6614.5,6619.75,1246
2026-03-25 22:45:00,6619.75,6623.5,6619.5,6621.5,914
2026-03-25 22:50:00,6622.0,6623.25,6620.0,6621.25,509
2026-03-25 22:55:00,6621.5,6622.0,6618.75,6620.0,671
2026-03-25 23:00:00,6619.75,6622.75,6619.5,6620.75,505
2026-03-25 23:05:00,6620.75,6622.25,6619.25,6619.25,643
2026-03-25 23:10:00,6619.5,6625.75,6619.25,6625.5,797
2026-03-25 23:15:00,6625.5,6626.25,6623.5,6625.25,604
2026-03-25 23:20:00,6625.25,6630.25,6625.0,6629.75,885
2026-03-25 23:25:00,6629.75,6630.75,6628.75,6629.25,620
2026-03-25 23:30:00,6629.0,6641.75,6629.0,6641.75,2148
2026-03-25 23:35:00,6641.75,6644.75,6640.5,6644.25,1458
2026-03-25 23:40:00,6644.0,6647.0,6643.75,6644.0,1215
2026-03-25 23:45:00,6644.0,6644.75,6640.25,6640.5,668
2026-03-25 23:50:00,6640.5,6640.75,6638.25,6638.75,659
2026-03-25 23:55:00,6638.75,6640.5,6638.5,6639.5,395
2026-03-26 00:00:00,6639.5,6640.5,6635.0,6635.25,939
2026-03-26 00:05:00,6635.0,6637.25,6634.25,6637.0,649
2026-03-26 00:10:00,6637.0,6638.75,6635.5,6636.25,421
2026-03-26 00:15:00,6636.0,6637.0,6633.5,6634.25,516
2026-03-26 00:20:00,6634.75,6636.0,6633.25,6633.5,443
2026-03-26 00:25:00,6633.5,6635.5,6633.5,6634.25,364
2026-03-26 00:30:00,6634.5,6635.5,6632.5,6632.5,352
2026-03-26 00:35:00,6632.5,6634.25,6632.5,6632.75,210
2026-03-26 00:40:00,6633.0,6633.75,6632.25,6632.5,326
2026-03-26 00:45:00,6632.5,6633.25,6631.0,6632.0,485
2026-03-26 00:50:00,6632.0,6632.25,6627.5,6628.25,546
2026-03-26 00:55:00,6628.25,6628.75,6625.25,6626.5,794
2026-03-26 01:00:00,6626.5,6630.0,6625.75,6629.75,627
2026-03-26 01:05:00,6630.0,6630.5,6622.25,6622.75,914
2026-03-26 01:10:00,6622.5,6623.75,6620.0,6622.5,908
2026-03-26 01:15:00,6622.5,6623.75,6621.75,6623.0,468
2026-03-26 01:20:00,6623.0,6624.5,6619.75,6620.75,770
2026-03-26 01:25:00,6621.0,6621.0,6614.25,6616.75,1470
2026-03-26 01:30:00,6617.0,6619.0,6614.75,6619.0,996
2026-03-26 01:35:00,6618.75,6621.25,6617.25,6618.75,864
2026-03-26 01:40:00,6618.75,6621.25,6617.25,6617.5,600
2026-03-26 01:45:00,6617.25,6618.25,6615.0,6616.75,1465
2026-03-26 01:50:00,6616.75,6617.0,6612.75,6613.25,673
2026-03-26 01:55:00,6613.25,6614.5,6612.0,6613.0,512
2026-03-26 02:00:00,6613.0,6615.25,6609.75,6614.5,1075
2026-03-26 02:05:00,6614.75,6615.0,6610.75,6613.0,556
2026-03-26 02:10:00,6613.0,6613.75,6609.75,6611.25,770
2026-03-26 02:15:00,6611.25,6612.5,6608.0,6611.5,1091
2026-03-26 02:20:00,6611.5,6611.75,6609.25,6611.5,594
2026-03-26 02:25:00,6611.25,6619.5,6609.0,6618.5,1509
2026-03-26 02:30:00,6618.25,6620.25,6615.25,6617.25,1154
2026-03-26 02:35:00,6617.25,6620.0,6616.25,6618.5,600
2026-03-26 02:40:00,6618.5,6619.75,6614.75,6617.75,597
2026-03-26 02:45:00,6618.0,6619.25,6617.0,6618.75,343
2026-03-26 02:50:00,6618.75,6618.75,6615.5,6616.75,444
2026-03-26 02:55:00,6617.0,6620.75,6617.0,6620.0,424
2026-03-26 03:00:00,6620.0,6622.25,6615.75,6617.25,1216
2026-03-26 03:05:00,6617.25,6617.5,6608.75,6613.0,1863
2026-03-26 03:10:00,6613.25,6613.75,6610.5,6612.5,497
2026-03-26 03:15:00,6612.25,6613.5,6610.0,6611.75,522
2026-03-26 03:20:00,6611.75,6620.0,6600.0,6615.25,4116
2026-03-26 03:25:00,6615.25,6616.0,6611.25,6612.5,519
2026-03-26 03:30:00,6612.25,6612.5,6609.0,6611.25,493
2026-03-26 03:35:00,6611.5,6616.25,6611.0,6616.0,571
2026-03-26 03:40:00,6616.0,6617.5,6611.75,6613.0,590
2026-03-26 03:45:00,6613.25,6617.5,6613.25,6616.75,605
2026-03-26 03:50:00,6616.5,6617.5,6613.5,6615.0,654
2026-03-26 03:55:00,6615.25,6616.25,6613.25,6614.5,565
2026-03-26 04:00:00,6614.5,6619.25,6614.25,6617.5,1598
2026-03-26 04:05:00,6617.75,6622.75,6615.75,6616.75,2438
2026-03-26 04:10:00,6616.5,6617.5,6604.25,6605.5,1944
2026-03-26 04:15:00,6605.25,6610.75,6603.25,6605.0,2162
2026-03-26 04:20:00,6604.75,6608.25,6604.0,6605.5,1463
2026-03-26 04:25:00,6605.5,6608.25,6601.0,6601.75,1490
2026-03-26 04:30:00,6601.75,6606.75,6600.5,6605.0,2242
2026-03-26 04:35:00,6605.0,6607.0,6600.5,6602.25,1794
2026-03-26 04:40:00,6602.5,6605.75,6595.5,6596.25,2586
2026-03-26 04:45:00,6596.25,6600.75,6593.25,6594.5,2346
2026-03-26 04:50:00,6594.5,6600.25,6594.25,6599.0,1352
2026-03-26 04:55:00,6598.75,6604.5,6598.0,6602.0,1428
2026-03-26 05:00:00,6602.0,6602.75,6592.75,6598.5,2953
2026-03-26 05:05:00,6598.5,6603.0,6596.25,6598.5,2374
2026-03-26 05:10:00,6598.5,6603.5,6595.75,6596.5,1766
2026-03-26 05:15:00,6596.25,6596.75,6593.25,6595.0,1430
2026-03-26 05:20:00,6595.0,6597.5,6591.75,6592.25,1671
2026-03-26 05:25:00,6592.0,6595.0,6589.25,6591.25,2300
2026-03-26 05:30:00,6591.0,6591.0,6581.25,6584.5,4372
2026-03-26 05:35:00,6584.5,6588.25,6583.5,6585.5,1826
2026-03-26 05:40:00,6585.5,6589.75,6585.25,6587.5,1764
2026-03-26 05:45:00,6587.75,6590.25,6584.75,6585.5,2009
2026-03-26 05:50:00,6585.5,6591.75,6585.25,6591.0,1502
2026-03-26 05:55:00,6591.25,6593.25,6590.5,6590.75,1050
2026-03-26 06:00:00,6590.75,6595.0,6586.0,6592.75,1770
2026-03-26 06:05:00,6592.5,6600.25,6592.5,6596.0,2380
2026-03-26 06:10:00,6596.0,6597.75,6594.75,6597.5,975
2026-03-26 06:15:00,6597.75,6600.75,6594.75,6595.25,1644
2026-03-26 06:20:00,6595.25,6599.0,6594.75,6597.0,1338
2026-03-26 06:25:00,6597.25,6601.75,6596.0,6600.5,1486
2026-03-26 06:30:00,6600.25,6602.0,6598.75,6601.0,1138
2026-03-26 06:35:00,6601.25,6601.25,6592.0,6592.25,3183
2026-03-26 06:40:00,6592.5,6596.75,6589.75,6592.25,2857
2026-03-26 06:45:00,6592.0,6595.25,6591.5,6593.75,1390
2026-03-26 06:50:00,6593.75,6596.75,6592.25,6592.75,1250
2026-03-26 06:55:00,6593.0,6595.5,6593.0,6594.5,903
2026-03-26 07:00:00,6594.75,6597.25,6591.5,6595.5,1433
2026-03-26 07:05:00,6595.25,6598.5,6592.75,6597.75,1863
2026-03-26 07:10:00,6597.75,6598.0,6593.0,6593.5,948
2026-03-26 07:15:00,6593.5,6596.0,6593.0,6594.75,1212
2026-03-26 07:20:00,6594.75,6595.25,6591.5,6592.5,1038
2026-03-26 07:25:00,6592.75,6592.75,6585.5,6589.0,2833
2026-03-26 07:30:00,6589.0,6591.0,6585.25,6588.25,2139
2026-03-26 07:35:00,6588.5,6589.75,6585.25,6588.75,1185
2026-03-26 07:40:00,6588.75,6589.5,6584.25,6585.5,1455
2026-03-26 07:45:00,6585.5,6587.75,6583.5,6584.0,1541
2026-03-26 07:50:00,6584.0,6587.75,6582.75,6586.5,1887
2026-03-26 07:55:00,6586.5,6586.5,6578.75,6579.5,2822
2026-03-26 08:00:00,6579.75,6581.0,6574.25,6578.75,3887
2026-03-26 08:05:00,6578.75,6587.75,6578.75,6587.0,3639
2026-03-26 08:10:00,6587.0,6593.0,6586.75,6591.25,2934
2026-03-26 08:15:00,6591.5,6593.5,6589.25,6590.25,1565
2026-03-26 08:20:00,6590.25,6591.5,6588.25,6588.75,1510
2026-03-26 08:25:00,6589.0,6590.25,6587.5,6589.25,2247
2026-03-26 08:30:00,6588.75,6588.75,6578.75,6579.25,3884
2026-03-26 08:35:00,6579.25,6581.75,6575.5,6581.5,4470
2026-03-26 08:40:00,6581.25,6582.75,6577.5,6579.75,2552
2026-03-26 08:45:00,6579.75,6586.0,6579.75,6582.5,3008
2026-03-26 08:50:00,6582.25,6585.75,6581.25,6583.25,2166
2026-03-26 08:55:00,6583.0,6587.0,6582.5,6586.25,3225
2026-03-26 09:00:00,6586.0,6591.0,6585.75,6588.0,5268
2026-03-26 09:05:00,6588.0,6589.0,6585.5,6588.25,2959
2026-03-26 09:10:00,6588.0,6593.25,6586.25,6589.75,4399
2026-03-26 09:15:00,6589.75,6596.25,6587.75,6593.0,5049
2026-03-26 09:20:00,6593.0,6594.25,6589.75,6590.0,2870
2026-03-26 09:25:00,6590.0,6594.5,6588.5,6593.25,5806
2026-03-26 09:30:00,6593.0,6594.0,6582.75,6589.0,35662
2026-03-26 09:35:00,6589.25,6590.25,6580.25,6580.75,24179
2026-03-26 09:40:00,6580.5,6603.5,6579.75,6603.25,23621
2026-03-26 09:45:00,6603.25,6613.75,6602.0,6607.0,33031
2026-03-26 09:50:00,6607.0,6619.5,6605.25,6617.5,28185
2026-03-26 09:55:00,6617.75,6619.0,6601.0,6617.75,31501
2026-03-26 10:00:00,6618.25,6620.25,6611.0,6613.0,18820
2026-03-26 10:05:00,6612.75,6621.25,6608.25,6612.5,21466
2026-03-26 10:10:00,6612.25,6617.75,6606.75,6617.75,14158
2026-03-26 10:15:00,6617.5,6622.0,6612.0,6613.0,14641
2026-03-26 10:20:00,6613.0,6620.5,6610.25,6615.75,13432
2026-03-26 10:25:00,6615.5,6617.75,6608.75,6609.25,12206
2026-03-26 10:30:00,6609.25,6617.75,6609.0,6616.25,13181
2026-03-26 10:35:00,6616.5,6616.75,6607.5,6610.75,14210
2026-03-26 10:40:00,6610.75,6622.0,6597.0,6599.25,34213
2026-03-26 10:45:00,6599.25,6604.5,6594.5,6598.0,21031
2026-03-26 10:50:00,6598.0,6601.0,6586.5,6586.75,21798
2026-03-26 10:55:00,6586.75,6597.0,6580.75,6594.5,31300
2026-03-26 11:00:00,6594.75,6599.5,6593.0,6594.0,17394
2026-03-26 11:05:00,6593.75,6602.0,6592.25,6595.0,21757
2026-03-26 11:10:00,6595.0,6600.5,6594.75,6595.0,8803
2026-03-26 11:15:00,6595.25,6597.0,6588.5,6591.5,11530
2026-03-26 11:20:00,6591.25,6595.25,6590.0,6593.0,10304
2026-03-26 11:25:00,6593.0,6594.5,6589.0,6589.5,11481
2026-03-26 11:30:00,6589.5,6589.5,6581.25,6585.25,14000
2026-03-26 11:35:00,6585.5,6590.5,6584.5,6589.0,11196
2026-03-26 11:40:00,6588.75,6590.75,6583.25,6584.75,9572
2026-03-26 11:45:00,6585.0,6595.5,6582.5,6588.5,22496
2026-03-26 11:50:00,6588.5,6593.75,6586.75,6591.25,11041
2026-03-26 11:55:00,6591.0,6591.5,6585.0,6587.75,10699
2026-03-26 12:00:00,6587.5,6589.25,6583.25,6584.75,8082
2026-03-26 12:05:00,6584.5,6589.5,6583.0,6586.75,10482
2026-03-26 12:10:00,6586.75,6588.5,6580.75,6585.75,9666
2026-03-26 12:15:00,6585.5,6585.5,6570.5,6580.5,22083
2026-03-26 12:20:00,6580.75,6580.75,6570.25,6575.75,13490
2026-03-26 12:25:00,6575.75,6576.75,6564.75,6566.75,19619
2026-03-26 12:30:00,6567.0,6567.25,6560.75,6566.0,18132
2026-03-26 12:35:00,6566.0,6568.75,6562.5,6563.0,12250
2026-03-26 12:40:00,6563.0,6568.5,6562.25,6567.0,9613
2026-03-26 12:45:00,6567.0,6569.0,6561.25,6563.25,9622
2026-03-26 12:50:00,6563.25,6567.75,6561.5,6566.75,11485
2026-03-26 12:55:00,6566.75,6569.5,6565.0,6568.5,8331
2026-03-26 13:00:00,6568.5,6573.0,6565.75,6566.5,11706
2026-03-26 13:05:00,6566.25,6569.25,6565.75,6567.5,6971
2026-03-26 13:10:00,6567.25,6567.25,6561.5,6561.75,7519
2026-03-26 13:15:00,6561.75,6565.0,6561.0,6563.5,8794
2026-03-26 13:20:00,6563.75,6563.75,6554.0,6555.0,13242
2026-03-26 13:25:00,6555.25,6558.25,6551.5,6558.0,13943
2026-03-26 13:30:00,6557.75,6561.5,6554.25,6561.5,10220
2026-03-26 13:35:00,6561.5,6562.75,6556.5,6557.0,7658
2026-03-26 13:40:00,6557.0,6557.0,6550.0,6551.25,9995
2026-03-26 13:45:00,6551.25,6552.75,6547.5,6547.5,11316
2026-03-26 13:50:00,6547.5,6547.75,6542.25,6543.0,13671
2026-03-26 13:55:00,6543.0,6543.75,6536.0,6538.25,13768
2026-03-26 14:00:00,6538.25,6547.25,6538.0,6543.75,18232
2026-03-26 14:05:00,6543.75,6546.0,6541.25,6544.75,10599
2026-03-26 14:10:00,6545.0,6545.5,6540.5,6542.25,8962
2026-03-26 14:15:00,6542.5,6542.75,6539.0,6540.25,7823
2026-03-26 14:20:00,6540.25,6543.75,6537.0,6542.5,8808
2026-03-26 14:25:00,6542.75,6544.25,6536.25,6537.75,10650
2026-03-26 14:30:00,6537.75,6544.0,6537.75,6543.25,10039
2026-03-26 14:35:00,6543.5,6546.5,6541.75,6545.75,10047
2026-03-26 14:40:00,6545.75,6547.25,6540.25,6543.25,10109
2026-03-26 14:45:00,6543.25,6547.25,6540.75,6546.5,10101
2026-03-26 14:50:00,6546.25,6548.5,6544.75,6547.25,9607
2026-03-26 14:55:00,6547.0,6547.0,6542.5,6546.25,7476
2026-03-26 15:00:00,6546.25,6547.25,6538.25,6538.75,10766
2026-03-26 15:05:00,6539.0,6539.5,6530.75,6534.0,14215
2026-03-26 15:10:00,6534.25,6535.25,6530.5,6534.25,13464
2026-03-26 15:15:00,6534.25,6538.75,6533.75,6537.5,11803
2026-03-26 15:20:00,6537.25,6537.75,6532.5,6533.0,8801
2026-03-26 15:25:00,6532.75,6534.25,6530.0,6534.0,10052
2026-03-26 15:30:00,6534.0,6534.5,6526.0,6529.0,14012
2026-03-26 15:35:00,6529.25,6533.0,6528.0,6530.25,12468
2026-03-26 15:40:00,6530.0,6532.5,6525.75,6526.75,11902
2026-03-26 15:45:00,6527.0,6529.5,6525.25,6529.0,14910
2026-03-26 15:50:00,6529.25,6530.5,6521.5,6522.25,23002
2026-03-26 15:55:00,6522.0,6527.5,6520.25,6523.0,87908
2026-03-26 16:00:00,6523.0,6525.5,6517.0,6520.25,28272
2026-03-26 16:05:00,6520.25,6525.75,6520.25,6525.0,7097
2026-03-26 16:10:00,6525.25,6597.25,6524.25,6554.25,48710
2026-03-26 16:15:00,6554.25,6561.5,6543.75,6545.5,18441
2026-03-26 16:20:00,6545.75,6550.25,6540.0,6543.25,8205
2026-03-26 16:25:00,6543.0,6546.5,6531.75,6546.25,8856
2026-03-26 16:30:00,6546.5,6551.5,6543.75,6547.0,4819
2026-03-26 16:35:00,6546.75,6554.5,6546.75,6553.25,4062
2026-03-26 16:40:00,6553.0,6553.5,6547.75,6549.5,3016
2026-03-26 16:45:00,6549.25,6550.25,6546.5,6547.25,2352
2026-03-26 16:50:00,6547.25,6547.75,6541.25,6542.0,2452
2026-03-26 16:55:00,6542.25,6543.75,6533.75,6535.5,4115
2026-03-26 18:00:00,6536.0,6543.25,6536.0,6540.75,2139
2026-03-26 18:05:00,6540.5,6542.75,6537.5,6539.5,643
2026-03-26 18:10:00,6539.75,6546.5,6539.75,6545.75,897
2026-03-26 18:15:00,6546.0,6547.75,6543.75,6544.25,755
2026-03-26 18:20:00,6544.25,6547.0,6543.75,6546.5,403
2026-03-26 18:25:00,6546.25,6546.25,6537.25,6543.5,920
2026-03-26 18:30:00,6543.0,6545.5,6539.75,6543.5,656
2026-03-26 18:35:00,6543.75,6547.0,6540.75,6546.25,817
2026-03-26 18:40:00,6546.25,6549.5,6543.0,6544.0,1073
2026-03-26 18:45:00,6544.0,6546.25,6541.5,6544.75,624
2026-03-26 18:50:00,6545.5,6549.75,6545.25,6549.0,958
2026-03-26 18:55:00,6548.75,6551.0,6545.25,6547.0,862
2026-03-26 19:00:00,6546.75,6549.5,6546.25,6548.5,314
2026-03-26 19:05:00,6548.75,6548.75,6544.75,6545.0,394
2026-03-26 19:10:00,6544.75,6546.5,6542.5,6544.75,545
2026-03-26 19:15:00,6544.75,6548.0,6542.0,6547.75,485
2026-03-26 19:20:00,6547.75,6548.0,6542.25,6543.25,599
2026-03-26 19:25:00,6543.0,6544.25,6542.0,6543.75,305
2026-03-26 19:30:00,6543.75,6548.0,6543.75,6548.0,658
2026-03-26 19:35:00,6547.75,6552.0,6547.5,6550.0,743
2026-03-26 19:40:00,6550.0,6551.5,6548.75,6550.5,357
2026-03-26 19:45:00,6550.25,6552.75,6549.25,6551.5,648
2026-03-26 19:50:00,6551.25,6554.0,6550.75,6552.0,973
2026-03-26 19:55:00,6552.0,6552.0,6549.75,6551.5,690
2026-03-26 20:00:00,6551.5,6557.75,6551.25,6556.25,1576
2026-03-26 20:05:00,6556.25,6558.0,6553.5,6558.0,839
2026-03-26 20:10:00,6557.75,6558.0,6551.5,6552.0,1160
2026-03-26 20:15:00,6552.0,6552.25,6546.75,6547.5,1541
2026-03-26 20:20:00,6547.5,6549.25,6538.0,6543.75,4049
2026-03-26 20:25:00,6543.75,6543.75,6537.25,6541.5,1274
2026-03-26 20:30:00,6541.5,6544.0,6538.0,6540.75,1194
2026-03-26 20:35:00,6540.0,6541.5,6536.0,6538.5,955
2026-03-26 20:40:00,6538.25,6540.25,6534.75,6536.5,798
2026-03-26 20:45:00,6536.75,6537.5,6534.25,6536.75,1155
2026-03-26 20:50:00,6536.5,6538.5,6534.75,6537.0,934
2026-03-26 20:55:00,6536.75,6540.0,6536.5,6537.0,856
2026-03-26 21:00:00,6537.0,6540.0,6534.25,6538.75,1232
2026-03-26 21:05:00,6538.75,6542.0,6538.75,6541.0,1016
2026-03-26 21:10:00,6541.0,6546.0,6541.0,6544.25,1456
2026-03-26 21:15:00,6544.5,6547.5,6542.5,6543.5,880
2026-03-26 21:20:00,6543.25,6545.25,6542.0,6544.75,620
2026-03-26 21:25:00,6545.0,6548.75,6543.75,6547.5,628
2026-03-26 21:30:00,6547.75,6549.5,6546.75,6547.5,984
2026-03-26 21:35:00,6547.5,6549.0,6545.75,6546.25,818
2026-03-26 21:40:00,6546.5,6548.25,6545.5,6546.25,1616
2026-03-26 21:45:00,6546.25,6546.75,6542.5,6545.25,916
2026-03-26 21:50:00,6545.25,6545.5,6543.75,6545.0,412
2026-03-26 21:55:00,6545.25,6547.5,6545.25,6547.5,388
2026-03-26 22:00:00,6547.75,6550.5,6547.75,6549.25,2812
2026-03-26 22:05:00,6549.0,6549.0,6547.0,6548.0,1026
2026-03-26 22:10:00,6548.25,6548.5,6546.5,6546.75,687
2026-03-26 22:15:00,6546.75,6546.75,6544.25,6546.0,1073
2026-03-26 22:20:00,6545.75,6545.75,6540.75,6543.25,1013
2026-03-26 22:25:00,6543.0,6544.75,6541.25,6544.25,688
2026-03-26 22:30:00,6544.25,6548.0,6543.0,6548.0,805
2026-03-26 22:35:00,6547.75,6548.5,6544.5,6545.75,471
2026-03-26 22:40:00,6546.0,6546.0,6543.75,6544.25,406
2026-03-26 22:45:00,6544.25,6546.5,6541.75,6543.0,779
2026-03-26 22:50:00,6543.0,6544.0,6542.0,6543.25,342
2026-03-26 22:55:00,6543.5,6543.75,6541.0,6541.75,294
2026-03-26 23:00:00,6541.75,6544.5,6541.75,6542.75,509
2026-03-26 23:05:00,6542.75,6542.75,6538.25,6540.0,680
2026-03-26 23:10:00,6540.25,6543.0,6539.0,6540.5,483
2026-03-26 23:15:00,6540.25,6541.25,6539.0,6540.0,346
2026-03-26 23:20:00,6540.25,6540.5,6539.25,6539.25,251
2026-03-26 23:25:00,6539.25,6541.25,6538.75,6540.5,297
2026-03-26 23:30:00,6540.75,6544.25,6540.75,6544.0,578
2026-03-26 23:35:00,6543.75,6550.0,6543.75,6549.5,1014
2026-03-26 23:40:00,6549.75,6550.5,6548.5,6548.75,673
2026-03-26 23:45:00,6549.0,6550.0,6547.25,6548.5,576
2026-03-26 23:50:00,6548.5,6551.0,6548.25,6550.5,407
2026-03-26 23:55:00,6550.25,6552.25,6549.5,6551.5,545
2026-03-27 00:00:00,6551.5,6551.5,6549.25,6549.5,461
2026-03-27 00:05:00,6549.5,6550.0,6548.0,6548.5,360
2026-03-27 00:10:00,6548.75,6550.5,6548.75,6549.5,314
2026-03-27 00:15:00,6549.5,6551.25,6549.5,6551.25,265
2026-03-27 00:20:00,6551.0,6553.0,6550.75,6550.75,669
2026-03-27 00:25:00,6550.75,6552.25,6549.75,6551.25,701
2026-03-27 00:30:00,6551.25,6553.25,6550.75,6553.0,395
2026-03-27 00:35:00,6552.75,6554.0,6552.0,6553.75,529
2026-03-27 00:40:00,6553.5,6554.0,6552.75,6553.0,371
2026-03-27 00:45:00,6553.0,6555.0,6553.0,6554.0,406
2026-03-27 00:50:00,6554.0,6554.5,6552.75,6553.75,313
2026-03-27 00:55:00,6553.75,6556.75,6553.75,6555.5,636
2026-03-27 01:00:00,6555.5,6557.25,6555.5,6556.5,655
2026-03-27 01:05:00,6556.5,6561.75,6556.5,6561.0,1804
2026-03-27 01:10:00,6560.75,6568.0,6560.5,6567.25,3281
2026-03-27 01:15:00,6567.0,6568.5,6564.75,6565.25,1724
2026-03-27 01:20:00,6565.0,6565.0,6560.25,6560.75,869
2026-03-27 01:25:00,6560.5,6562.25,6558.75,6561.75,806
2026-03-27 01:30:00,6562.0,6563.0,6559.75,6560.5,614
2026-03-27 01:35:00,6560.75,6562.5,6559.0,6562.0,665
2026-03-27 01:40:00,6562.0,6563.5,6560.75,6561.0,700
2026-03-27 01:45:00,6560.75,6563.75,6560.5,6562.0,590
2026-03-27 01:50:00,6562.0,6563.0,6561.25,6562.0,532
2026-03-27 01:55:00,6562.25,6563.0,6559.25,6559.5,681
2026-03-27 02:00:00,6559.75,6560.25,6556.25,6557.0,1087
2026-03-27 02:05:00,6557.0,6561.0,6557.0,6559.5,1040
2026-03-27 02:10:00,6559.75,6562.25,6557.75,6561.0,1185
2026-03-27 02:15:00,6561.0,6564.75,6561.0,6564.0,1306
2026-03-27 02:20:00,6564.0,6567.0,6563.5,6566.5,1331
2026-03-27 02:25:00,6566.75,6566.75,6564.0,6564.25,1558
2026-03-27 02:30:00,6564.25,6564.75,6558.0,6558.25,1327
2026-03-27 02:35:00,6558.25,6560.0,6557.0,6557.75,635
2026-03-27 02:40:00,6557.75,6560.25,6557.75,6558.0,580
2026-03-27 02:45:00,6557.75,6558.5,6553.5,6554.5,803
2026-03-27 02:50:00,6554.25,6555.25,6552.0,6555.0,726
2026-03-27 02:55:00,6554.75,6555.25,6553.5,6554.5,361
2026-03-27 03:00:00,6554.5,6554.75,6551.5,6552.5,1109
2026-03-27 03:05:00,6552.75,6553.25,6547.25,6549.75,914
2026-03-27 03:10:00,6549.75,6552.25,6548.0,6549.75,674
2026-03-27 03:15:00,6549.75,6549.75,6547.5,6548.25,421
2026-03-27 03:20:00,6548.5,6549.5,6545.5,6546.25,647
2026-03-27 03:25:00,6546.25,6547.75,6542.5,6543.0,1026
2026-03-27 03:30:00,6543.25,6544.75,6541.75,6544.0,1024
2026-03-27 03:35:00,6544.0,6547.25,6543.0,6544.75,832
2026-03-27 03:40:00,6545.0,6546.5,6542.25,6545.5,985
2026-03-27 03:45:00,6545.25,6550.0,6544.5,6548.75,1254
2026-03-27 03:50:00,6548.75,6549.5,6543.5,6545.75,881
2026-03-27 03:55:00,6545.75,6547.5,6545.25,6546.75,647
2026-03-27 04:00:00,6546.5,6551.75,6538.0,6542.25,5098
2026-03-27 04:05:00,6542.25,6542.75,6534.5,6536.75,2500
2026-03-27 04:10:00,6537.0,6540.75,6535.5,6538.25,1912
2026-03-27 04:15:00,6538.25,6540.5,6531.25,6532.5,2892
2026-03-27 04:20:00,6532.25,6537.5,6530.0,6532.0,2308
2026-03-27 04:25:00,6531.75,6533.0,6527.5,6528.75,2066
2026-03-27 04:30:00,6528.75,6534.75,6528.75,6531.5,2231
2026-03-27 04:35:00,6531.75,6533.0,6524.25,6524.5,2634
2026-03-27 04:40:00,6524.75,6528.5,6523.25,6527.5,3041
2026-03-27 04:45:00,6527.25,6529.75,6524.75,6526.25,1427
2026-03-27 04:50:00,6526.25,6530.0,6522.5,6525.0,1670
2026-03-27 04:55:00,6525.25,6525.75,6522.25,6523.5,1738
2026-03-27 05:00:00,6523.5,6526.25,6517.5,6518.0,4753
2026-03-27 05:05:00,6517.75,6519.0,6511.25,6511.75,4048
2026-03-27 05:10:00,6511.75,6520.0,6508.75,6516.5,3208
2026-03-27 05:15:00,6516.75,6524.25,6515.5,6522.5,2284
2026-03-27 05:20:00,6522.5,6524.75,6518.0,6521.0,2842
2026-03-27 05:25:00,6521.0,6529.25,6521.0,6526.75,2335
2026-03-27 05:30:00,6526.75,6532.0,6524.0,6528.75,1815
2026-03-27 05:35:00,6528.75,6529.5,6522.75,6524.75,1805
2026-03-27 05:40:00,6525.0,6526.5,6522.5,6525.5,1196
2026-03-27 05:45:00,6525.5,6525.5,6515.75,6517.25,2121
2026-03-27 05:50:00,6517.5,6520.75,6516.5,6517.5,1253
2026-03-27 05:55:00,6517.5,6518.75,6513.5,6515.25,1885
2026-03-27 06:00:00,6515.5,6517.5,6511.75,6514.75,2425
2026-03-27 06:05:00,6514.75,6522.5,6514.5,6519.25,1707
2026-03-27 06:10:00,6518.75,6518.75,6513.5,6514.5,1515
2026-03-27 06:15:00,6514.5,6518.5,6514.0,6515.75,826
2026-03-27 06:20:00,6516.0,6517.25,6512.75,6515.5,1238
2026-03-27 06:25:00,6515.5,6519.0,6513.25,6514.25,1488
2026-03-27 06:30:00,6514.25,6516.75,6510.0,6512.75,1637
2026-03-27 06:35:00,6512.5,6512.75,6504.5,6505.0,2685
2026-03-27 06:40:00,6505.5,6507.75,6501.75,6505.5,3196
2026-03-27 06:45:00,6505.5,6506.0,6501.25,6502.5,3721
2026-03-27 06:50:00,6502.5,6503.75,6500.0,6502.75,2870
2026-03-27 06:55:00,6502.5,6502.5,6494.5,6497.75,3924
2026-03-27 07:00:00,6498.0,6499.75,6490.75,6493.0,4640
2026-03-27 07:05:00,6493.25,6495.0,6489.25,6493.75,2648
2026-03-27 07:10:00,6493.75,6496.0,6491.75,6493.25,2377
2026-03-27 07:15:00,6493.25,6496.75,6492.25,6495.25,3323
2026-03-27 07:20:00,6495.25,6498.0,6494.25,6496.5,1922
2026-03-27 07:25:00,6496.5,6499.75,6494.5,6499.5,1635
2026-03-27 07:30:00,6499.5,6501.5,6496.75,6498.5,2058
2026-03-27 07:35:00,6498.75,6500.0,6495.25,6497.25,2492
2026-03-27 07:40:00,6497.0,6501.75,6496.75,6500.75,1789
2026-03-27 07:45:00,6500.75,6506.75,6499.75,6506.5,2881
2026-03-27 07:50:00,6506.25,6507.5,6501.0,6507.0,3011
2026-03-27 07:55:00,6507.0,6508.5,6500.5,6502.0,2698
2026-03-27 08:00:00,6501.75,6503.5,6495.5,6496.75,4546
2026-03-27 08:05:00,6496.75,6496.75,6491.25,6492.5,3429
2026-03-27 08:10:00,6492.75,6496.5,6490.5,6494.75,1950
2026-03-27 08:15:00,6494.75,6501.0,6494.0,6498.25,2013
2026-03-27 08:20:00,6498.0,6498.25,6493.75,6498.25,2116
2026-03-27 08:25:00,6498.25,6500.25,6496.25,6498.5,1781
2026-03-27 08:30:00,6498.5,6500.0,6492.75,6494.25,3833
2026-03-27 08:35:00,6494.25,6496.0,6491.0,6495.5,2742
2026-03-27 08:40:00,6495.5,6498.0,6491.5,6495.0,3084
2026-03-27 08:45:00,6495.25,6496.5,6486.75,6488.75,5345
2026-03-27 08:50:00,6489.0,6495.5,6487.25,6493.0,3071
2026-03-27 08:55:00,6493.25,6493.5,6488.5,6490.5,3194
2026-03-27 09:00:00,6490.75,6492.5,6482.75,6487.75,7574
2026-03-27 09:05:00,6487.5,6487.75,6481.5,6483.75,5206
2026-03-27 09:10:00,6484.0,6484.75,6479.5,6482.75,6791
2026-03-27 09:15:00,6482.75,6488.25,6482.0,6486.75,5675
2026-03-27 09:20:00,6486.75,6493.0,6486.75,6492.0,5494
2026-03-27 09:25:00,6492.0,6496.75,6491.25,6494.5,8310
2026-03-27 09:30:00,6494.75,6495.75,6472.0,6473.5,43845
2026-03-27 09:35:00,6473.5,6481.75,6466.25,6478.5,33077
2026-03-27 09:40:00,6478.5,6484.0,6474.0,6479.25,21819
2026-03-27 09:45:00,6479.5,6493.5,6478.75,6487.5,25519
2026-03-27 09:50:00,6487.5,6489.25,6467.75,6468.5,21637
2026-03-27 09:55:00,6468.75,6468.75,6454.0,6458.5,26821
2026-03-27 10:00:00,6458.5,6466.5,6454.75,6463.25,28848
2026-03-27 10:05:00,6463.5,6465.75,6455.25,6456.75,22201
2026-03-27 10:10:00,6457.0,6468.5,6456.5,6465.75,23331
2026-03-27 10:15:00,6465.75,6476.25,6464.0,6474.0,24068
2026-03-27 10:20:00,6474.0,6477.0,6462.75,6466.5,23058
2026-03-27 10:25:00,6466.5,6472.25,6459.25,6459.5,17719
2026-03-27 10:30:00,6459.5,6465.75,6458.75,6464.75,16033
2026-03-27 10:35:00,6464.75,6466.0,6455.5,6457.0,12864
2026-03-27 10:40:00,6457.0,6461.25,6455.75,6459.25,12009
2026-03-27 10:45:00,6459.5,6471.0,6451.75,6470.75,21952
2026-03-27 10:50:00,6470.75,6474.25,6463.0,6464.0,18589
2026-03-27 10:55:00,6464.25,6472.75,6463.75,6470.5,11981
2026-03-27 11:00:00,6470.5,6477.5,6468.0,6475.75,16965
2026-03-27 11:05:00,6476.0,6481.25,6468.5,6470.0,18016
2026-03-27 11:10:00,6470.25,6471.75,6464.5,6466.25,13149
2026-03-27 11:15:00,6466.0,6467.25,6459.0,6461.25,20125
2026-03-27 11:20:00,6461.5,6483.75,6457.75,6471.0,31253
2026-03-27 11:25:00,6470.75,6478.75,6468.75,6478.25,17757
2026-03-27 11:30:00,6478.25,6488.5,6475.5,6486.5,21688
2026-03-27 11:35:00,6486.5,6490.25,6478.5,6480.0,18488
2026-03-27 11:40:00,6480.0,6480.25,6470.0,6475.5,14726
2026-03-27 11:45:00,6475.5,6480.5,6474.25,6479.5,8860
2026-03-27 11:50:00,6479.5,6483.0,6475.5,6477.25,10962
2026-03-27 11:55:00,6477.25,6478.5,6469.5,6471.25,13178
2026-03-27 12:00:00,6471.5,6473.0,6466.25,6468.5,13387
2026-03-27 12:05:00,6468.25,6469.0,6460.0,6460.25,14070
2026-03-27 12:10:00,6460.25,6463.75,6457.0,6463.5,12656
2026-03-27 12:15:00,6463.5,6464.25,6458.5,6460.25,9289
2026-03-27 12:20:00,6460.0,6464.25,6458.25,6458.75,10499
2026-03-27 12:25:00,6458.75,6459.25,6454.0,6457.5,14560
2026-03-27 12:30:00,6457.25,6459.0,6455.75,6456.5,10744
2026-03-27 12:35:00,6456.25,6457.25,6450.25,6451.5,15259
2026-03-27 12:40:00,6451.5,6457.25,6448.75,6454.5,13450
2026-03-27 12:45:00,6454.25,6464.25,6452.75,6463.25,16750
2026-03-27 12:50:00,6463.25,6464.75,6456.5,6457.5,11556
2026-03-27 12:55:00,6457.5,6458.75,6454.5,6455.5,7129
2026-03-27 13:00:00,6455.5,6456.75,6449.5,6453.0,15305
2026-03-27 13:05:00,6453.0,6468.0,6449.75,6456.75,27750
2026-03-27 13:10:00,6456.5,6457.5,6449.5,6452.25,10627
2026-03-27 13:15:00,6452.5,6453.25,6445.75,6447.0,9948
2026-03-27 13:20:00,6447.25,6447.25,6441.25,6444.0,12067
2026-03-27 13:25:00,6444.0,6444.0,6434.0,6434.25,16794
2026-03-27 13:30:00,6434.25,6440.25,6434.25,6439.5,16000
2026-03-27 13:35:00,6439.25,6440.5,6436.75,6437.75,8887
2026-03-27 13:40:00,6437.75,6438.25,6431.5,6432.75,9981
2026-03-27 13:45:00,6432.75,6436.5,6431.75,6432.25,10543
2026-03-27 13:50:00,6432.0,6433.75,6430.25,6432.0,8502
2026-03-27 13:55:00,6432.0,6433.25,6427.5,6429.5,11492
2026-03-27 14:00:00,6429.5,6431.0,6426.5,6426.75,10752
2026-03-27 14:05:00,6427.0,6429.25,6421.75,6422.25,12826
2026-03-27 14:10:00,6422.25,6424.25,6419.25,6423.25,16897
2026-03-27 14:15:00,6423.25,6429.5,6421.25,6429.0,21611
2026-03-27 14:20:00,6429.0,6431.5,6423.75,6425.0,16101
2026-03-27 14:25:00,6425.0,6428.5,6423.25,6425.75,12396
2026-03-27 14:30:00,6425.5,6427.75,6423.75,6426.0,12744
2026-03-27 14:35:00,6426.25,6428.5,6423.25,6425.5,9544
2026-03-27 14:40:00,6425.75,6435.25,6422.5,6427.75,22928
2026-03-27 14:45:00,6427.75,6429.5,6424.25,6424.75,11254
2026-03-27 14:50:00,6424.5,6426.5,6419.75,6421.5,12248
2026-03-27 14:55:00,6421.5,6423.0,6420.0,6421.5,10011
2026-03-27 15:00:00,6421.5,6424.75,6414.75,6415.25,15241
2026-03-27 15:05:00,6415.25,6417.0,6412.5,6414.5,14216
2026-03-27 15:10:00,6414.5,6419.25,6412.5,6418.0,13720
2026-03-27 15:15:00,6418.0,6423.75,6416.75,6421.75,15426
2026-03-27 15:20:00,6421.5,6421.5,6416.25,6419.25,13472
2026-03-27 15:25:00,6419.0,6419.25,6414.25,6416.0,11718
2026-03-27 15:30:00,6416.0,6421.0,6414.75,6420.5,15111
2026-03-27 15:35:00,6420.5,6421.0,6415.0,6415.25,13514
2026-03-27 15:40:00,6415.25,6415.5,6407.25,6409.0,23566
2026-03-27 15:45:00,6408.75,6409.25,6399.75,6406.0,30930
2026-03-27 15:50:00,6405.75,6410.25,6398.25,6408.0,43075
2026-03-27 15:55:00,6407.75,6419.25,6407.0,6407.25,111658
2026-03-27 16:00:00,6407.25,6412.25,6399.5,6402.75,46113
2026-03-27 16:05:00,6402.5,6405.75,6401.25,6402.75,10165
2026-03-27 16:10:00,6402.75,6404.5,6400.0,6402.25,8327
2026-03-27 16:15:00,6402.25,6402.75,6395.25,6397.25,5844
2026-03-27 16:20:00,6397.25,6397.75,6389.0,6395.75,7356
2026-03-27 16:25:00,6395.5,6397.75,6393.5,6397.5,4149
2026-03-27 16:30:00,6397.25,6398.75,6393.75,6394.75,2410
2026-03-27 16:35:00,6394.75,6398.5,6394.75,6397.0,2229
2026-03-27 16:40:00,6397.0,6400.75,6395.5,6398.0,4859
2026-03-27 16:45:00,6398.0,6399.75,6396.25,6399.25,2196
2026-03-27 16:50:00,6399.25,6401.0,6398.0,6400.5,2335
2026-03-27 16:55:00,6400.25,6401.0,6396.75,6398.0,3028
2026-03-29 18:00:00,6380.0,6388.25,6366.0,6373.0,8812
2026-03-29 18:05:00,6373.0,6375.25,6364.25,6369.5,4076
2026-03-29 18:10:00,6369.75,6378.25,6368.0,6377.5,2239
2026-03-29 18:15:00,6377.25,6379.5,6375.75,6377.0,1814
2026-03-29 18:20:00,6377.0,6387.5,6376.5,6383.25,2389
2026-03-29 18:25:00,6383.25,6384.5,6377.5,6382.0,1375
2026-03-29 18:30:00,6382.0,6384.5,6381.75,6383.0,688
2026-03-29 18:35:00,6383.0,6385.5,6379.0,6381.0,1171
2026-03-29 18:40:00,6381.25,6382.0,6372.0,6372.0,1422
2026-03-29 18:45:00,6372.5,6374.75,6367.75,6374.75,1660
2026-03-29 18:50:00,6374.5,6378.5,6372.0,6376.75,1250
2026-03-29 18:55:00,6377.0,6383.5,6377.0,6382.5,1299
2026-03-29 19:00:00,6382.25,6387.0,6381.5,6384.75,1625
2026-03-29 19:05:00,6384.75,6386.0,6375.25,6376.5,1690
2026-03-29 19:10:00,6376.5,6377.25,6374.0,6375.5,1180
2026-03-29 19:15:00,6375.5,6377.75,6374.5,6376.25,466
2026-03-29 19:20:00,6376.25,6379.5,6373.75,6374.25,931
2026-03-29 19:25:00,6374.25,6375.75,6373.0,6374.75,826
2026-03-29 19:30:00,6374.5,6375.0,6367.0,6370.0,1493
2026-03-29 19:35:00,6370.5,6373.75,6369.25,6373.25,1538
2026-03-29 19:40:00,6373.25,6375.25,6370.0,6371.5,994
2026-03-29 19:45:00,6371.75,6374.5,6364.75,6369.0,2407
2026-03-29 19:50:00,6369.25,6373.5,6365.5,6370.75,1516
2026-03-29 19:55:00,6371.0,6372.25,6363.0,6367.75,2457
2026-03-29 20:00:00,6367.75,6371.5,6360.25,6362.75,2823
2026-03-29 20:05:00,6363.0,6373.5,6363.0,6367.5,2746
2026-03-29 20:10:00,6367.25,6370.75,6365.5,6368.0,1777
2026-03-29 20:15:00,6368.0,6390.5,6363.75,6389.75,6184
2026-03-29 20:20:00,6389.5,6394.0,6379.0,6382.25,5003
2026-03-29 20:25:00,6382.25,6395.0,6381.25,6385.25,4829
2026-03-29 20:30:00,6385.5,6389.25,6381.5,6385.75,2268
2026-03-29 20:35:00,6385.75,6386.75,6374.25,6374.25,3186
2026-03-29 20:40:00,6374.5,6375.25,6368.25,6371.0,2788
2026-03-29 20:45:00,6371.0,6374.5,6369.75,6373.0,1287
2026-03-29 20:50:00,6372.75,6373.5,6363.0,6366.5,2191
2026-03-29 20:55:00,6366.5,6371.5,6364.5,6370.75,1332
2026-03-29 21:00:00,6370.5,6376.25,6370.0,6370.75,2241
2026-03-29 21:05:00,6371.0,6375.25,6370.75,6374.25,1462
2026-03-29 21:10:00,6374.5,6379.5,6371.5,6373.25,1676
2026-03-29 21:15:00,6373.5,6376.25,6368.25,6371.5,1360
2026-03-29 21:20:00,6371.75,6372.75,6369.5,6369.75,1179
2026-03-29 21:25:00,6369.75,6376.0,6369.25,6375.5,1448
2026-03-29 21:30:00,6375.5,6382.25,6374.5,6380.75,2788
2026-03-29 21:35:00,6380.75,6382.0,6376.75,6379.25,1345
2026-03-29 21:40:00,6379.0,6383.75,6378.5,6383.5,2183
2026-03-29 21:45:00,6383.75,6384.5,6382.5,6383.25,1079
2026-03-29 21:50:00,6383.25,6384.5,6381.0,6382.0,896
2026-03-29 21:55:00,6382.0,6385.75,6382.0,6384.25,1621
2026-03-29 22:00:00,6384.5,6387.5,6383.25,6384.75,1689
2026-03-29 22:05:00,6385.25,6389.75,6384.0,6384.75,3452
2026-03-29 22:10:00,6384.75,6388.75,6384.75,6388.0,1257
2026-03-29 22:15:00,6388.0,6388.5,6382.5,6382.5,1080
2026-03-29 22:20:00,6382.75,6384.0,6380.75,6381.25,1893
2026-03-29 22:25:00,6381.25,6384.0,6380.25,6382.0,934
2026-03-29 22:30:00,6382.0,6388.0,6382.0,6384.5,1207
2026-03-29 22:35:00,6384.5,6386.5,6382.75,6385.75,515
2026-03-29 22:40:00,6385.75,6393.75,6385.5,6392.25,2209
2026-03-29 22:45:00,6392.5,6401.75,6391.75,6400.25,3053
2026-03-29 22:50:00,6400.0,6402.0,6396.75,6397.0,1891
2026-03-29 22:55:00,6397.25,6398.75,6395.0,6397.0,1136
2026-03-29 23:00:00,6396.75,6401.0,6396.5,6399.5,1014
2026-03-29 23:05:00,6399.25,6407.0,6399.0,6406.0,2181
2026-03-29 23:10:00,6406.0,6407.5,6403.5,6404.5,894
2026-03-29 23:15:00,6404.75,6408.75,6404.25,6408.0,1426
2026-03-29 23:20:00,6408.0,6410.75,6406.75,6408.5,1617
2026-03-29 23:25:00,6408.5,6409.25,6406.5,6407.75,861
2026-03-29 23:30:00,6407.75,6408.25,6405.0,6408.0,987
2026-03-29 23:35:00,6408.0,6408.25,6405.25,6407.75,654
2026-03-29 23:40:00,6407.75,6409.25,6406.75,6408.25,778
2026-03-29 23:45:00,6408.25,6408.5,6404.5,6407.75,1172
2026-03-29 23:50:00,6407.75,6409.25,6406.25,6408.5,709
2026-03-29 23:55:00,6408.25,6409.25,6407.25,6408.0,696
2026-03-30 00:00:00,6408.25,6410.5,6406.25,6408.25,1268
2026-03-30 00:05:00,6408.25,6413.25,6408.25,6411.5,1024
2026-03-30 00:10:00,6411.0,6412.0,6409.5,6410.25,550
2026-03-30 00:15:00,6410.25,6411.5,6409.75,6410.5,433
2026-03-30 00:20:00,6410.5,6413.5,6410.5,6412.75,864
2026-03-30 00:25:00,6412.5,6418.25,6412.5,6415.5,1652
2026-03-30 00:30:00,6415.5,6419.0,6413.5,6416.75,974
2026-03-30 00:35:00,6416.25,6416.25,6413.0,6414.25,823
2026-03-30 00:40:00,6414.0,6414.0,6411.5,6412.25,592
2026-03-30 00:45:00,6412.5,6413.0,6409.75,6412.25,833
2026-03-30 00:50:00,6412.25,6412.25,6409.25,6411.0,560
2026-03-30 00:55:00,6411.25,6413.0,6411.0,6411.5,465
2026-03-30 01:00:00,6411.25,6414.25,6411.25,6413.75,535
2026-03-30 01:05:00,6413.75,6418.5,6412.75,6418.5,737
2026-03-30 01:10:00,6418.25,6420.75,6414.5,6415.0,1952
2026-03-30 01:15:00,6415.0,6419.25,6415.0,6418.0,550
2026-03-30 01:20:00,6418.25,6419.75,6416.0,6418.5,803
2026-03-30 01:25:00,6418.5,6420.25,6416.0,6416.25,641
2026-03-30 01:30:00,6416.25,6419.0,6415.25,6418.75,705
2026-03-30 01:35:00,6419.0,6419.25,6413.5,6414.25,661
2026-03-30 01:40:00,6414.25,6416.5,6413.25,6414.25,770
2026-03-30 01:45:00,6414.5,6416.75,6412.0,6415.0,774
2026-03-30 01:50:00,6415.25,6419.5,6414.75,6419.0,841
2026-03-30 01:55:00,6419.0,6419.5,6416.75,6416.75,577
2026-03-30 02:00:00,6416.75,6422.0,6415.25,6421.0,1553
2026-03-30 02:05:00,6421.0,6424.0,6419.5,6420.25,1160
2026-03-30 02:10:00,6420.5,6420.75,6417.75,6419.5,1084
2026-03-30 02:15:00,6419.5,6424.25,6419.5,6421.75,800
2026-03-30 02:20:00,6421.75,6424.5,6420.75,6422.75,1206
2026-03-30 02:25:00,6422.75,6427.25,6421.5,6422.75,2037
2026-03-30 02:30:00,6423.0,6426.5,6422.25,6425.25,1225
2026-03-30 02:35:00,6425.5,6429.0,6424.25,6426.25,1020
2026-03-30 02:40:00,6426.25,6430.25,6425.75,6428.75,1570
2026-03-30 02:45:00,6429.0,6432.25,6428.5,6432.25,1326
2026-03-30 02:50:00,6432.25,6435.5,6429.5,6430.0,2382
2026-03-30 02:55:00,6430.0,6430.5,6427.5,6429.25,1335
2026-03-30 03:00:00,6429.0,6429.5,6423.5,6425.25,2443
2026-03-30 03:05:00,6425.75,6431.0,6424.0,6430.75,1412
2026-03-30 03:10:00,6430.75,6433.25,6429.75,6430.25,1106
2026-03-30 03:15:00,6430.25,6430.5,6426.5,6428.5,1459
2026-03-30 03:20:00,6428.5,6431.75,6426.75,6427.5,1273
2026-03-30 03:25:00,6427.5,6428.5,6423.75,6427.25,1354
2026-03-30 03:30:00,6427.5,6430.75,6422.75,6429.5,1834
2026-03-30 03:35:00,6429.5,6434.75,6427.25,6429.0,2438
2026-03-30 03:40:00,6428.75,6431.5,6426.75,6430.0,1327
2026-03-30 03:45:00,6430.25,6433.5,6429.75,6433.25,1119
2026-03-30 03:50:00,6433.0,6438.0,6432.5,6435.0,1843
2026-03-30 03:55:00,6435.25,6437.75,6432.5,6435.0,1598
2026-03-30 04:00:00,6434.75,6436.0,6429.25,6436.0,1328
2026-03-30 04:05:00,6436.0,6439.75,6432.25,6437.5,2457
2026-03-30 04:10:00,6437.5,6441.75,6437.0,6440.75,2064
2026-03-30 04:15:00,6440.5,6444.0,6439.0,6442.0,1868
2026-03-30 04:20:00,6441.75,6443.0,6438.0,6439.0,2215
2026-03-30 04:25:00,6438.75,6442.5,6437.5,6442.5,1802
2026-03-30 04:30:00,6442.25,6446.0,6441.25,6441.75,2171
2026-03-30 04:35:00,6441.5,6446.5,6439.75,6443.75,2210
2026-03-30 04:40:00,6443.5,6444.5,6440.5,6441.75,1677
2026-03-30 04:45:00,6441.75,6445.5,6438.25,6444.0,1639
2026-03-30 04:50:00,6444.25,6445.75,6442.75,6443.5,989
2026-03-30 04:55:00,6443.5,6447.25,6442.25,6446.0,2316
2026-03-30 05:00:00,6446.25,6446.5,6443.0,6446.25,1283
2026-03-30 05:05:00,6446.0,6446.5,6441.75,6442.75,1366
2026-03-30 05:10:00,6443.0,6444.75,6439.25,6440.5,1628
2026-03-30 05:15:00,6440.5,6444.25,6433.5,6438.0,4093
2026-03-30 05:20:00,6438.0,6441.25,6435.5,6438.5,1406
2026-03-30 05:25:00,6438.5,6439.75,6436.25,6436.5,1030
2026-03-30 05:30:00,6436.75,6439.0,6433.0,6435.0,1350
2026-03-30 05:35:00,6434.5,6440.5,6432.0,6439.0,2233
2026-03-30 05:40:00,6438.75,6438.75,6434.0,6436.25,1289
2026-03-30 05:45:00,6436.0,6437.75,6434.5,6435.25,1609
2026-03-30 05:50:00,6435.25,6439.0,6433.5,6436.0,2312
2026-03-30 05:55:00,6436.0,6438.25,6433.75,6437.25,1447
2026-03-30 06:00:00,6437.5,6437.75,6434.5,6436.0,1153
2026-03-30 06:05:00,6436.0,6440.25,6435.0,6439.25,1438
2026-03-30 06:10:00,6439.5,6440.5,6434.5,6436.25,1818
2026-03-30 06:15:00,6436.25,6438.25,6434.25,6437.75,1403
2026-03-30 06:20:00,6437.5,6440.5,6437.25,6439.25,1288
2026-03-30 06:25:00,6439.0,6441.75,6438.0,6439.5,1471
2026-03-30 06:30:00,6439.25,6439.5,6434.75,6437.5,2123
2026-03-30 06:35:00,6437.25,6439.0,6433.25,6437.0,1510
2026-03-30 06:40:00,6436.75,6437.25,6432.75,6435.25,1004
2026-03-30 06:45:00,6435.0,6439.5,6434.25,6438.75,1499
2026-03-30 06:50:00,6438.5,6442.75,6438.0,6440.75,1561
2026-03-30 06:55:00,6440.75,6442.5,6438.75,6442.5,1099
2026-03-30 07:00:00,6442.5,6446.75,6442.0,6443.75,3244
2026-03-30 07:05:00,6443.25,6445.75,6442.5,6444.75,1832
2026-03-30 07:10:00,6444.75,6445.75,6442.5,6444.0,1679
2026-03-30 07:15:00,6444.0,6452.5,6442.75,6451.25,5901
2026-03-30 07:20:00,6451.0,6454.75,6448.5,6453.0,3205
2026-03-30 07:25:00,6453.0,6481.75,6445.25,6457.0,17923
2026-03-30 07:30:00,6457.0,6461.5,6446.5,6450.0,8555
2026-03-30 07:35:00,6450.0,6456.75,6449.75,6452.75,4597
2026-03-30 07:40:00,6452.75,6454.25,6449.0,6452.25,3842
2026-03-30 07:45:00,6452.5,6453.75,6449.75,6453.0,2290
2026-03-30 07:50:00,6452.75,6456.5,6449.0,6453.25,3571
2026-03-30 07:55:00,6453.0,6453.5,6446.25,6450.0,2791
2026-03-30 08:00:00,6450.0,6451.25,6442.75,6448.5,3212
2026-03-30 08:05:00,6448.25,6453.5,6447.75,6450.0,2394
2026-03-30 08:10:00,6449.5,6453.5,6449.0,6452.0,2223
2026-03-30 08:15:00,6452.25,6458.0,6450.0,6456.5,3618
2026-03-30 08:20:00,6456.25,6461.5,6454.0,6460.0,3165
2026-03-30 08:25:00,6460.0,6463.25,6458.75,6461.0,4476
2026-03-30 08:30:00,6461.0,6466.5,6459.0,6463.5,4888
2026-03-30 08:35:00,6463.5,6465.25,6462.25,6464.0,3147
2026-03-30 08:40:00,6464.0,6465.5,6462.0,6463.75,3261
2026-03-30 08:45:00,6464.0,6464.5,6461.75,6464.5,2350
2026-03-30 08:50:00,6464.5,6464.5,6458.75,6461.5,2988
2026-03-30 08:55:00,6461.75,6464.25,6460.75,6464.0,2476
2026-03-30 09:00:00,6464.0,6468.75,6462.25,6462.25,5662
2026-03-30 09:05:00,6462.5,6464.0,6456.0,6457.75,4909
2026-03-30 09:10:00,6457.75,6463.25,6457.25,6463.0,3627
2026-03-30 09:15:00,6462.75,6465.75,6460.75,6464.25,4580
2026-03-30 09:20:00,6464.25,6467.75,6462.75,6466.0,4020
2026-03-30 09:25:00,6466.0,6468.75,6463.75,6468.0,7155
2026-03-30 09:30:00,6467.75,6471.25,6454.75,6455.75,35522
2026-03-30 09:35:00,6456.0,6456.75,6445.0,6446.5,26892
2026-03-30 09:40:00,6446.5,6446.5,6434.75,6438.75,23349
2026-03-30 09:45:00,6438.75,6442.0,6427.0,6428.25,24117
2026-03-30 09:50:00,6428.0,6433.5,6424.25,6424.5,20893
2026-03-30 09:55:00,6424.5,6425.5,6413.75,6417.5,25732
2026-03-30 10:00:00,6417.5,6429.75,6417.0,6427.5,25912
2026-03-30 10:05:00,6427.75,6429.25,6419.0,6428.75,17356
2026-03-30 10:10:00,6428.75,6435.5,6424.75,6432.25,20729
2026-03-30 10:15:00,6432.0,6434.25,6421.0,6426.25,19057
2026-03-30 10:20:00,6426.0,6431.75,6423.75,6430.25,15130
2026-03-30 10:25:00,6430.5,6432.75,6423.0,6426.0,16002
2026-03-30 10:30:00,6426.0,6432.75,6425.25,6427.0,13709
2026-03-30 10:35:00,6427.0,6429.0,6419.5,6426.0,15760
2026-03-30 10:40:00,6425.75,6430.0,6414.75,6416.5,16482
2026-03-30 10:45:00,6416.5,6436.75,6414.5,6425.0,29705
2026-03-30 10:50:00,6425.0,6431.25,6422.25,6429.75,14354
2026-03-30 10:55:00,6429.5,6443.5,6426.0,6442.75,19268
2026-03-30 11:00:00,6442.5,6451.5,6442.5,6451.5,23460
2026-03-30 11:05:00,6451.5,6455.75,6434.0,6435.5,22575
2026-03-30 11:10:00,6435.5,6439.75,6431.25,6432.25,12844
2026-03-30 11:15:00,6432.25,6433.0,6423.0,6431.25,15815
2026-03-30 11:20:00,6431.5,6436.25,6428.75,6435.25,11804
2026-03-30 11:25:00,6435.25,6438.75,6431.25,6432.0,12910
2026-03-30 11:30:00,6431.75,6444.5,6427.75,6443.25,16156
2026-03-30 11:35:00,6443.5,6449.5,6440.5,6441.5,16334
2026-03-30 11:40:00,6441.5,6448.75,6439.75,6447.75,9775
2026-03-30 11:45:00,6447.5,6448.5,6442.25,6445.5,10039
2026-03-30 11:50:00,6445.5,6452.5,6445.0,6447.25,12235
2026-03-30 11:55:00,6447.0,6447.0,6439.25,6441.0,13734
2026-03-30 12:00:00,6441.0,6442.25,6429.0,6430.0,13415
2026-03-30 12:05:00,6430.25,6433.5,6427.75,6430.5,13952
2026-03-30 12:10:00,6430.5,6436.25,6429.25,6434.25,9704
2026-03-30 12:15:00,6434.0,6434.25,6427.0,6429.0,9014
2026-03-30 12:20:00,6428.75,6431.5,6423.5,6425.5,11002
2026-03-30 12:25:00,6425.25,6426.0,6418.75,6419.75,13107
2026-03-30 12:30:00,6419.75,6425.0,6418.25,6422.5,12246
2026-03-30 12:35:00,6422.75,6427.25,6420.5,6425.75,9541
2026-03-30 12:40:00,6425.5,6425.75,6421.25,6423.0,6869
2026-03-30 12:45:00,6423.0,6423.75,6419.75,6420.75,6635
2026-03-30 12:50:00,6420.75,6424.75,6418.75,6419.0,8269
2026-03-30 12:55:00,6419.0,6421.5,6417.0,6420.0,9067
2026-03-30 13:00:00,6420.0,6425.5,6415.25,6415.75,11441
2026-03-30 13:05:00,6415.75,6423.75,6415.25,6421.25,9726
2026-03-30 13:10:00,6421.25,6422.5,6411.75,6412.75,10922
2026-03-30 13:15:00,6412.5,6414.5,6404.75,6408.0,18405
2026-03-30 13:20:00,6408.0,6409.5,6401.5,6404.0,13808
2026-03-30 13:25:00,6404.0,6405.75,6399.5,6401.0,13420
2026-03-30 13:30:00,6401.0,6401.5,6395.0,6396.0,13939
2026-03-30 13:35:00,6396.0,6403.5,6393.75,6403.25,14775
2026-03-30 13:40:00,6403.0,6410.5,6401.5,6409.25,11359
2026-03-30 13:45:00,6409.25,6413.5,6403.0,6403.25,17635
2026-03-30 13:50:00,6403.25,6405.0,6401.0,6402.0,9764
2026-03-30 13:55:00,6402.0,6403.25,6399.0,6402.75,9922
2026-03-30 14:00:00,6402.5,6404.75,6399.25,6400.0,10545
2026-03-30 14:05:00,6400.25,6403.25,6395.5,6396.5,9088
2026-03-30 14:10:00,6396.75,6401.0,6395.75,6399.5,7548
2026-03-30 14:15:00,6399.75,6402.5,6396.75,6401.75,7744
2026-03-30 14:20:00,6401.75,6404.0,6397.0,6397.75,9301
2026-03-30 14:25:00,6397.75,6398.0,6389.75,6390.25,13436
2026-03-30 14:30:00,6390.25,6394.5,6389.75,6393.5,10433
2026-03-30 14:35:00,6393.5,6399.25,6392.0,6392.5,9795
2026-03-30 14:40:00,6392.25,6394.5,6391.25,6392.0,7044
2026-03-30 14:45:00,6392.25,6394.75,6389.25,6389.75,8989
2026-03-30 14:50:00,6389.75,6390.5,6383.5,6385.5,12720
2026-03-30 14:55:00,6385.75,6387.75,6381.75,6384.75,10620
2026-03-30 15:00:00,6384.75,6386.75,6381.0,6382.5,11116
2026-03-30 15:05:00,6382.5,6382.5,6371.25,6371.75,18090
2026-03-30 15:10:00,6371.75,6372.5,6363.25,6366.25,18901
2026-03-30 15:15:00,6366.5,6370.5,6366.0,6367.5,14635
2026-03-30 15:20:00,6367.25,6369.75,6364.5,6365.5,12313
2026-03-30 15:25:00,6365.25,6366.25,6359.5,6362.5,14520
2026-03-30 15:30:00,6362.75,6367.5,6360.25,6361.25,15726
2026-03-30 15:35:00,6361.5,6373.75,6361.25,6369.0,21062
2026-03-30 15:40:00,6369.0,6377.75,6369.0,6374.25,19256
2026-03-30 15:45:00,6374.25,6382.25,6373.75,6378.0,19010
2026-03-30 15:50:00,6378.0,6388.75,6375.0,6388.0,34830
2026-03-30 15:55:00,6388.25,6394.25,6382.5,6387.75,107111
2026-03-30 16:00:00,6388.0,6388.5,6380.5,6382.5,33093
2026-03-30 16:05:00,6382.75,6385.25,6377.75,6380.0,8921
2026-03-30 16:10:00,6380.0,6380.25,6377.0,6378.0,5679
2026-03-30 16:15:00,6378.0,6381.25,6377.75,6380.5,3394
2026-03-30 16:20:00,6380.5,6381.75,6378.25,6378.75,1863
2026-03-30 16:25:00,6378.75,6381.75,6378.5,6381.0,1708
2026-03-30 16:30:00,6381.0,6381.0,6379.0,6379.25,1259
2026-03-30 16:35:00,6379.0,6380.5,6378.75,6380.5,1171
2026-03-30 16:40:00,6380.5,6382.25,6380.5,6382.0,1576
2026-03-30 16:45:00,6382.0,6382.5,6380.75,6381.25,1130
2026-03-30 16:50:00,6381.5,6382.25,6379.75,6380.0,1552
2026-03-30 16:55:00,6380.25,6383.75,6380.0,6383.25,2890
2026-03-30 18:00:00,6385.25,6392.25,6384.25,6391.5,1562
2026-03-30 18:05:00,6391.5,6392.75,6386.5,6386.5,896
2026-03-30 18:10:00,6386.5,6387.0,6384.0,6386.0,842
2026-03-30 18:15:00,6386.25,6389.0,6385.25,6386.25,615
2026-03-30 18:20:00,6386.5,6388.75,6386.0,6388.5,288
2026-03-30 18:25:00,6388.5,6389.5,6387.0,6387.75,316
2026-03-30 18:30:00,6387.75,6387.75,6384.0,6387.0,350
2026-03-30 18:35:00,6387.0,6388.75,6386.0,6387.75,294
2026-03-30 18:40:00,6387.5,6388.5,6384.5,6385.0,311
2026-03-30 18:45:00,6385.25,6385.75,6383.5,6385.25,492
2026-03-30 18:50:00,6385.0,6387.5,6384.75,6387.0,357
2026-03-30 18:55:00,6387.25,6388.25,6384.0,6384.25,479
2026-03-30 19:00:00,6384.0,6384.0,6375.25,6375.25,2021
2026-03-30 19:05:00,6375.5,6378.0,6367.0,6370.5,2434
2026-03-30 19:10:00,6370.75,6374.25,6369.0,6372.0,1002
2026-03-30 19:15:00,6372.0,6374.25,6370.25,6374.25,559
2026-03-30 19:20:00,6374.0,6376.75,6373.0,6374.25,485
2026-03-30 19:25:00,6374.5,6375.5,6373.0,6373.5,346
2026-03-30 19:30:00,6373.5,6374.0,6368.75,6369.75,734
2026-03-30 19:35:00,6369.5,6373.0,6369.5,6370.75,391
2026-03-30 19:40:00,6370.75,6372.5,6369.25,6370.75,547
2026-03-30 19:45:00,6370.75,6371.0,6368.0,6369.5,777
2026-03-30 19:50:00,6369.5,6372.75,6369.0,6370.0,548
2026-03-30 19:55:00,6369.75,6373.0,6368.5,6373.0,595
2026-03-30 20:00:00,6373.0,6380.25,6371.25,6378.0,2089
2026-03-30 20:05:00,6378.0,6378.25,6371.75,6373.25,1063
2026-03-30 20:10:00,6373.0,6374.75,6364.75,6367.25,1876
2026-03-30 20:15:00,6367.5,6368.5,6358.25,6361.0,2629
2026-03-30 20:20:00,6360.75,6364.25,6353.25,6359.25,2947
2026-03-30 20:25:00,6359.5,6367.0,6359.25,6366.25,1667
2026-03-30 20:30:00,6366.5,6368.25,6362.25,6363.75,922
2026-03-30 20:35:00,6364.0,6385.5,6364.0,6380.25,5304
2026-03-30 20:40:00,6380.0,6398.5,6374.0,6398.25,5533
2026-03-30 20:45:00,6398.0,6428.5,6396.5,6419.5,11187
2026-03-30 20:50:00,6419.25,6422.0,6408.0,6415.25,5892
2026-03-30 20:55:00,6415.25,6417.75,6406.75,6411.75,3742
2026-03-30 21:00:00,6411.75,6418.5,6406.75,6408.5,3046
2026-03-30 21:05:00,6408.25,6410.0,6399.75,6401.5,2968
2026-03-30 21:10:00,6401.0,6408.0,6399.25,6406.75,1926
2026-03-30 21:15:00,6406.5,6416.75,6405.75,6416.0,3281
2026-03-30 21:20:00,6416.0,6429.5,6415.75,6428.25,5867
2026-03-30 21:25:00,6428.0,6439.0,6427.25,6436.25,4964
2026-03-30 21:30:00,6436.25,6447.5,6435.75,6447.0,4782
2026-03-30 21:35:00,6446.75,6453.25,6443.75,6452.25,4640
2026-03-30 21:40:00,6452.25,6454.0,6445.5,6446.75,2918
2026-03-30 21:45:00,6446.75,6447.5,6441.75,6442.25,2404
2026-03-30 21:50:00,6442.5,6449.5,6441.0,6445.5,2794
2026-03-30 21:55:00,6445.5,6446.25,6440.5,6441.5,1906
2026-03-30 22:00:00,6441.5,6442.5,6437.75,6439.0,1925
2026-03-30 22:05:00,6439.25,6444.5,6439.0,6443.0,1852
2026-03-30 22:10:00,6443.0,6444.5,6441.25,6443.5,1206
2026-03-30 22:15:00,6443.25,6447.75,6442.5,6445.5,1889
2026-03-30 22:20:00,6445.0,6450.0,6443.5,6445.75,2067
2026-03-30 22:25:00,6446.0,6448.75,6443.5,6447.75,1875
2026-03-30 22:30:00,6447.25,6450.5,6444.75,6446.5,2731
2026-03-30 22:35:00,6446.75,6450.75,6446.0,6448.75,1583
2026-03-30 22:40:00,6448.5,6451.25,6444.75,6451.0,1614
2026-03-30 22:45:00,6450.75,6452.0,6449.25,6451.75,1229
2026-03-30 22:50:00,6451.5,6462.0,6451.5,6456.5,3575
2026-03-30 22:55:00,6456.5,6456.5,6450.25,6450.25,1726
2026-03-30 23:00:00,6450.25,6451.75,6448.5,6451.0,1617
2026-03-30 23:05:00,6451.0,6459.0,6449.25,6455.5,1688
2026-03-30 23:10:00,6455.0,6459.0,6454.5,6454.75,735
2026-03-30 23:15:00,6454.75,6456.0,6448.75,6449.25,1318
2026-03-30 23:20:00,6449.0,6450.25,6447.75,6448.25,1081
2026-03-30 23:25:00,6448.5,6450.5,6447.5,6448.75,1158
2026-03-30 23:30:00,6448.75,6451.0,6446.5,6447.75,1171
2026-03-30 23:35:00,6447.5,6448.0,6445.5,6447.25,1083
2026-03-30 23:40:00,6447.0,6447.75,6445.5,6445.5,914
2026-03-30 23:45:00,6446.0,6446.75,6442.75,6444.0,1126
2026-03-30 23:50:00,6444.5,6449.0,6444.5,6445.5,1246
2026-03-30 23:55:00,6445.25,6445.75,6442.25,6443.0,900
2026-03-31 00:00:00,6442.75,6446.25,6442.75,6444.75,886
2026-03-31 00:05:00,6444.25,6447.5,6443.0,6445.5,894
2026-03-31 00:10:00,6445.75,6446.5,6444.25,6445.75,711
2026-03-31 00:15:00,6445.5,6447.5,6445.0,6447.25,544
2026-03-31 00:20:00,6446.5,6448.75,6444.5,6445.25,636
2026-03-31 00:25:00,6445.0,6445.25,6438.5,6440.5,1152
2026-03-31 00:30:00,6440.75,6444.0,6440.0,6442.0,509
2026-03-31 00:35:00,6442.0,6442.5,6438.75,6439.25,659
2026-03-31 00:40:00,6439.0,6441.0,6437.75,6440.5,485
2026-03-31 00:45:00,6440.5,6442.25,6434.5,6435.0,2090
2026-03-31 00:50:00,6435.0,6437.25,6432.25,6435.5,1334
2026-03-31 00:55:00,6435.5,6436.0,6433.75,6434.25,371
2026-03-31 01:00:00,6434.0,6434.25,6431.25,6433.25,937
2026-03-31 01:05:00,6433.25,6433.75,6429.5,6430.0,929
2026-03-31 01:10:00,6430.0,6430.0,6424.25,6425.0,1499
2026-03-31 01:15:00,6425.25,6428.75,6422.0,6427.5,1555
2026-03-31 01:20:00,6427.5,6435.25,6427.5,6434.75,1189
2026-03-31 01:25:00,6434.75,6437.25,6432.25,6433.75,1041
2026-03-31 01:30:00,6434.0,6440.5,6432.5,6437.75,876
2026-03-31 01:35:00,6438.25,6438.75,6435.25,6436.75,665
2026-03-31 01:40:00,6436.75,6438.5,6435.75,6438.25,525
2026-03-31 01:45:00,6438.0,6443.0,6436.25,6442.0,1845
2026-03-31 01:50:00,6442.0,6444.5,6438.0,6439.25,973
2026-03-31 01:55:00,6439.0,6440.25,6437.5,6438.5,584
2026-03-31 02:00:00,6438.5,6439.25,6433.0,6436.0,1346
2026-03-31 02:05:00,6436.0,6436.5,6430.25,6430.75,1558
2026-03-31 02:10:00,6430.25,6432.0,6428.25,6430.75,1050
2026-03-31 02:15:00,6430.5,6434.75,6429.5,6434.0,1031
2026-03-31 02:20:00,6434.25,6440.5,6433.0,6437.75,1717
2026-03-31 02:25:00,6438.0,6439.25,6431.25,6433.5,2360
2026-03-31 02:30:00,6434.0,6436.75,6430.0,6433.25,1791
2026-03-31 02:35:00,6433.0,6435.25,6429.25,6433.75,753
2026-03-31 02:40:00,6433.5,6435.0,6427.75,6429.25,1060
2026-03-31 02:45:00,6429.0,6430.5,6427.25,6430.25,774
2026-03-31 02:50:00,6430.5,6433.0,6429.0,6432.5,948
2026-03-31 02:55:00,6432.75,6437.75,6431.75,6433.5,1229
2026-03-31 03:00:00,6433.5,6434.75,6427.75,6434.75,1645
2026-03-31 03:05:00,6434.75,6436.75,6430.75,6431.5,1400
2026-03-31 03:10:00,6431.75,6433.5,6423.5,6427.0,1554
2026-03-31 03:15:00,6427.0,6430.25,6421.5,6422.5,1763
2026-03-31 03:20:00,6422.5,6429.0,6422.0,6428.0,1998
2026-03-31 03:25:00,6428.0,6432.0,6426.0,6430.5,1222
2026-03-31 03:30:00,6430.75,6437.5,6430.5,6435.25,1463
2026-03-31 03:35:00,6435.0,6443.25,6435.0,6442.75,1839
2026-03-31 03:40:00,6442.75,6447.75,6441.75,6447.0,2667
2026-03-31 03:45:00,6447.0,6453.25,6446.5,6448.25,2917
2026-03-31 03:50:00,6448.0,6452.5,6446.75,6451.5,2195
2026-03-31 03:55:00,6451.25,6455.5,6447.5,6454.75,2065
2026-03-31 04:00:00,6454.75,6455.75,6447.0,6455.75,2534
2026-03-31 04:05:00,6455.5,6456.5,6452.25,6454.0,2137
2026-03-31 04:10:00,6453.75,6454.25,6444.25,6445.75,2297
2026-03-31 04:15:00,6445.5,6450.5,6443.75,6447.0,1368
2026-03-31 04:20:00,6447.0,6450.0,6443.0,6445.75,1676
2026-03-31 04:25:00,6446.0,6446.75,6442.25,6443.5,1138
2026-03-31 04:30:00,6443.75,6444.0,6440.75,6442.5,1043
2026-03-31 04:35:00,6442.5,6445.25,6440.0,6440.0,1358
2026-03-31 04:40:00,6440.0,6443.25,6438.75,6440.5,2053
2026-03-31 04:45:00,6440.5,6443.0,6437.0,6443.0,1000
2026-03-31 04:50:00,6442.75,6445.5,6435.0,6441.75,3336
2026-03-31 04:55:00,6442.0,6442.75,6437.75,6440.25,1292
2026-03-31 05:00:00,6440.5,6447.0,6439.75,6446.5,1996
2026-03-31 05:05:00,6446.25,6449.75,6444.5,6445.0,1421
2026-03-31 05:10:00,6445.5,6447.0,6443.75,6445.25,987
2026-03-31 05:15:00,6445.25,6448.5,6441.5,6444.0,1190
2026-03-31 05:20:00,6444.25,6449.0,6443.0,6448.5,661
2026-03-31 05:25:00,6449.0,6449.5,6441.0,6442.0,1654
2026-03-31 05:30:00,6442.25,6444.5,6437.25,6442.75,1495
2026-03-31 05:35:00,6442.25,6446.25,6439.5,6439.5,1610
2026-03-31 05:40:00,6439.75,6444.0,6439.5,6442.25,1441
2026-03-31 05:45:00,6442.5,6443.75,6439.25,6443.75,1071
2026-03-31 05:50:00,6443.25,6446.0,6440.75,6441.0,957
2026-03-31 05:55:00,6441.0,6441.5,6435.25,6438.25,1626
2026-03-31 06:00:00,6438.25,6445.25,6438.0,6442.75,2247
2026-03-31 06:05:00,6442.5,6445.5,6441.0,6441.75,826
2026-03-31 06:10:00,6441.75,6444.75,6440.75,6442.0,1012
2026-03-31 06:15:00,6442.0,6443.5,6438.75,6440.25,946
2026-03-31 06:20:00,6440.0,6440.25,6437.0,6439.5,1020
2026-03-31 06:25:00,6439.25,6442.0,6438.0,6441.0,804
2026-03-31 06:30:00,6441.25,6442.5,6434.5,6435.5,1120
2026-03-31 06:35:00,6435.5,6436.75,6426.25,6426.5,2836
2026-03-31 06:40:00,6426.75,6428.0,6423.75,6425.5,2304
2026-03-31 06:45:00,6425.75,6429.0,6424.25,6427.25,1645
2026-03-31 06:50:00,6427.25,6434.75,6427.0,6433.75,1894
2026-03-31 06:55:00,6433.75,6437.5,6432.25,6435.25,1911
2026-03-31 07:00:00,6435.5,6441.0,6431.25,6440.75,2778
2026-03-31 07:05:00,6440.25,6440.5,6433.75,6434.25,1726
2026-03-31 07:10:00,6434.5,6467.0,6433.0,6450.25,11095
2026-03-31 07:15:00,6450.0,6462.75,6447.0,6452.0,9188
2026-03-31 07:20:00,6452.0,6455.5,6447.75,6453.0,3743
2026-03-31 07:25:00,6453.0,6457.75,6446.5,6450.5,3703
2026-03-31 07:30:00,6450.5,6453.25,6445.25,6449.75,2440
2026-03-31 07:35:00,6450.0,6455.0,6445.0,6453.75,2052
2026-03-31 07:40:00,6453.5,6458.75,6449.0,6458.5,2863
2026-03-31 07:45:00,6458.5,6458.75,6447.0,6451.5,3787
2026-03-31 07:50:00,6451.5,6452.75,6447.0,6449.25,3557
2026-03-31 07:55:00,6449.5,6454.5,6449.25,6453.5,2086
2026-03-31 08:00:00,6453.5,6459.0,6453.25,6457.75,5236
2026-03-31 08:05:00,6457.75,6470.0,6453.5,6464.25,7657
2026-03-31 08:10:00,6464.25,6464.75,6442.25,6443.25,13217
2026-03-31 08:15:00,6443.25,6461.25,6438.0,6455.75,9920
2026-03-31 08:20:00,6456.0,6456.25,6446.75,6448.25,4790
2026-03-31 08:25:00,6448.25,6464.75,6448.0,6460.0,7068
2026-03-31 08:30:00,6460.0,6464.25,6457.25,6463.5,6172
2026-03-31 08:35:00,6463.75,6468.75,6462.0,6462.5,4534
2026-03-31 08:40:00,6462.75,6467.75,6462.0,6467.0,2462
2026-03-31 08:45:00,6467.0,6468.0,6460.0,6462.25,3436
2026-03-31 08:50:00,6462.25,6465.25,6459.5,6462.5,2518
2026-03-31 08:55:00,6462.5,6462.75,6453.25,6453.5,3886
2026-03-31 09:00:00,6453.75,6457.25,6450.25,6452.0,3534
2026-03-31 09:05:00,6452.0,6458.0,6452.0,6457.75,3893
2026-03-31 09:10:00,6457.5,6460.0,6455.0,6456.5,3471
2026-03-31 09:15:00,6456.5,6462.5,6455.75,6461.5,3748
2026-03-31 09:20:00,6461.75,6463.0,6458.0,6459.25,3665
2026-03-31 09:25:00,6459.0,6459.0,6455.5,6457.25,6816
2026-03-31 09:30:00,6457.25,6465.5,6450.5,6465.0,36959
2026-03-31 09:35:00,6464.75,6467.0,6455.25,6466.25,25019
2026-03-31 09:40:00,6466.0,6473.0,6458.25,6460.25,27113
2026-03-31 09:45:00,6460.25,6486.25,6460.25,6486.0,30736
2026-03-31 09:50:00,6486.0,6492.75,6480.5,6491.0,24394
2026-03-31 09:55:00,6491.0,6495.0,6481.25,6494.0,23422
2026-03-31 10:00:00,6494.5,6497.25,6488.25,6491.25,23963
2026-03-31 10:05:00,6491.5,6491.75,6478.5,6479.75,23151
2026-03-31 10:10:00,6479.75,6487.5,6479.0,6482.5,19916
2026-03-31 10:15:00,6482.5,6491.25,6477.25,6487.25,20001
2026-03-31 10:20:00,6487.25,6492.25,6476.25,6489.25,19517
2026-03-31 10:25:00,6489.5,6494.5,6485.5,6492.75,15362
2026-03-31 10:30:00,6492.5,6494.25,6486.0,6490.5,16030
2026-03-31 10:35:00,6490.25,6492.0,6475.75,6478.5,21252
2026-03-31 10:40:00,6478.5,6482.75,6466.75,6469.75,20074
2026-03-31 10:45:00,6470.0,6472.25,6460.75,6461.25,19883
2026-03-31 10:50:00,6461.25,6462.75,6452.25,6453.75,23074
2026-03-31 10:55:00,6453.5,6455.25,6447.0,6454.0,23465
2026-03-31 11:00:00,6454.25,6469.25,6453.5,6467.25,26612
2026-03-31 11:05:00,6467.0,6480.25,6466.0,6473.25,23474
2026-03-31 11:10:00,6473.5,6488.0,6470.5,6487.25,19057
2026-03-31 11:15:00,6487.0,6490.5,6482.75,6485.25,18942
2026-03-31 11:20:00,6485.25,6485.75,6476.5,6485.25,16611
2026-03-31 11:25:00,6485.0,6486.75,6472.5,6474.5,18552
2026-03-31 11:30:00,6474.25,6475.0,6466.25,6474.5,19431
2026-03-31 11:35:00,6474.25,6480.5,6474.0,6477.0,13818
2026-03-31 11:40:00,6477.0,6478.25,6472.75,6475.0,9648
2026-03-31 11:45:00,6474.75,6475.0,6468.25,6471.75,12547
2026-03-31 11:50:00,6471.5,6479.25,6469.75,6473.75,10912
2026-03-31 11:55:00,6473.75,6475.5,6464.25,6465.25,11797
2026-03-31 12:00:00,6465.25,6479.5,6462.5,6473.5,16677
2026-03-31 12:05:00,6473.5,6484.25,6473.5,6481.5,10641
2026-03-31 12:10:00,6481.5,6482.0,6472.0,6480.25,10658
2026-03-31 12:15:00,6480.25,6486.75,6480.25,6482.5,10619
2026-03-31 12:20:00,6482.75,6492.25,6481.5,6492.25,10127
2026-03-31 12:25:00,6492.25,6494.25,6487.25,6489.0,10739
2026-03-31 12:30:00,6489.0,6489.5,6484.75,6487.25,9349
2026-03-31 12:35:00,6487.5,6517.5,6484.25,6517.0,30917
2026-03-31 12:40:00,6516.75,6563.5,6516.0,6539.25,102727
2026-03-31 12:45:00,6539.5,6548.25,6517.5,6531.5,52241
2026-03-31 12:50:00,6531.5,6547.5,6519.5,6531.0,37293
2026-03-31 12:55:00,6531.0,6535.75,6523.0,6534.75,19833
2026-03-31 13:00:00,6534.75,6554.0,6534.0,6548.75,30298
2026-03-31 13:05:00,6548.75,6549.5,6529.25,6532.75,24732
2026-03-31 13:10:00,6532.75,6544.0,6530.75,6543.25,18745
2026-03-31 13:15:00,6543.25,6553.25,6542.75,6551.0,18713
2026-03-31 13:20:00,6551.0,6552.5,6544.5,6546.75,18198
2026-03-31 13:25:00,6547.0,6547.75,6536.0,6538.0,20499
2026-03-31 13:30:00,6538.0,6551.0,6537.25,6549.5,19711
2026-03-31 13:35:00,6549.25,6552.5,6529.75,6536.5,28762
2026-03-31 13:40:00,6536.5,6542.75,6531.0,6535.25,14470
2026-03-31 13:45:00,6535.0,6543.5,6532.5,6539.5,11767
2026-03-31 13:50:00,6539.75,6543.0,6536.75,6540.0,10834
2026-03-31 13:55:00,6540.0,6540.25,6529.25,6532.0,13612
2026-03-31 14:00:00,6532.0,6544.0,6531.75,6538.0,15645
2026-03-31 14:05:00,6538.0,6547.5,6537.5,6544.5,10531
2026-03-31 14:10:00,6544.75,6545.0,6536.0,6542.75,8414
2026-03-31 14:15:00,6542.5,6549.25,6542.25,6546.25,12033
2026-03-31 14:20:00,6546.5,6547.0,6539.75,6540.75,10040
2026-03-31 14:25:00,6541.0,6550.5,6537.5,6545.0,13735
2026-03-31 14:30:00,6545.0,6547.0,6539.75,6543.5,13604
2026-03-31 14:35:00,6543.5,6554.5,6542.0,6551.0,15895
2026-03-31 14:40:00,6550.75,6551.25,6544.0,6547.75,11989
2026-03-31 14:45:00,6547.75,6555.0,6547.25,6551.0,12338
2026-03-31 14:50:00,6551.25,6557.25,6551.0,6555.0,9850
2026-03-31 14:55:00,6554.75,6557.0,6553.25,6554.25,8472
2026-03-31 15:00:00,6554.5,6559.75,6553.75,6557.25,10917
2026-03-31 15:05:00,6557.25,6557.5,6548.0,6550.75,13809
2026-03-31 15:10:00,6550.75,6560.0,6550.0,6558.5,14825
2026-03-31 15:15:00,6558.5,6564.25,6557.25,6560.25,15628
2026-03-31 15:20:00,6560.25,6566.75,6559.25,6564.0,13942
2026-03-31 15:25:00,6564.0,6564.25,6559.0,6561.5,13716
2026-03-31 15:30:00,6561.75,6568.0,6561.0,6564.75,14828
2026-03-31 15:35:00,6564.75,6573.75,6564.25,6572.25,18451
2026-03-31 15:40:00,6572.25,6574.0,6565.75,6569.5,21547
2026-03-31 15:45:00,6569.25,6578.25,6567.5,6576.25,22254
2026-03-31 15:50:00,6576.25,6583.25,6564.0,6566.25,50522
2026-03-31 15:55:00,6566.25,6574.75,6560.0,6569.25,194967
2026-03-31 16:00:00,6569.25,6574.0,6562.0,6564.25,58281
2026-03-31 16:05:00,6564.5,6572.5,6563.75,6570.75,13004
2026-03-31 16:10:00,6570.75,6573.0,6568.75,6571.5,10097
2026-03-31 16:15:00,6571.5,6576.75,6570.25,6576.5,3684
2026-03-31 16:20:00,6576.5,6577.25,6573.75,6575.0,2474
2026-03-31 16:25:00,6575.0,6577.0,6573.0,6576.0,2827
2026-03-31 16:30:00,6576.0,6576.75,6573.75,6574.75,1815
2026-03-31 16:35:00,6575.0,6575.5,6570.0,6571.75,2502
2026-03-31 16:40:00,6571.75,6571.75,6567.25,6568.0,2666
2026-03-31 16:45:00,6568.0,6570.25,6567.0,6569.5,2035
2026-03-31 16:50:00,6569.5,6570.0,6567.5,6568.5,1989
2026-03-31 16:55:00,6568.5,6569.25,6565.0,6567.5,2951
2026-03-31 18:00:00,6562.0,6573.75,6561.0,6567.5,3299
2026-03-31 18:05:00,6567.5,6571.5,6565.0,6566.0,1615
2026-03-31 18:10:00,6566.0,6576.5,6564.5,6575.25,2395
2026-03-31 18:15:00,6575.0,6576.25,6572.0,6572.75,1212
2026-03-31 18:20:00,6572.75,6577.25,6569.0,6574.25,1964
2026-03-31 18:25:00,6573.75,6575.75,6571.0,6573.75,665
2026-03-31 18:30:00,6574.0,6575.0,6569.75,6570.0,993
2026-03-31 18:35:00,6570.0,6573.0,6568.75,6572.5,954
2026-03-31 18:40:00,6572.0,6576.0,6572.0,6573.5,608
2026-03-31 18:45:00,6573.75,6574.25,6570.75,6572.5,658
2026-03-31 18:50:00,6572.5,6573.0,6570.75,6572.25,384
2026-03-31 18:55:00,6572.25,6573.5,6571.5,6572.75,418
2026-03-31 19:00:00,6572.75,6573.0,6569.25,6571.0,876
2026-03-31 19:05:00,6571.0,6573.25,6570.25,6570.5,815
2026-03-31 19:10:00,6570.5,6571.5,6569.25,6570.75,395
2026-03-31 19:15:00,6570.75,6574.25,6569.0,6573.25,551
2026-03-31 19:20:00,6573.25,6573.75,6570.75,6573.75,353
2026-03-31 19:25:00,6573.25,6576.25,6572.5,6575.0,885
2026-03-31 19:30:00,6574.75,6580.0,6574.5,6579.5,826
2026-03-31 19:35:00,6579.25,6587.5,6579.25,6584.75,3042
2026-03-31 19:40:00,6584.5,6584.75,6578.25,6579.0,1115
2026-03-31 19:45:00,6578.75,6581.25,6577.75,6581.25,822
2026-03-31 19:50:00,6581.0,6587.5,6580.25,6586.25,1614
2026-03-31 19:55:00,6586.25,6592.0,6584.5,6589.75,2031
2026-03-31 20:00:00,6589.25,6592.75,6585.75,6591.5,2419
2026-03-31 20:05:00,6591.75,6591.75,6586.75,6588.0,1450
2026-03-31 20:10:00,6587.75,6589.5,6585.75,6588.5,1223
2026-03-31 20:15:00,6588.5,6589.25,6585.0,6588.0,1614
2026-03-31 20:20:00,6588.0,6589.0,6584.0,6588.5,1310
2026-03-31 20:25:00,6588.25,6589.0,6585.25,6587.25,1463
2026-03-31 20:30:00,6587.25,6588.0,6580.25,6583.5,1367
2026-03-31 20:35:00,6583.5,6586.5,6583.5,6585.0,842
2026-03-31 20:40:00,6585.25,6589.5,6585.25,6588.5,723
2026-03-31 20:45:00,6588.0,6589.0,6586.25,6588.0,849
2026-03-31 20:50:00,6588.0,6591.75,6588.0,6589.5,1410
2026-03-31 20:55:00,6589.5,6592.75,6588.25,6592.5,746
2026-03-31 21:00:00,6592.75,6595.0,6586.0,6587.5,3522
2026-03-31 21:05:00,6587.75,6588.0,6579.5,6585.75,2665
2026-03-31 21:10:00,6585.5,6588.5,6584.25,6586.0,1095
2026-03-31 21:15:00,6585.75,6586.0,6582.25,6585.25,932
2026-03-31 21:20:00,6585.0,6587.0,6584.25,6586.0,740
2026-03-31 21:25:00,6586.0,6589.5,6585.75,6588.5,1025
2026-03-31 21:30:00,6588.5,6589.5,6584.5,6584.75,900
2026-03-31 21:35:00,6584.5,6586.25,6583.0,6584.5,979
2026-03-31 21:40:00,6584.5,6585.0,6580.25,6581.5,995
2026-03-31 21:45:00,6581.5,6582.25,6579.0,6579.75,843
2026-03-31 21:50:00,6579.75,6583.0,6579.5,6582.75,579
2026-03-31 21:55:00,6582.75,6583.0,6580.75,6581.25,478
2026-03-31 22:00:00,6581.5,6585.5,6581.5,6584.25,773
2026-03-31 22:05:00,6584.25,6584.75,6582.75,6584.0,619
2026-03-31 22:10:00,6584.0,6585.0,6579.75,6581.25,717
2026-03-31 22:15:00,6581.0,6582.25,6579.25,6581.75,656
2026-03-31 22:20:00,6581.5,6581.5,6579.75,6581.0,261
2026-03-31 22:25:00,6581.0,6581.0,6578.25,6579.0,819
2026-03-31 22:30:00,6579.0,6580.0,6576.5,6576.5,939
2026-03-31 22:35:00,6576.75,6577.75,6575.5,6577.5,681
2026-03-31 22:40:00,6577.25,6579.75,6576.75,6578.75,556
2026-03-31 22:45:00,6579.0,6581.5,6578.0,6578.25,794
2026-03-31 22:50:00,6578.5,6580.5,6578.0,6580.0,488
2026-03-31 22:55:00,6580.0,6580.5,6578.25,6578.5,449
2026-03-31 23:00:00,6578.5,6580.25,6577.5,6578.75,412
2026-03-31 23:05:00,6578.75,6582.75,6578.5,6581.5,737
2026-03-31 23:10:00,6581.5,6582.25,6581.0,6581.0,222
2026-03-31 23:15:00,6581.25,6581.5,6579.5,6580.0,364
2026-03-31 23:20:00,6579.75,6581.0,6578.5,6578.5,254
2026-03-31 23:25:00,6578.5,6580.5,6578.25,6580.0,392
2026-03-31 23:30:00,6580.0,6582.0,6580.0,6581.0,421
2026-03-31 23:35:00,6581.0,6582.0,6579.75,6581.75,428
2026-03-31 23:40:00,6581.75,6583.0,6580.75,6582.25,310
2026-03-31 23:45:00,6582.25,6583.5,6579.5,6580.75,726
2026-03-31 23:50:00,6581.0,6581.5,6579.75,6580.75,319
2026-03-31 23:55:00,6580.75,6581.25,6579.75,6580.5,417
2026-04-01 00:00:00,6580.5,6583.0,6580.25,6581.25,1600
2026-04-01 00:05:00,6581.0,6581.75,6580.0,6581.5,460
2026-04-01 00:10:00,6581.5,6581.5,6579.75,6580.25,349
2026-04-01 00:15:00,6580.5,6582.0,6579.5,6581.25,488
2026-04-01 00:20:00,6581.25,6585.0,6580.5,6584.0,1256
2026-04-01 00:25:00,6584.0,6584.5,6582.5,6584.5,515
2026-04-01 00:30:00,6584.5,6585.75,6584.0,6585.5,471
2026-04-01 00:35:00,6585.25,6586.0,6582.75,6584.25,697
2026-04-01 00:40:00,6584.25,6585.0,6584.0,6585.0,160
2026-04-01 00:45:00,6585.0,6587.25,6583.5,6587.0,579
2026-04-01 00:50:00,6587.0,6588.0,6586.25,6586.75,506
2026-04-01 00:55:00,6586.5,6586.75,6584.5,6585.75,423
2026-04-01 01:00:00,6586.0,6587.25,6584.75,6587.0,397
2026-04-01 01:05:00,6587.0,6590.5,6586.75,6590.25,717
2026-04-01 01:10:00,6590.25,6593.0,6589.5,6592.75,752
2026-04-01 01:15:00,6592.75,6593.5,6591.0,6592.75,499
2026-04-01 01:20:00,6592.75,6595.0,6591.75,6594.5,640
2026-04-01 01:25:00,6594.5,6599.75,6593.5,6594.25,1433
2026-04-01 01:30:00,6594.5,6597.0,6593.75,6595.0,687
2026-04-01 01:35:00,6595.0,6595.25,6590.0,6594.0,763
2026-04-01 01:40:00,6594.0,6595.25,6593.0,6595.0,422
2026-04-01 01:45:00,6595.25,6596.75,6592.5,6595.25,844
2026-04-01 01:50:00,6595.5,6597.25,6594.25,6594.25,895
2026-04-01 01:55:00,6594.5,6595.25,6591.75,6593.0,731
2026-04-01 02:00:00,6593.0,6597.5,6592.0,6593.0,1126
2026-04-01 02:05:00,6593.0,6598.75,6592.75,6596.5,1084
2026-04-01 02:10:00,6596.75,6602.75,6596.25,6602.25,1611
2026-04-01 02:15:00,6602.0,6607.5,6601.0,6605.0,3111
2026-04-01 02:20:00,6605.25,6608.75,6604.25,6607.5,1875
2026-04-01 02:25:00,6607.5,6612.5,6606.75,6610.5,3188
2026-04-01 02:30:00,6610.25,6617.75,6609.25,6617.0,3338
2026-04-01 02:35:00,6617.0,6619.75,6615.0,6617.5,2866
2026-04-01 02:40:00,6617.75,6621.25,6615.25,6620.5,2223
2026-04-01 02:45:00,6620.25,6622.0,6617.25,6617.5,2953
2026-04-01 02:50:00,6617.5,6620.75,6616.0,6620.0,2249
2026-04-01 02:55:00,6620.25,6622.0,6619.75,6620.25,2313
2026-04-01 03:00:00,6620.5,6623.0,6617.0,6617.75,3266
2026-04-01 03:05:00,6618.0,6620.75,6616.25,6618.75,2044
2026-04-01 03:10:00,6619.25,6619.5,6614.5,6616.5,2145
2026-04-01 03:15:00,6616.25,6616.25,6614.25,6614.5,1816
2026-04-01 03:20:00,6614.75,6615.0,6611.75,6613.5,1845
2026-04-01 03:25:00,6613.75,6616.25,6612.5,6615.25,1580
2026-04-01 03:30:00,6615.25,6619.0,6614.25,6617.5,2553
2026-04-01 03:35:00,6617.5,6621.75,6617.25,6618.25,1477
2026-04-01 03:40:00,6618.25,6619.5,6614.0,6617.75,2784
2026-04-01 03:45:00,6617.75,6619.25,6608.25,6608.75,2646
2026-04-01 03:50:00,6608.5,6609.5,6600.0,6604.0,5630
2026-04-01 03:55:00,6603.75,6605.0,6598.5,6600.5,3699
2026-04-01 04:00:00,6600.5,6604.5,6595.75,6602.25,3793
2026-04-01 04:05:00,6602.25,6602.25,6594.0,6594.75,2144
2026-04-01 04:10:00,6594.75,6595.75,6590.0,6592.5,2613
2026-04-01 04:15:00,6592.75,6599.5,6591.5,6599.0,2577
2026-04-01 04:20:00,6598.5,6603.75,6598.5,6603.75,2164
2026-04-01 04:25:00,6603.5,6608.25,6600.5,6602.25,2042
2026-04-01 04:30:00,6602.5,6607.0,6601.75,6605.75,1378
2026-04-01 04:35:00,6605.25,6606.0,6601.25,6605.5,2159
2026-04-01 04:40:00,6605.75,6607.0,6602.25,6606.25,1370
2026-04-01 04:45:00,6606.0,6606.75,6601.75,6605.25,1274
2026-04-01 04:50:00,6605.0,6608.5,6590.25,6601.5,5912
2026-04-01 04:55:00,6601.5,6606.0,6597.0,6601.25,3176
2026-04-01 05:00:00,6601.75,6605.5,6599.0,6599.75,2336
2026-04-01 05:05:00,6599.75,6601.25,6594.25,6595.25,2382
2026-04-01 05:10:00,6595.25,6596.0,6591.75,6594.25,2803
2026-04-01 05:15:00,6594.25,6595.5,6590.5,6591.75,1920
2026-04-01 05:20:00,6591.75,6592.75,6586.5,6589.5,2568
2026-04-01 05:25:00,6589.5,6593.0,6589.25,6592.25,1493
2026-04-01 05:30:00,6592.25,6597.0,6592.25,6595.75,2080
2026-04-01 05:35:00,6595.75,6599.75,6595.5,6597.5,1782
2026-04-01 05:40:00,6597.5,6599.0,6596.5,6597.75,1587
2026-04-01 05:45:00,6597.75,6604.25,6597.75,6604.25,1842
2026-04-01 05:50:00,6604.25,6607.0,6602.5,6603.75,2386
2026-04-01 05:55:00,6604.0,6607.75,6598.75,6602.75,3336
2026-04-01 06:00:00,6603.0,6607.25,6599.0,6600.5,2419
2026-04-01 06:05:00,6600.25,6603.25,6599.0,6599.5,1744
2026-04-01 06:10:00,6599.25,6605.75,6598.5,6603.5,1661
2026-04-01 06:15:00,6603.25,6605.75,6602.5,6603.75,877
2026-04-01 06:20:00,6603.5,6606.75,6603.25,6604.0,1484
2026-04-01 06:25:00,6604.0,6604.25,6599.5,6601.75,2143
2026-04-01 06:30:00,6602.25,6606.0,6600.25,6601.0,1183
2026-04-01 06:35:00,6600.75,6605.25,6600.75,6604.25,923
2026-04-01 06:40:00,6604.5,6607.75,6604.5,6606.75,1958
2026-04-01 06:45:00,6606.75,6616.0,6606.5,6615.75,5280
2026-04-01 06:50:00,6615.75,6618.0,6613.75,6615.0,3469
2026-04-01 06:55:00,6614.75,6618.5,6610.25,6616.0,2976
2026-04-01 07:00:00,6616.0,6619.5,6614.5,6619.0,2591
2026-04-01 07:05:00,6618.75,6619.75,6617.0,6618.5,1248
2026-04-01 07:10:00,6618.5,6621.0,6617.0,6620.75,1380
2026-04-01 07:15:00,6620.75,6623.5,6618.75,6622.5,2868
2026-04-01 07:20:00,6622.5,6623.25,6618.75,6620.75,1927
2026-04-01 07:25:00,6621.0,6624.0,6620.0,6620.75,2453
2026-04-01 07:30:00,6620.5,6624.0,6619.75,6623.5,2623
2026-04-01 07:35:00,6623.5,6628.25,6622.75,6626.75,3413
2026-04-01 07:40:00,6627.0,6628.0,6622.25,6624.75,2599
2026-04-01 07:45:00,6625.0,6625.75,6622.25,6625.0,2633
2026-04-01 07:50:00,6625.0,6629.5,6624.75,6627.5,2067
2026-04-01 07:55:00,6627.75,6630.75,6626.75,6627.75,2565
2026-04-01 08:00:00,6628.0,6628.25,6623.5,6624.5,3269
2026-04-01 08:05:00,6624.75,6628.5,6622.25,6624.0,2810
2026-04-01 08:10:00,6624.0,6624.25,6619.75,6620.75,2624
2026-04-01 08:15:00,6620.75,6623.0,6619.25,6620.75,1973
2026-04-01 08:20:00,6620.75,6621.0,6613.75,6615.75,4037
2026-04-01 08:25:00,6615.75,6616.5,6609.5,6615.25,5268
2026-04-01 08:30:00,6615.75,6619.25,6611.5,6613.25,2955
2026-04-01 08:35:00,6613.25,6615.25,6604.25,6607.0,5501
2026-04-01 08:40:00,6607.25,6643.75,6606.25,6625.5,8546
2026-04-01 08:45:00,6625.0,6638.0,6597.5,6602.5,24395
2026-04-01 08:50:00,6602.25,6607.25,6594.25,6596.0,10010
2026-04-01 08:55:00,6596.25,6600.25,6593.25,6596.25,6892
2026-04-01 09:00:00,6596.25,6597.5,6591.5,6593.5,7112
2026-04-01 09:05:00,6593.75,6594.25,6590.0,6594.25,6078
2026-04-01 09:10:00,6594.25,6602.0,6593.5,6596.5,10831
2026-04-01 09:15:00,6596.25,6604.5,6595.75,6602.75,6857
2026-04-01 09:20:00,6602.75,6603.5,6595.0,6601.25,4469
2026-04-01 09:25:00,6601.25,6606.5,6598.0,6606.0,7588
2026-04-01 09:30:00,6606.25,6622.25,6602.5,6617.5,39921
2026-04-01 09:35:00,6617.5,6628.5,6613.25,6626.5,23267
2026-04-01 09:40:00,6626.5,6626.75,6601.25,6607.5,32988
2026-04-01 09:45:00,6607.5,6612.75,6598.0,6600.25,24789
2026-04-01 09:50:00,6600.25,6616.5,6598.0,6607.25,23913
2026-04-01 09:55:00,6607.5,6613.75,6604.5,6611.25,17272
2026-04-01 10:00:00,6611.25,6620.0,6606.75,6614.75,24327
2026-04-01 10:05:00,6614.75,6621.5,6607.5,6616.0,19005
2026-04-01 10:10:00,6616.0,6617.25,6607.75,6614.0,18788
2026-04-01 10:15:00,6614.0,6618.75,6610.5,6615.5,14210
2026-04-01 10:20:00,6615.5,6623.25,6610.25,6614.25,21892
2026-04-01 10:25:00,6614.25,6619.25,6611.5,6618.5,12555
2026-04-01 10:30:00,6618.5,6624.5,6612.0,6613.25,20925
2026-04-01 10:35:00,6613.25,6631.25,6604.75,6623.25,35962
2026-04-01 10:40:00,6623.25,6628.75,6613.25,6625.0,23973
2026-04-01 10:45:00,6625.0,6632.25,6618.25,6630.25,16369
2026-04-01 10:50:00,6630.25,6637.0,6625.75,6634.0,18888
2026-04-01 10:55:00,6633.75,6636.25,6630.0,6633.5,14267
2026-04-01 11:00:00,6633.5,6638.5,6631.5,6634.5,14707
2026-04-01 11:05:00,6634.5,6639.5,6632.25,6638.25,14812
2026-04-01 11:10:00,6638.5,6638.75,6633.75,6634.5,13164
2026-04-01 11:15:00,6634.75,6638.25,6633.25,6638.0,10478
2026-04-01 11:20:00,6638.0,6639.0,6633.5,6635.0,11727
2026-04-01 11:25:00,6635.5,6638.25,6631.75,6631.75,15669
2026-04-01 11:30:00,6632.0,6635.0,6627.25,6633.25,20031
2026-04-01 11:35:00,6633.25,6642.0,6633.0,6639.25,17686
2026-04-01 11:40:00,6639.25,6641.25,6635.0,6640.5,8076
2026-04-01 11:45:00,6640.5,6643.25,6638.25,6640.25,9613
2026-04-01 11:50:00,6640.5,6644.75,6639.0,6643.25,8976
2026-04-01 11:55:00,6643.25,6649.75,6643.0,6647.0,16930
2026-04-01 12:00:00,6647.0,6648.75,6644.5,6647.75,11385
2026-04-01 12:05:00,6647.75,6649.5,6645.0,6648.25,10945
2026-04-01 12:10:00,6648.5,6648.75,6642.75,6643.75,15026
2026-04-01 12:15:00,6644.0,6647.5,6642.0,6646.75,12783
2026-04-01 12:20:00,6646.75,6646.75,6642.25,6642.25,9095
2026-04-01 12:25:00,6642.5,6643.75,6639.0,6640.0,11517
2026-04-01 12:30:00,6640.0,6642.5,6636.25,6642.5,13486
2026-04-01 12:35:00,6642.25,6645.5,6642.25,6644.0,7416
2026-04-01 12:40:00,6643.75,6647.25,6643.25,6647.0,6887
2026-04-01 12:45:00,6646.75,6647.5,6644.0,6645.5,6792
2026-04-01 12:50:00,6645.5,6647.5,6645.0,6646.5,4972
2026-04-01 12:55:00,6646.25,6648.0,6644.5,6646.0,4808
2026-04-01 13:00:00,6646.25,6652.25,6645.0,6651.25,10934
2026-04-01 13:05:00,6651.25,6653.25,6650.5,6651.5,10146
2026-04-01 13:10:00,6651.5,6653.25,6650.5,6652.0,6448
2026-04-01 13:15:00,6652.0,6652.75,6649.75,6651.5,6321
2026-04-01 13:20:00,6651.75,6653.75,6650.5,6652.75,9171
2026-04-01 13:25:00,6652.75,6653.0,6650.5,6651.25,5281
2026-04-01 13:30:00,6651.25,6652.75,6647.0,6647.75,9693
2026-04-01 13:35:00,6647.5,6650.5,6646.0,6649.0,7913
2026-04-01 13:40:00,6649.0,6650.75,6645.5,6647.25,6995
2026-04-01 13:45:00,6647.0,6648.5,6643.5,6644.5,7112
2026-04-01 13:50:00,6644.5,6646.0,6642.25,6643.5,9275
2026-04-01 13:55:00,6643.75,6644.5,6635.5,6635.75,13824
2026-04-01 14:00:00,6635.75,6637.25,6624.25,6627.25,26164
2026-04-01 14:05:00,6627.25,6632.0,6626.25,6629.0,17339
2026-04-01 14:10:00,6628.75,6631.75,6626.25,6626.5,11067
2026-04-01 14:15:00,6626.5,6626.75,6612.75,6617.5,22264
2026-04-01 14:20:00,6617.5,6620.0,6606.5,6608.75,21295
2026-04-01 14:25:00,6609.0,6615.5,6605.75,6609.75,19538
2026-04-01 14:30:00,6609.75,6613.0,6606.5,6607.5,15050
2026-04-01 14:35:00,6607.5,6615.25,6604.0,6612.25,19283
2026-04-01 14:40:00,6612.0,6622.25,6611.75,6616.0,18606
2026-04-01 14:45:00,6616.0,6617.5,6610.5,6614.0,12708
2026-04-01 14:50:00,6614.0,6615.5,6609.0,6613.25,11841
2026-04-01 14:55:00,6613.25,6613.75,6609.0,6611.5,8899
2026-04-01 15:00:00,6611.5,6618.5,6610.0,6615.75,12859
2026-04-01 15:05:00,6615.75,6621.5,6615.75,6619.5,10599
2026-04-01 15:10:00,6619.25,6620.25,6615.5,6619.25,9306
2026-04-01 15:15:00,6619.25,6623.75,6617.0,6623.25,10005
2026-04-01 15:20:00,6623.25,6625.0,6620.0,6624.25,10117
2026-04-01 15:25:00,6624.25,6631.0,6624.25,6628.25,14343
2026-04-01 15:30:00,6628.25,6630.75,6624.0,6627.5,13310
2026-04-01 15:35:00,6627.75,6631.0,6624.75,6629.25,13759
2026-04-01 15:40:00,6629.5,6634.75,6628.25,6628.5,13911
2026-04-01 15:45:00,6628.5,6630.75,6626.0,6627.25,15804
2026-04-01 15:50:00,6626.75,6628.25,6617.25,6619.5,37444
2026-04-01 15:55:00,6619.5,6622.75,6614.5,6619.5,105183
2026-04-01 16:00:00,6619.5,6623.75,6616.0,6618.5,28315
2026-04-01 16:05:00,6618.5,6620.75,6617.5,6619.0,5043
2026-04-01 16:10:00,6619.25,6623.25,6618.75,6622.25,5876
2026-04-01 16:15:00,6622.25,6622.75,6619.5,6622.25,2651
2026-04-01 16:20:00,6622.25,6622.5,6618.75,6619.5,1523
2026-04-01 16:25:00,6619.5,6619.5,6616.5,6617.5,2234
2026-04-01 16:30:00,6617.5,6620.75,6617.5,6620.0,1452
2026-04-01 16:35:00,6620.0,6621.5,6619.75,6621.0,1498
2026-04-01 16:40:00,6621.0,6621.25,6619.5,6619.5,1101
2026-04-01 16:45:00,6619.75,6621.25,6619.25,6620.0,1495
2026-04-01 16:50:00,6620.0,6621.0,6618.75,6620.0,1467
2026-04-01 16:55:00,6620.25,6621.25,6617.0,6617.25,1261
2026-04-01 18:00:00,6618.5,6622.25,6614.5,6619.75,1390
2026-04-01 18:05:00,6620.0,6620.25,6616.5,6619.5,685
2026-04-01 18:10:00,6619.0,6619.25,6614.0,6617.25,742
2026-04-01 18:15:00,6617.25,6617.25,6614.5,6614.75,408
2026-04-01 18:20:00,6615.0,6618.5,6613.25,6616.0,588
2026-04-01 18:25:00,6615.75,6617.75,6615.5,6617.75,332
2026-04-01 18:30:00,6617.5,6617.5,6615.5,6616.75,352
2026-04-01 18:35:00,6616.75,6617.5,6616.25,6617.25,209
2026-04-01 18:40:00,6617.5,6619.0,6617.0,6618.25,304
2026-04-01 18:45:00,6618.0,6619.0,6615.75,6615.75,351
2026-04-01 18:50:00,6615.75,6616.5,6610.5,6611.75,1364
2026-04-01 18:55:00,6612.0,6614.5,6611.0,6612.75,670
2026-04-01 19:00:00,6612.75,6613.5,6611.5,6613.25,466
2026-04-01 19:05:00,6613.25,6616.75,6613.25,6616.25,490
2026-04-01 19:10:00,6616.25,6619.25,6614.5,6618.75,456
2026-04-01 19:15:00,6618.25,6619.0,6616.75,6617.0,319
2026-04-01 19:20:00,6617.0,6618.5,6616.0,6617.75,370
2026-04-01 19:25:00,6617.75,6619.0,6616.75,6618.75,342
2026-04-01 19:30:00,6618.25,6618.5,6616.5,6617.0,328
2026-04-01 19:35:00,6617.0,6617.0,6615.0,6616.5,393
2026-04-01 19:40:00,6616.0,6617.25,6615.5,6616.75,423
2026-04-01 19:45:00,6616.75,6618.25,6616.0,6616.75,328
2026-04-01 19:50:00,6617.0,6617.75,6610.0,6616.25,1638
2026-04-01 19:55:00,6616.25,6616.5,6613.75,6614.75,634
2026-04-01 20:00:00,6614.75,6614.75,6609.25,6611.25,1900
2026-04-01 20:05:00,6611.25,6613.75,6609.75,6611.75,1184
2026-04-01 20:10:00,6611.75,6613.5,6608.75,6611.75,1010
2026-04-01 20:15:00,6611.5,6614.5,6609.75,6611.5,1445
2026-04-01 20:20:00,6611.5,6613.5,6608.75,6609.5,821
2026-04-01 20:25:00,6609.75,6611.5,6608.0,6609.25,1017
2026-04-01 20:30:00,6609.25,6613.25,6607.25,6611.5,1427
2026-04-01 20:35:00,6611.75,6614.25,6609.5,6614.0,2177
2026-04-01 20:40:00,6614.0,6625.75,6613.0,6625.25,4738
2026-04-01 20:45:00,6625.0,6626.0,6621.5,6624.25,1894
2026-04-01 20:50:00,6624.5,6627.0,6621.75,6625.25,2572
2026-04-01 20:55:00,6625.25,6632.5,6623.0,6630.5,3192
2026-04-01 21:00:00,6630.5,6631.25,6601.0,6610.75,7113
2026-04-01 21:05:00,6611.0,6611.75,6594.75,6609.5,10119
2026-04-01 21:10:00,6609.75,6631.5,6603.25,6607.5,8560
2026-04-01 21:15:00,6607.25,6609.0,6572.0,6574.75,13404
2026-04-01 21:20:00,6575.0,6589.5,6570.75,6574.75,10222
2026-04-01 21:25:00,6575.25,6577.75,6566.25,6570.5,6136
2026-04-01 21:30:00,6570.5,6571.75,6555.0,6562.75,9804
2026-04-01 21:35:00,6562.5,6567.75,6558.75,6566.75,5439
2026-04-01 21:40:00,6566.75,6569.0,6561.0,6562.0,3538
2026-04-01 21:45:00,6561.75,6562.75,6553.25,6560.0,3947
2026-04-01 21:50:00,6559.5,6565.25,6557.5,6561.25,2953
2026-04-01 21:55:00,6561.5,6565.25,6557.75,6559.5,2506
2026-04-01 22:00:00,6560.0,6562.5,6557.5,6560.0,2203
2026-04-01 22:05:00,6560.0,6565.75,6551.75,6554.75,3285
2026-04-01 22:10:00,6554.5,6555.0,6542.25,6545.0,6236
2026-04-01 22:15:00,6545.0,6552.0,6544.5,6549.0,2593
2026-04-01 22:20:00,6549.5,6550.5,6546.0,6549.25,1550
2026-04-01 22:25:00,6549.25,6550.5,6543.0,6543.5,2169
2026-04-01 22:30:00,6543.75,6547.0,6542.0,6546.75,1692
2026-04-01 22:35:00,6546.75,6548.25,6542.75,6544.5,1930
2026-04-01 22:40:00,6544.5,6548.25,6542.75,6547.5,1403
2026-04-01 22:45:00,6547.25,6551.0,6545.75,6547.0,1143
2026-04-01 22:50:00,6547.0,6551.0,6547.0,6548.25,781
2026-04-01 22:55:00,6548.5,6552.0,6548.0,6550.0,981
2026-04-01 23:00:00,6550.0,6550.25,6542.5,6544.0,1603
2026-04-01 23:05:00,6544.0,6547.75,6543.75,6547.0,634
2026-04-01 23:10:00,6547.0,6548.25,6545.0,6547.0,500
2026-04-01 23:15:00,6547.25,6549.75,6546.75,6548.25,513
2026-04-01 23:20:00,6548.5,6551.5,6546.75,6551.25,757
2026-04-01 23:25:00,6551.5,6551.5,6547.25,6548.25,581
2026-04-01 23:30:00,6548.25,6548.75,6544.5,6545.75,646
2026-04-01 23:35:00,6545.75,6546.25,6540.0,6541.5,1299
2026-04-01 23:40:00,6541.25,6544.75,6537.25,6542.0,1444
2026-04-01 23:45:00,6542.0,6542.5,6536.5,6536.75,965
2026-04-01 23:50:00,6536.75,6539.0,6535.75,6536.75,1120
2026-04-01 23:55:00,6537.25,6538.75,6535.75,6537.75,611
2026-04-02 00:00:00,6537.25,6540.75,6537.0,6538.25,976
2026-04-02 00:05:00,6538.0,6538.25,6532.75,6535.0,1858
2026-04-02 00:10:00,6534.75,6537.5,6533.5,6535.0,972
2026-04-02 00:15:00,6535.0,6540.75,6535.0,6538.75,875
2026-04-02 00:20:00,6538.5,6539.0,6535.5,6536.75,536
2026-04-02 00:25:00,6536.75,6537.25,6534.25,6535.25,479
2026-04-02 00:30:00,6535.25,6537.5,6534.25,6535.75,697
2026-04-02 00:35:00,6535.75,6536.0,6532.25,6533.0,670
2026-04-02 00:40:00,6533.0,6535.0,6531.5,6534.75,793
2026-04-02 00:45:00,6534.75,6536.0,6533.0,6534.5,571
2026-04-02 00:50:00,6534.5,6535.5,6531.0,6531.25,591
2026-04-02 00:55:00,6531.5,6534.25,6531.25,6533.25,582
2026-04-02 01:00:00,6533.5,6538.75,6533.5,6535.75,799
2026-04-02 01:05:00,6535.75,6537.0,6534.0,6535.25,542
2026-04-02 01:10:00,6535.0,6537.0,6533.5,6534.0,539
2026-04-02 01:15:00,6534.0,6535.75,6532.0,6532.75,566
2026-04-02 01:20:00,6532.75,6535.0,6531.75,6534.25,902
2026-04-02 01:25:00,6534.25,6537.0,6532.25,6537.0,827
2026-04-02 01:30:00,6537.0,6540.75,6531.5,6532.25,1945
2026-04-02 01:35:00,6532.0,6533.25,6528.75,6530.75,1309
2026-04-02 01:40:00,6530.75,6531.5,6527.25,6528.5,1154
2026-04-02 01:45:00,6529.0,6529.5,6523.0,6523.5,1739
2026-04-02 01:50:00,6523.25,6526.25,6522.75,6524.25,995
2026-04-02 01:55:00,6524.25,6524.75,6522.0,6522.5,816
2026-04-02 02:00:00,6522.75,6527.25,6522.75,6527.0,1793
2026-04-02 02:05:00,6526.75,6531.25,6526.25,6527.25,1911
2026-04-02 02:10:00,6527.0,6527.0,6520.5,6522.25,2052
2026-04-02 02:15:00,6522.0,6525.0,6520.0,6523.5,1554
2026-04-02 02:20:00,6523.5,6527.75,6523.5,6526.25,1821
2026-04-02 02:25:00,6526.25,6529.0,6525.25,6527.75,1293
2026-04-02 02:30:00,6527.75,6529.75,6526.25,6527.25,1294
2026-04-02 02:35:00,6527.25,6529.75,6525.5,6529.25,1450
2026-04-02 02:40:00,6528.75,6531.25,6526.5,6528.25,1333
2026-04-02 02:45:00,6528.25,6528.25,6525.0,6527.0,1271
2026-04-02 02:50:00,6527.25,6531.5,6526.0,6529.25,1108
2026-04-02 02:55:00,6529.25,6534.0,6528.25,6532.75,1649
2026-04-02 03:00:00,6532.75,6535.0,6529.25,6532.0,3889
2026-04-02 03:05:00,6532.25,6535.5,6530.0,6531.0,2907
2026-04-02 03:10:00,6531.0,6533.25,6527.75,6532.0,1595
2026-04-02 03:15:00,6531.75,6537.0,6531.25,6534.5,2187
2026-04-02 03:20:00,6534.5,6535.5,6528.5,6529.5,1183
2026-04-02 03:25:00,6529.5,6537.25,6529.5,6535.75,1612
2026-04-02 03:30:00,6535.75,6538.0,6534.75,6536.75,1998
2026-04-02 03:35:00,6536.75,6541.5,6536.0,6540.0,2068
2026-04-02 03:40:00,6540.0,6542.5,6538.5,6539.75,1978
2026-04-02 03:45:00,6540.25,6544.75,6540.0,6544.25,1418
2026-04-02 03:50:00,6544.25,6545.75,6541.5,6544.5,1588
2026-04-02 03:55:00,6544.75,6550.0,6543.25,6549.0,1338
2026-04-02 04:00:00,6548.75,6550.25,6543.5,6544.5,1868
2026-04-02 04:05:00,6544.75,6544.75,6541.75,6543.25,1792
2026-04-02 04:10:00,6543.0,6544.5,6541.5,6542.75,1406
2026-04-02 04:15:00,6542.75,6544.75,6539.25,6540.25,1659
2026-04-02 04:20:00,6540.0,6542.25,6537.5,6540.25,2694
2026-04-02 04:25:00,6540.5,6543.25,6538.5,6542.5,1434
2026-04-02 04:30:00,6542.25,6548.0,6542.25,6546.0,1622
2026-04-02 04:35:00,6546.0,6547.75,6543.0,6546.5,1100
2026-04-02 04:40:00,6546.5,6550.75,6544.5,6545.0,1664
2026-04-02 04:45:00,6545.25,6547.25,6543.5,6544.5,1572
2026-04-02 04:50:00,6544.5,6545.75,6541.25,6544.5,1019
2026-04-02 04:55:00,6544.25,6545.5,6540.5,6542.0,1006
2026-04-02 05:00:00,6542.25,6545.0,6541.0,6543.0,1155
2026-04-02 05:05:00,6542.75,6543.5,6540.5,6540.75,930
2026-04-02 05:10:00,6540.75,6541.0,6538.75,6539.5,1370
2026-04-02 05:15:00,6539.25,6542.75,6539.0,6540.25,1144
2026-04-02 05:20:00,6540.25,6544.5,6539.75,6544.0,949
2026-04-02 05:25:00,6543.75,6547.5,6543.75,6545.0,1350
2026-04-02 05:30:00,6544.75,6545.25,6540.25,6540.25,918
2026-04-02 05:35:00,6540.5,6541.5,6538.25,6539.5,1277
2026-04-02 05:40:00,6539.5,6540.25,6538.25,6539.25,934
2026-04-02 05:45:00,6539.0,6540.25,6537.25,6539.0,1169
2026-04-02 05:50:00,6538.75,6542.5,6538.75,6541.5,1109
2026-04-02 05:55:00,6541.5,6543.25,6537.75,6541.0,1341
2026-04-02 06:00:00,6541.0,6541.75,6536.25,6540.25,1376
2026-04-02 06:05:00,6540.5,6543.25,6536.25,6537.5,1014
2026-04-02 06:10:00,6537.75,6539.0,6531.0,6531.25,1872
2026-04-02 06:15:00,6531.5,6532.5,6528.25,6529.75,2999
2026-04-02 06:20:00,6530.0,6531.25,6527.75,6529.5,1413
2026-04-02 06:25:00,6529.5,6531.75,6528.5,6528.75,1178
2026-04-02 06:30:00,6528.75,6532.5,6526.0,6532.25,1854
2026-04-02 06:35:00,6532.0,6535.25,6530.75,6531.25,1448
2026-04-02 06:40:00,6531.25,6538.0,6530.75,6535.5,2057
2026-04-02 06:45:00,6535.5,6538.0,6534.5,6536.5,1761
2026-04-02 06:50:00,6536.25,6537.25,6532.5,6533.5,1747
2026-04-02 06:55:00,6533.25,6538.75,6532.75,6536.75,1747
2026-04-02 07:00:00,6536.25,6538.25,6534.5,6535.75,2058
2026-04-02 07:05:00,6535.5,6535.75,6528.0,6529.0,2240
2026-04-02 07:10:00,6529.0,6529.25,6525.25,6525.25,2609
2026-04-02 07:15:00,6525.25,6526.25,6520.0,6523.0,3742
2026-04-02 07:20:00,6523.0,6525.0,6521.75,6523.0,1750
2026-04-02 07:25:00,6522.75,6523.0,6516.75,6518.0,3442
2026-04-02 07:30:00,6517.5,6524.25,6515.75,6519.5,4172
2026-04-02 07:35:00,6519.5,6520.75,6513.5,6513.75,3554
2026-04-02 07:40:00,6513.75,6515.75,6511.25,6514.0,2462
2026-04-02 07:45:00,6514.0,6516.0,6512.0,6515.5,2393
2026-04-02 07:50:00,6515.25,6520.5,6514.25,6520.25,3652
2026-04-02 07:55:00,6520.5,6520.5,6508.0,6508.25,2978
2026-04-02 08:00:00,6508.5,6510.5,6504.5,6509.75,4560
2026-04-02 08:05:00,6509.5,6511.75,6504.75,6506.5,3255
2026-04-02 08:10:00,6506.25,6509.0,6503.75,6508.0,3449
2026-04-02 08:15:00,6508.0,6512.25,6506.5,6512.0,4065
2026-04-02 08:20:00,6511.5,6519.5,6511.0,6519.0,4499
2026-04-02 08:25:00,6519.0,6519.75,6513.5,6517.5,3864
2026-04-02 08:30:00,6517.25,6520.0,6514.75,6519.0,2913
2026-04-02 08:35:00,6518.75,6520.25,6516.0,6520.0,3459
2026-04-02 08:40:00,6519.75,6521.5,6517.25,6520.0,3154
2026-04-02 08:45:00,6519.75,6523.75,6517.25,6523.25,4829
2026-04-02 08:50:00,6523.25,6525.0,6520.5,6521.75,3933
2026-04-02 08:55:00,6521.5,6522.5,6516.25,6516.75,4438
2026-04-02 09:00:00,6517.0,6521.5,6515.0,6519.0,6429
2026-04-02 09:05:00,6518.75,6524.5,6518.0,6520.0,3669
2026-04-02 09:10:00,6520.0,6520.75,6515.25,6518.5,3741
2026-04-02 09:15:00,6518.5,6522.0,6518.0,6520.25,4785
2026-04-02 09:20:00,6520.0,6525.75,6519.0,6521.5,4910
2026-04-02 09:25:00,6521.25,6530.0,6520.25,6527.5,9337
2026-04-02 09:30:00,6527.75,6538.5,6526.25,6534.75,41001
2026-04-02 09:35:00,6534.75,6534.75,6516.5,6517.0,24430
2026-04-02 09:40:00,6517.0,6528.0,6514.25,6520.5,24486
2026-04-02 09:45:00,6520.5,6537.5,6517.5,6533.75,28145
2026-04-02 09:50:00,6533.75,6553.0,6532.0,6549.75,33847
2026-04-02 09:55:00,6549.75,6563.0,6547.0,6560.25,29917
2026-04-02 10:00:00,6560.25,6565.0,6551.75,6554.25,30616
2026-04-02 10:05:00,6554.25,6567.0,6549.5,6562.5,29581
2026-04-02 10:10:00,6562.25,6568.75,6558.25,6560.5,22477
2026-04-02 10:15:00,6560.25,6572.0,6559.5,6567.0,22621
2026-04-02 10:20:00,6567.0,6575.0,6566.25,6571.25,21027
2026-04-02 10:25:00,6571.25,6572.0,6564.25,6567.75,18757
2026-04-02 10:30:00,6567.75,6588.5,6565.25,6586.75,33529
2026-04-02 10:35:00,6586.5,6644.5,6586.0,6629.5,108794
2026-04-02 10:40:00,6629.25,6631.25,6608.0,6625.5,52695
2026-04-02 10:45:00,6625.5,6627.75,6605.25,6606.0,38924
2026-04-02 10:50:00,6606.0,6614.25,6598.0,6611.5,37074
2026-04-02 10:55:00,6611.25,6625.0,6610.75,6618.75,30897
2026-04-02 11:00:00,6619.0,6619.75,6602.75,6615.0,38298
2026-04-02 11:05:00,6615.0,6616.5,6605.75,6613.25,23441
2026-04-02 11:10:00,6613.25,6624.5,6610.75,6617.5,25285
2026-04-02 11:15:00,6617.5,6623.0,6611.75,6617.0,22513
2026-04-02 11:20:00,6616.75,6617.0,6604.0,6611.75,24079
2026-04-02 11:25:00,6611.75,6622.0,6604.75,6617.75,22202
2026-04-02 11:30:00,6617.75,6619.25,6608.0,6614.5,18196
2026-04-02 11:35:00,6614.75,6623.75,6613.0,6617.5,17985
2026-04-02 11:40:00,6617.0,6619.0,6607.25,6617.25,18291
2026-04-02 11:45:00,6617.25,6617.25,6605.5,6606.25,14934
2026-04-02 11:50:00,6606.25,6611.25,6595.25,6609.75,23539
2026-04-02 11:55:00,6609.5,6612.5,6602.5,6605.25,14047
2026-04-02 12:00:00,6605.0,6611.75,6600.5,6602.5,15296
2026-04-02 12:05:00,6602.5,6606.0,6592.5,6600.75,12640
2026-04-02 12:10:00,6600.5,6602.5,6595.25,6598.75,11623
2026-04-02 12:15:00,6598.5,6601.5,6589.0,6589.75,13006
2026-04-02 12:20:00,6589.5,6596.0,6586.5,6590.5,14360
2026-04-02 12:25:00,6590.5,6597.25,6588.0,6592.0,11160
2026-04-02 12:30:00,6591.75,6604.75,6590.0,6600.5,13437
2026-04-02 12:35:00,6600.25,6603.25,6590.5,6597.25,15696
2026-04-02 12:40:00,6597.0,6614.25,6596.75,6607.0,19407
2026-04-02 12:45:00,6607.0,6610.5,6604.25,6607.5,9736
2026-04-02 12:50:00,6607.5,6610.75,6603.5,6608.0,8997
2026-04-02 12:55:00,6608.0,6608.25,6599.75,6600.25,7689
2026-04-02 13:00:00,6600.25,6604.0,6594.5,6602.5,12507
2026-04-02 13:05:00,6602.5,6604.75,6599.5,6602.5,8911
2026-04-02 13:10:00,6602.5,6611.0,6598.75,6608.25,11289
2026-04-02 13:15:00,6608.25,6614.75,6607.25,6610.75,12419
2026-04-02 13:20:00,6610.75,6615.0,6609.0,6613.25,7368
2026-04-02 13:25:00,6613.25,6615.25,6610.25,6611.0,6140
2026-04-02 13:30:00,6611.0,6612.25,6606.5,6607.75,7263
2026-04-02 13:35:00,6607.75,6608.5,6604.25,6607.5,7444
2026-04-02 13:40:00,6607.5,6609.25,6602.75,6607.0,7694
2026-04-02 13:45:00,6607.25,6608.0,6591.5,6592.5,13074
2026-04-02 13:50:00,6592.25,6597.5,6590.25,6597.0,11212
2026-04-02 13:55:00,6597.25,6599.75,6593.5,6597.25,7651
2026-04-02 14:00:00,6597.0,6604.0,6597.0,6603.75,9551
2026-04-02 14:05:00,6603.75,6609.0,6601.75,6604.5,11029
2026-04-02 14:10:00,6604.75,6608.0,6602.75,6604.0,7400
2026-04-02 14:15:00,6604.0,6607.25,6600.5,6604.75,7486
2026-04-02 14:20:00,6604.75,6605.75,6601.25,6601.5,5516
2026-04-02 14:25:00,6601.25,6602.25,6598.25,6599.75,9806
2026-04-02 14:30:00,6600.0,6603.25,6598.5,6602.25,5949
2026-04-02 14:35:00,6602.0,6603.0,6599.0,6600.5,4678
2026-04-02 14:40:00,6600.25,6610.25,6600.0,6608.25,10151
2026-04-02 14:45:00,6608.25,6611.25,6607.0,6610.0,7991
2026-04-02 14:50:00,6609.75,6615.25,6608.0,6611.75,9194
2026-04-02 14:55:00,6612.0,6612.25,6608.25,6609.0,6178
2026-04-02 15:00:00,6609.25,6613.25,6608.75,6610.0,8879
2026-04-02 15:05:00,6610.0,6614.25,6609.75,6613.0,7674
2026-04-02 15:10:00,6613.25,6617.5,6611.25,6611.75,9210
2026-04-02 15:15:00,6612.0,6613.25,6607.0,6609.75,8796
2026-04-02 15:20:00,6610.0,6613.25,6606.0,6609.0,9798
2026-04-02 15:25:00,6609.0,6609.25,6605.5,6608.0,9338
2026-04-02 15:30:00,6608.0,6610.25,6605.0,6607.0,9945
2026-04-02 15:35:00,6607.25,6612.0,6606.75,6611.5,8571
2026-04-02 15:40:00,6611.5,6614.5,6607.5,6607.75,10731
2026-04-02 15:45:00,6608.0,6611.0,6605.75,6609.75,10864
2026-04-02 15:50:00,6610.0,6620.25,6609.75,6618.75,24594
2026-04-02 15:55:00,6618.5,6625.25,6617.5,6623.0,81095
2026-04-02 16:00:00,6623.25,6625.0,6619.25,6621.25,26540
2026-04-02 16:05:00,6621.25,6621.75,6619.25,6619.5,5322
2026-04-02 16:10:00,6619.75,6624.0,6619.5,6623.25,4613
2026-04-02 16:15:00,6623.5,6624.5,6622.25,6623.25,2025
2026-04-02 16:20:00,6623.0,6623.75,6621.5,6623.75,1384
2026-04-02 16:25:00,6623.5,6628.75,6623.0,6627.75,2732
2026-04-02 16:30:00,6627.5,6628.25,6623.0,6623.5,1930
2026-04-02 16:35:00,6623.25,6624.5,6622.25,6624.25,1293
2026-04-02 16:40:00,6624.0,6624.5,6622.75,6623.25,1088
2026-04-02 16:45:00,6623.25,6625.5,6623.25,6624.25,1385
2026-04-02 16:50:00,6624.5,6624.5,6622.75,6623.25,1383
2026-04-02 16:55:00,6623.25,6624.25,6621.5,6624.0,1444
2026-04-02 18:00:00,6622.5,6622.5,6619.5,6620.75,361
2026-04-02 18:05:00,6620.25,6623.75,6620.0,6621.25,318
2026-04-02 18:10:00,6621.25,6621.75,6619.75,6620.75,136
2026-04-02 18:15:00,6620.5,6626.0,6620.25,6620.75,1000
2026-04-02 18:20:00,6620.75,6623.0,6619.0,6621.25,809
2026-04-02 18:25:00,6621.25,6624.5,6620.5,6622.75,547
2026-04-02 18:30:00,6622.75,6625.5,6622.75,6624.5,422
2026-04-02 18:35:00,6624.25,6625.0,6622.25,6623.5,262
2026-04-02 18:40:00,6624.0,6625.25,6623.25,6623.75,211
2026-04-02 18:45:00,6623.5,6624.25,6622.75,6623.75,120
2026-04-02 18:50:00,6623.75,6624.5,6623.25,6624.25,103
2026-04-02 18:55:00,6624.25,6624.5,6623.0,6623.75,48
2026-04-02 19:00:00,6623.25,6623.25,6621.0,6622.5,211
2026-04-02 19:05:00,6622.5,6622.5,6621.25,6621.75,151
2026-04-02 19:10:00,6621.75,6622.0,6620.75,6621.25,248
2026-04-02 19:15:00,6621.5,6622.25,6621.25,6621.75,113
2026-04-02 19:20:00,6621.75,6623.0,6621.5,6622.25,104
2026-04-02 19:25:00,6622.5,6624.25,6622.5,6623.75,209
2026-04-02 19:30:00,6624.0,6626.0,6623.0,6624.75,444
2026-04-02 19:35:00,6625.0,6625.5,6623.75,6624.25,131
2026-04-02 19:40:00,6624.5,6625.25,6623.75,6624.0,216
2026-04-02 19:45:00,6624.0,6624.5,6622.75,6624.25,287
2026-04-02 19:50:00,6624.25,6624.25,6622.0,6622.75,255
2026-04-02 19:55:00,6623.0,6624.5,6622.75,6623.75,133
2026-04-02 20:00:00,6624.0,6632.25,6624.0,6629.75,1049
2026-04-02 20:05:00,6629.75,6630.25,6626.5,6627.0,360
2026-04-02 20:10:00,6627.0,6628.75,6626.25,6628.25,315
2026-04-02 20:15:00,6628.25,6628.25,6624.5,6625.0,332
2026-04-02 20:20:00,6624.75,6626.75,6623.5,6625.5,418
2026-04-02 20:25:00,6626.0,6627.5,6624.75,6627.25,407
2026-04-02 20:30:00,6626.75,6627.25,6625.0,6626.75,337
2026-04-02 20:35:00,6626.5,6627.0,6622.25,6623.0,380
2026-04-02 20:40:00,6623.25,6624.75,6622.25,6623.75,264
2026-04-02 20:45:00,6623.5,6624.25,6622.75,6623.75,189
2026-04-02 20:50:00,6623.5,6624.5,6622.75,6622.75,204
2026-04-02 20:55:00,6622.5,6624.75,6622.5,6624.0,332
2026-04-02 21:00:00,6624.25,6624.25,6623.0,6624.0,216
2026-04-02 21:05:00,6624.0,6625.25,6623.5,6624.0,213
2026-04-02 21:10:00,6624.25,6624.25,6620.25,6621.0,475
2026-04-02 21:15:00,6621.0,6623.25,6620.5,6622.5,245
2026-04-02 21:20:00,6622.5,6623.5,6621.5,6622.0,357
2026-04-02 21:25:00,6622.0,6623.25,6621.75,6623.0,220
2026-04-02 21:30:00,6623.0,6623.5,6620.5,6620.5,252
2026-04-02 21:35:00,6620.75,6622.5,6620.5,6621.5,179
2026-04-02 21:40:00,6621.75,6622.0,6620.25,6620.75,429
2026-04-02 21:45:00,6621.0,6621.25,6619.5,6620.0,367
2026-04-02 21:50:00,6620.25,6620.75,6619.75,6620.5,197
2026-04-02 21:55:00,6620.75,6621.0,6618.25,6619.0,308
2026-04-02 22:00:00,6618.75,6619.5,6618.5,6619.5,173
2026-04-02 22:05:00,6619.25,6619.25,6617.75,6618.25,211
2026-04-02 22:10:00,6618.5,6620.0,6618.5,6619.75,129
2026-04-02 22:15:00,6619.5,6620.5,6618.5,6620.5,219
2026-04-02 22:20:00,6620.5,6620.5,6616.75,6617.0,202
2026-04-02 22:25:00,6617.0,6617.0,6612.25,6613.0,534
2026-04-02 22:30:00,6613.0,6613.5,6609.75,6611.5,812
2026-04-02 22:35:00,6611.5,6613.25,6611.0,6611.75,230
2026-04-02 22:40:00,6612.0,6612.5,6609.5,6612.5,629
2026-04-02 22:45:00,6612.25,6612.75,6609.5,6610.5,333
2026-04-02 22:50:00,6610.5,6616.75,6608.75,6613.5,1145
2026-04-02 22:55:00,6613.75,6614.75,6612.75,6613.25,303
2026-04-02 23:00:00,6613.5,6615.5,6613.25,6615.25,256
2026-04-02 23:05:00,6615.0,6617.25,6614.75,6615.5,333
2026-04-02 23:10:00,6615.5,6615.75,6613.5,6614.0,252
2026-04-02 23:15:00,6613.75,6615.0,6613.5,6614.5,243
2026-04-02 23:20:00,6614.5,6616.0,6613.75,6614.25,246
2026-04-02 23:25:00,6614.0,6614.5,6612.75,6613.0,220
2026-04-02 23:30:00,6613.0,6614.75,6612.75,6612.75,208
2026-04-02 23:35:00,6613.0,6613.5,6611.75,6612.75,410
2026-04-02 23:40:00,6612.5,6612.5,6611.0,6611.75,129
2026-04-02 23:45:00,6611.5,6612.5,6611.5,6612.5,127
2026-04-02 23:50:00,6612.5,6614.25,6612.5,6613.25,129
2026-04-02 23:55:00,6613.25,6613.75,6612.5,6612.5,142
2026-04-03 00:00:00,6612.5,6614.25,6612.25,6613.75,225
2026-04-03 00:05:00,6613.5,6614.75,6612.75,6614.0,246
2026-04-03 00:10:00,6614.0,6614.25,6613.5,6614.0,70
2026-04-03 00:15:00,6613.75,6615.25,6613.75,6614.25,155
2026-04-03 00:20:00,6614.25,6615.25,6613.0,6614.0,177
2026-04-03 00:25:00,6614.25,6614.75,6613.75,6614.0,116
2026-04-03 00:30:00,6613.75,6614.75,6613.5,6614.25,157
2026-04-03 00:35:00,6614.0,6614.25,6612.25,6612.25,188
2026-04-03 00:40:00,6612.5,6612.75,6609.25,6609.75,243
2026-04-03 00:45:00,6610.0,6613.25,6609.75,6612.25,255
2026-04-03 00:50:00,6612.5,6613.0,6611.5,6611.75,82
2026-04-03 00:55:00,6612.0,6612.25,6610.75,6611.0,98
2026-04-03 01:00:00,6611.25,6613.0,6610.5,6612.25,137
2026-04-03 01:05:00,6612.5,6614.75,6612.5,6614.25,248
2026-04-03 01:10:00,6614.0,6614.0,6612.0,6613.0,119
2026-04-03 01:15:00,6613.25,6613.25,6610.0,6611.0,143
2026-04-03 01:20:00,6611.25,6611.75,6608.75,6610.0,274
2026-04-03 01:25:00,6610.0,6612.0,6610.0,6611.0,156
2026-04-03 01:30:00,6611.25,6614.0,6611.25,6613.5,267
2026-04-03 01:35:00,6613.5,6614.5,6613.0,6614.5,157
2026-04-03 01:40:00,6614.25,6615.75,6614.25,6615.25,188
2026-04-03 01:45:00,6615.5,6616.25,6614.75,6615.5,124
2026-04-03 01:50:00,6615.5,6615.75,6613.75,6614.0,182
2026-04-03 01:55:00,6613.75,6613.75,6612.75,6613.5,134
2026-04-03 02:00:00,6613.5,6613.75,6612.5,6613.25,153
2026-04-03 02:05:00,6613.25,6613.75,6612.0,6612.5,128
2026-04-03 02:10:00,6612.5,6613.0,6612.25,6612.5,56
2026-04-03 02:15:00,6612.5,6613.25,6612.0,6612.75,113
2026-04-03 02:20:00,6612.5,6613.5,6612.25,6613.0,116
2026-04-03 02:25:00,6612.75,6613.25,6610.75,6611.75,225
2026-04-03 02:30:00,6611.75,6612.0,6605.25,6606.75,1383
2026-04-03 02:35:00,6607.0,6608.0,6606.25,6606.5,325
2026-04-03 02:40:00,6606.5,6607.5,6605.75,6606.5,202
2026-04-03 02:45:00,6606.0,6608.75,6605.75,6607.25,271
2026-04-03 02:50:00,6607.25,6607.75,6603.0,6603.5,835
2026-04-03 02:55:00,6603.5,6606.25,6602.5,6606.0,540
2026-04-03 03:00:00,6606.0,6607.0,6603.25,6603.25,555
2026-04-03 03:05:00,6603.0,6603.0,6599.5,6599.5,990
2026-04-03 03:10:00,6599.5,6602.5,6598.75,6601.0,470
2026-04-03 03:15:00,6601.0,6603.5,6601.0,6603.25,259
2026-04-03 03:20:00,6603.0,6605.25,6602.0,6604.25,444
2026-04-03 03:25:00,6604.5,6606.75,6604.5,6606.5,600
2026-04-03 03:30:00,6606.75,6609.75,6606.75,6608.5,562
2026-04-03 03:35:00,6608.75,6611.0,6608.5,6609.25,575
2026-04-03 03:40:00,6609.0,6610.75,6608.75,6609.75,312
2026-04-03 03:45:00,6609.75,6610.25,6607.25,6607.25,268
2026-04-03 03:50:00,6607.75,6609.5,6606.5,6608.75,190
2026-04-03 03:55:00,6608.5,6608.75,6606.75,6607.25,178
2026-04-03 04:00:00,6607.25,6610.0,6607.0,6609.0,224
2026-04-03 04:05:00,6609.0,6609.25,6607.0,6608.5,126
2026-04-03 04:10:00,6608.25,6608.75,6607.5,6607.75,62
2026-04-03 04:15:00,6607.75,6608.25,6606.75,6607.0,84
2026-04-03 04:20:00,6606.75,6607.25,6604.0,6605.25,359
2026-04-03 04:25:00,6605.0,6605.75,6604.75,6605.0,200
2026-04-03 04:30:00,6605.0,6607.25,6604.5,6606.5,273
2026-04-03 04:35:00,6606.5,6606.75,6605.5,6605.75,77
2026-04-03 04:40:00,6605.5,6606.0,6605.0,6605.75,83
2026-04-03 04:45:00,6605.5,6606.75,6605.5,6606.75,102
2026-04-03 04:50:00,6606.75,6608.0,6606.25,6606.5,147
2026-04-03 04:55:00,6606.75,6606.75,6605.5,6606.0,91
2026-04-03 05:00:00,6606.25,6607.0,6605.0,6605.75,245
2026-04-03 05:05:00,6605.75,6606.5,6605.0,6605.5,92
2026-04-03 05:10:00,6605.5,6605.5,6603.5,6603.75,132
2026-04-03 05:15:00,6604.0,6606.25,6602.5,6605.75,284
2026-04-03 05:20:00,6605.75,6606.75,6604.25,6604.75,181
2026-04-03 05:25:00,6604.75,6605.75,6604.5,6605.0,148
2026-04-03 05:30:00,6605.25,6606.25,6605.25,6605.5,79
2026-04-03 05:35:00,6605.5,6606.5,6604.75,6605.0,123
2026-04-03 05:40:00,6605.25,6605.75,6604.5,6604.5,87
2026-04-03 05:45:00,6604.5,6605.0,6604.0,6604.75,77
2026-04-03 05:50:00,6604.75,6605.0,6604.25,6605.0,106
2026-04-03 05:55:00,6605.0,6605.25,6604.25,6604.25,75
2026-04-03 06:00:00,6604.25,6604.75,6603.25,6604.75,203
2026-04-03 06:05:00,6604.75,6604.75,6604.0,6604.25,90
2026-04-03 06:10:00,6604.25,6604.25,6601.0,6602.75,359
2026-04-03 06:15:00,6603.0,6604.75,6602.25,6603.25,177
2026-04-03 06:20:00,6603.5,6605.0,6603.25,6604.0,378
2026-04-03 06:25:00,6604.25,6604.5,6601.75,6602.0,359
2026-04-03 06:30:00,6602.0,6602.5,6600.5,6601.75,664
2026-04-03 06:35:00,6601.75,6602.0,6601.25,6601.5,176
2026-04-03 06:40:00,6601.75,6603.5,6601.75,6602.75,318
2026-04-03 06:45:00,6602.75,6604.75,6602.75,6604.0,333
2026-04-03 06:50:00,6604.0,6604.5,6603.5,6604.5,150
2026-04-03 06:55:00,6604.75,6605.0,6603.75,6604.0,418
2026-04-03 07:00:00,6604.0,6604.0,6602.5,6602.75,272
2026-04-03 07:05:00,6603.0,6603.0,6598.25,6600.5,674
2026-04-03 07:10:00,6600.75,6604.0,6600.75,6602.5,313
2026-04-03 07:15:00,6602.75,6605.5,6601.5,6605.5,377
2026-04-03 07:20:00,6605.5,6607.0,6605.0,6605.5,468
2026-04-03 07:25:00,6605.5,6608.75,6604.0,6608.75,490
2026-04-03 07:30:00,6608.25,6609.5,6607.75,6609.0,494
2026-04-03 07:35:00,6608.75,6611.25,6608.25,6610.25,459
2026-04-03 07:40:00,6610.25,6610.5,6607.75,6608.0,454
2026-04-03 07:45:00,6608.25,6608.5,6607.5,6608.25,200
2026-04-03 07:50:00,6608.25,6610.0,6607.25,6609.5,182
2026-04-03 07:55:00,6609.25,6609.25,6607.5,6607.75,310
2026-04-03 08:00:00,6607.75,6614.75,6607.5,6614.25,733
2026-04-03 08:05:00,6614.0,6614.25,6611.0,6611.25,721
2026-04-03 08:10:00,6611.25,6611.75,6608.75,6611.5,434
2026-04-03 08:15:00,6611.75,6611.75,6603.25,6607.0,1097
2026-04-03 08:20:00,6607.0,6609.75,6606.5,6609.25,844
2026-04-03 08:25:00,6609.25,6613.5,6609.25,6611.25,1107
2026-04-03 08:30:00,6611.0,6639.0,6609.0,6610.0,5405
2026-04-03 08:35:00,6610.0,6610.25,6600.25,6605.5,2603
2026-04-03 08:40:00,6605.25,6611.5,6604.25,6610.0,2012
2026-04-03 08:45:00,6610.0,6612.75,6604.75,6605.0,1599
2026-04-03 08:50:00,6605.25,6605.25,6601.25,6602.75,1453
2026-04-03 08:55:00,6602.25,6604.5,6598.75,6600.25,1691
2026-04-03 09:00:00,6600.5,6604.0,6598.5,6602.0,1284
2026-04-03 09:05:00,6602.5,6606.5,6600.25,6601.25,713
2026-04-03 09:10:00,6601.25,6605.25,6598.75,6603.75,1582
2026-04-05 18:00:00,6590.0,6590.0,6575.0,6579.5,6354
2026-04-05 18:05:00,6579.25,6580.0,6571.0,6572.75,3333
2026-04-05 18:10:00,6572.75,6578.75,6567.0,6577.0,3389
2026-04-05 18:15:00,6577.25,6579.75,6574.75,6578.75,2098
2026-04-05 18:20:00,6579.0,6584.5,6577.25,6582.75,1525
2026-04-05 18:25:00,6582.75,6585.0,6580.0,6583.25,1004
2026-04-05 18:30:00,6583.5,6586.0,6580.75,6581.0,1448
2026-04-05 18:35:00,6581.25,6588.25,6579.5,6587.25,1376
2026-04-05 18:40:00,6587.25,6588.0,6583.25,6584.0,673
2026-04-05 18:45:00,6584.0,6587.0,6580.75,6583.75,1012
2026-04-05 18:50:00,6584.0,6588.5,6584.0,6586.0,791
2026-04-05 18:55:00,6586.25,6589.5,6585.75,6587.5,623
2026-04-05 19:00:00,6587.5,6589.5,6581.75,6583.25,1400
2026-04-05 19:05:00,6583.25,6589.0,6581.25,6582.5,1628
2026-04-05 19:10:00,6582.75,6584.0,6578.25,6582.5,1349
2026-04-05 19:15:00,6582.5,6585.0,6580.75,6584.0,989
2026-04-05 19:20:00,6584.0,6586.0,6581.75,6582.5,421
2026-04-05 19:25:00,6582.5,6583.75,6582.5,6582.5,277
2026-04-05 19:30:00,6582.5,6585.5,6582.0,6583.75,534
2026-04-05 19:35:00,6583.5,6584.25,6582.75,6583.0,157
2026-04-05 19:40:00,6583.25,6584.0,6581.5,6582.0,266
2026-04-05 19:45:00,6582.25,6583.75,6582.0,6582.25,321
2026-04-05 19:50:00,6582.5,6586.25,6582.25,6584.5,352
2026-04-05 19:55:00,6584.75,6587.5,6584.75,6587.5,485
2026-04-05 20:00:00,6587.5,6601.5,6586.5,6601.25,3614
2026-04-05 20:05:00,6601.5,6603.75,6600.5,6603.25,1748
2026-04-05 20:10:00,6603.0,6604.0,6599.75,6602.5,1013
2026-04-05 20:15:00,6603.0,6603.25,6598.0,6600.0,1447
2026-04-05 20:20:00,6600.0,6609.0,6599.25,6605.0,2072
2026-04-05 20:25:00,6605.0,6606.5,6601.5,6601.5,1216
2026-04-05 20:30:00,6602.0,6605.25,6601.5,6604.25,864
2026-04-05 20:35:00,6604.25,6607.25,6603.25,6603.75,783
2026-04-05 20:40:00,6603.75,6608.0,6603.0,6607.25,869
2026-04-05 20:45:00,6607.25,6609.25,6605.75,6607.0,868
2026-04-05 20:50:00,6607.0,6608.25,6605.5,6607.25,530
2026-04-05 20:55:00,6607.25,6610.75,6607.25,6609.25,750
2026-04-05 21:00:00,6609.25,6613.75,6609.0,6612.0,1064
2026-04-05 21:05:00,6612.0,6613.5,6609.25,6611.0,796
2026-04-05 21:10:00,6611.25,6613.0,6611.25,6612.5,419
2026-04-05 21:15:00,6612.25,6613.0,6608.5,6608.5,872
2026-04-05 21:20:00,6608.75,6615.0,6608.0,6612.5,1571
2026-04-05 21:25:00,6612.75,6618.0,6612.75,6616.0,1184
2026-04-05 21:30:00,6615.75,6616.0,6611.75,6612.0,626
2026-04-05 21:35:00,6612.25,6614.75,6611.75,6614.25,492
2026-04-05 21:40:00,6614.25,6615.75,6613.5,6615.25,429
2026-04-05 21:45:00,6615.0,6615.75,6611.25,6611.5,493
2026-04-05 21:50:00,6611.75,6612.0,6609.75,6610.25,963
2026-04-05 21:55:00,6609.75,6610.5,6606.5,6609.75,1170
2026-04-05 22:00:00,6609.75,6616.5,6608.75,6612.0,1634
2026-04-05 22:05:00,6612.0,6620.5,6610.75,6618.75,2242
2026-04-05 22:10:00,6618.5,6626.25,6616.5,6622.0,2340
2026-04-05 22:15:00,6622.25,6630.5,6620.75,6629.25,1951
2026-04-05 22:20:00,6629.25,6635.75,6627.75,6635.0,2637
2026-04-05 22:25:00,6635.0,6635.25,6632.0,6633.75,1395
2026-04-05 22:30:00,6633.75,6635.0,6630.25,6631.75,1568
2026-04-05 22:35:00,6632.0,6632.5,6627.25,6627.25,1099
2026-04-05 22:40:00,6627.25,6627.25,6621.25,6623.0,1463
2026-04-05 22:45:00,6623.25,6624.5,6620.0,6620.0,694
2026-04-05 22:50:00,6620.25,6622.0,6617.0,6618.75,988
2026-04-05 22:55:00,6618.5,6618.75,6615.75,6615.75,724
2026-04-05 23:00:00,6615.75,6616.75,6612.25,6613.0,1023
2026-04-05 23:05:00,6613.25,6614.5,6610.25,6611.25,643
2026-04-05 23:10:00,6611.25,6612.5,6608.5,6609.25,690
2026-04-05 23:15:00,6609.5,6612.25,6595.25,6599.25,3445
2026-04-05 23:20:00,6599.25,6607.5,6596.5,6606.75,2033
2026-04-05 23:25:00,6607.0,6609.0,6606.0,6606.75,961
2026-04-05 23:30:00,6607.0,6608.0,6605.0,6608.0,614
2026-04-05 23:35:00,6607.75,6610.25,6607.75,6608.25,600
2026-04-05 23:40:00,6608.25,6610.0,6606.0,6609.5,415
2026-04-05 23:45:00,6609.5,6612.0,6608.5,6610.75,508
2026-04-05 23:50:00,6610.75,6613.25,6610.0,6611.75,544
2026-04-05 23:55:00,6611.75,6612.25,6611.0,6612.25,211
2026-04-06 00:00:00,6612.25,6618.0,6611.25,6617.5,796
2026-04-06 00:05:00,6618.0,6618.0,6614.5,6615.75,565
2026-04-06 00:10:00,6615.5,6617.75,6613.5,6616.75,536
2026-04-06 00:15:00,6616.75,6618.0,6615.25,6615.5,451
2026-04-06 00:20:00,6615.5,6617.25,6615.25,6617.0,244
2026-04-06 00:25:00,6616.75,6617.5,6614.25,6615.5,704
2026-04-06 00:30:00,6615.5,6619.5,6614.25,6619.0,482
2026-04-06 00:35:00,6619.0,6620.75,6618.25,6620.0,439
2026-04-06 00:40:00,6620.0,6621.75,6618.5,6620.75,420
2026-04-06 00:45:00,6620.75,6621.25,6619.25,6621.0,334
2026-04-06 00:50:00,6621.0,6622.5,6620.0,6621.5,293
2026-04-06 00:55:00,6621.75,6622.25,6619.75,6621.0,234
2026-04-06 01:00:00,6621.0,6622.0,6620.5,6621.5,283
2026-04-06 01:05:00,6621.5,6624.0,6620.75,6623.5,362
2026-04-06 01:10:00,6623.75,6623.75,6621.5,6622.25,335
2026-04-06 01:15:00,6622.25,6623.75,6622.0,6623.75,265
2026-04-06 01:20:00,6623.75,6624.0,6621.0,6623.5,493
2026-04-06 01:25:00,6623.25,6623.25,6620.5,6621.0,270
2026-04-06 01:30:00,6621.25,6621.25,6617.5,6619.5,787
2026-04-06 01:35:00,6619.5,6619.5,6617.75,6618.0,392
2026-04-06 01:40:00,6618.0,6618.75,6615.25,6616.25,502
2026-04-06 01:45:00,6616.5,6617.75,6613.25,6614.5,577
2026-04-06 01:50:00,6614.0,6617.5,6614.0,6617.25,318
2026-04-06 01:55:00,6617.25,6618.5,6616.5,6617.25,245
2026-04-06 02:00:00,6617.0,6617.0,6614.75,6616.0,480
2026-04-06 02:05:00,6616.0,6621.5,6615.25,6620.5,634
2026-04-06 02:10:00,6620.5,6628.0,6620.25,6627.25,1091
2026-04-06 02:15:00,6627.25,6627.25,6621.5,6622.0,679
2026-04-06 02:20:00,6622.0,6622.75,6619.5,6621.5,501
2026-04-06 02:25:00,6621.0,6621.5,6616.0,6616.75,577
2026-04-06 02:30:00,6616.75,6619.75,6614.5,6617.5,556
2026-04-06 02:35:00,6617.75,6618.25,6616.0,6618.0,342
2026-04-06 02:40:00,6618.0,6619.75,6616.5,6618.5,296
2026-04-06 02:45:00,6618.25,6619.25,6615.75,6619.0,470
2026-04-06 02:50:00,6618.75,6632.5,6618.5,6623.25,5056
2026-04-06 02:55:00,6623.5,6625.5,6622.0,6624.5,768
2026-04-06 03:00:00,6624.75,6626.0,6618.5,6619.0,718
2026-04-06 03:05:00,6619.0,6620.5,6616.0,6616.5,651
2026-04-06 03:10:00,6616.25,6618.25,6614.25,6618.25,1175
2026-04-06 03:15:00,6618.5,6625.5,6618.5,6620.75,1048
2026-04-06 03:20:00,6621.0,6623.25,6617.5,6619.25,577
2026-04-06 03:25:00,6619.5,6622.0,6619.5,6620.25,555
2026-04-06 03:30:00,6620.0,6624.25,6619.5,6623.75,1051
2026-04-06 03:35:00,6623.75,6627.25,6623.5,6625.25,933
2026-04-06 03:40:00,6625.25,6630.0,6622.75,6627.75,976
2026-04-06 03:45:00,6628.0,6633.0,6627.0,6632.25,973
2026-04-06 03:50:00,6631.75,6639.5,6631.25,6634.75,2136
2026-04-06 03:55:00,6635.0,6638.75,6634.0,6634.75,906
2026-04-06 04:00:00,6634.75,6641.0,6634.75,6640.75,1665
2026-04-06 04:05:00,6640.75,6641.5,6636.0,6638.25,1175
2026-04-06 04:10:00,6638.25,6639.5,6636.75,6638.25,803
2026-04-06 04:15:00,6638.25,6640.0,6635.25,6636.5,805
2026-04-06 04:20:00,6636.5,6640.25,6636.5,6639.75,777
2026-04-06 04:25:00,6640.0,6643.25,6639.0,6642.0,1308
2026-04-06 04:30:00,6642.25,6645.25,6641.0,6644.25,1459
2026-04-06 04:35:00,6644.0,6648.75,6643.75,6647.0,1491
2026-04-06 04:40:00,6647.25,6650.0,6646.5,6649.0,763
2026-04-06 04:45:00,6649.0,6649.5,6647.0,6648.5,869
2026-04-06 04:50:00,6648.25,6648.25,6643.75,6645.5,656
2026-04-06 04:55:00,6645.25,6647.25,6644.25,6645.0,395
2026-04-06 05:00:00,6645.0,6649.75,6644.5,6648.75,1459
2026-04-06 05:05:00,6648.75,6651.25,6646.5,6647.5,1204
2026-04-06 05:10:00,6647.75,6649.0,6646.0,6646.25,557
2026-04-06 05:15:00,6646.5,6649.25,6644.25,6649.0,1087
2026-04-06 05:20:00,6648.75,6651.0,6645.75,6646.25,1845
2026-04-06 05:25:00,6646.25,6647.25,6645.25,6646.5,789
2026-04-06 05:30:00,6646.75,6648.25,6646.0,6647.5,641
2026-04-06 05:35:00,6647.5,6647.75,6645.5,6645.75,433
2026-04-06 05:40:00,6646.0,6646.25,6643.75,6644.0,624
2026-04-06 05:45:00,6644.25,6645.25,6642.75,6644.5,987
2026-04-06 05:50:00,6644.25,6644.5,6635.75,6639.5,2337
2026-04-06 05:55:00,6639.5,6641.5,6636.25,6637.25,1370
2026-04-06 06:00:00,6637.5,6638.75,6635.5,6638.25,1201
2026-04-06 06:05:00,6638.25,6642.25,6637.75,6641.5,561
2026-04-06 06:10:00,6641.75,6643.0,6639.5,6639.75,476
2026-04-06 06:15:00,6640.0,6640.25,6638.0,6639.25,412
2026-04-06 06:20:00,6639.0,6640.0,6638.0,6638.25,251
2026-04-06 06:25:00,6638.0,6638.0,6633.5,6636.75,1082
2026-04-06 06:30:00,6636.5,6638.75,6635.25,6638.0,366
2026-04-06 06:35:00,6638.25,6640.75,6637.5,6638.5,701
2026-04-06 06:40:00,6638.5,6639.25,6637.25,6638.0,322
2026-04-06 06:45:00,6638.25,6638.75,6619.0,6633.25,7134
2026-04-06 06:50:00,6633.25,6635.0,6629.5,6630.5,1878
2026-04-06 06:55:00,6630.75,6632.75,6629.25,6631.0,1227
2026-04-06 07:00:00,6631.25,6631.25,6625.0,6628.25,2173
2026-04-06 07:05:00,6628.0,6630.0,6626.75,6628.75,985
2026-04-06 07:10:00,6629.0,6629.25,6624.5,6626.25,1405
2026-04-06 07:15:00,6626.0,6631.0,6624.5,6630.0,1243
2026-04-06 07:20:00,6630.0,6630.25,6624.0,6626.75,1068
2026-04-06 07:25:00,6626.5,6628.25,6625.75,6627.25,878
2026-04-06 07:30:00,6627.5,6629.75,6625.75,6629.75,1077
2026-04-06 07:35:00,6629.5,6630.5,6626.5,6628.5,1176
2026-04-06 07:40:00,6628.75,6629.5,6625.75,6625.75,765
2026-04-06 07:45:00,6626.0,6628.0,6625.75,6627.25,719
2026-04-06 07:50:00,6627.25,6630.25,6627.25,6628.25,648
2026-04-06 07:55:00,6628.5,6628.5,6626.25,6627.0,738
2026-04-06 08:00:00,6627.0,6628.25,6625.5,6627.0,1154
2026-04-06 08:05:00,6627.25,6628.0,6626.25,6626.75,864
2026-04-06 08:10:00,6627.0,6627.5,6624.25,6626.25,1771
2026-04-06 08:15:00,6626.5,6627.25,6625.25,6625.75,1263
2026-04-06 08:20:00,6625.5,6627.5,6622.5,6626.25,1264
2026-04-06 08:25:00,6626.5,6628.0,6625.75,6626.75,1441
2026-04-06 08:30:00,6627.0,6632.0,6624.75,6631.5,2084
2026-04-06 08:35:00,6631.25,6631.75,6629.0,6630.25,1300
2026-04-06 08:40:00,6630.25,6630.5,6628.75,6629.75,1334
2026-04-06 08:45:00,6629.75,6635.5,6629.75,6630.5,3863
2026-04-06 08:50:00,6630.75,6633.5,6629.75,6630.75,2036
2026-04-06 08:55:00,6630.75,6631.25,6628.25,6629.25,1402
2026-04-06 09:00:00,6629.25,6631.0,6623.25,6624.0,4018
2026-04-06 09:05:00,6623.75,6627.5,6620.0,6627.0,4056
2026-04-06 09:10:00,6627.0,6630.75,6625.25,6628.0,2729
2026-04-06 09:15:00,6628.0,6629.25,6624.75,6625.0,2835
2026-04-06 09:20:00,6625.0,6625.5,6619.5,6622.5,3700
2026-04-06 09:25:00,6622.5,6627.0,6620.0,6621.5,6835
2026-04-06 09:30:00,6621.75,6637.25,6621.5,6636.25,32699
2026-04-06 09:35:00,6636.5,6642.25,6617.75,6628.75,29104
2026-04-06 09:40:00,6629.0,6636.25,6622.25,6631.0,15119
2026-04-06 09:45:00,6631.0,6642.0,6630.25,6634.25,15998
2026-04-06 09:50:00,6634.25,6643.25,6632.0,6639.5,14250
2026-04-06 09:55:00,6639.5,6649.25,6636.0,6649.0,13302
2026-04-06 10:00:00,6648.75,6661.0,6627.0,6628.0,29911
2026-04-06 10:05:00,6627.75,6635.75,6624.0,6635.25,19650
2026-04-06 10:10:00,6635.25,6645.25,6628.0,6645.0,19631
2026-04-06 10:15:00,6644.75,6649.5,6639.75,6646.75,16172
2026-04-06 10:20:00,6646.75,6653.75,6646.5,6650.75,15294
2026-04-06 10:25:00,6650.75,6652.25,6645.5,6648.25,13193
2026-04-06 10:30:00,6648.25,6654.5,6646.5,6648.75,12539
2026-04-06 10:35:00,6648.5,6652.75,6631.5,6634.75,31014
2026-04-06 10:40:00,6634.75,6647.5,6633.75,6640.75,20162
2026-04-06 10:45:00,6640.5,6640.75,6630.0,6631.75,12026
2026-04-06 10:50:00,6631.5,6640.0,6631.5,6637.25,12640
2026-04-06 10:55:00,6637.0,6643.0,6633.75,6638.5,11082
2026-04-06 11:00:00,6638.75,6644.25,6634.5,6639.25,10421
2026-04-06 11:05:00,6639.25,6642.25,6635.0,6641.25,9364
2026-04-06 11:10:00,6641.25,6641.25,6634.0,6638.75,13375
2026-04-06 11:15:00,6638.75,6641.0,6635.0,6637.25,7303
2026-04-06 11:20:00,6637.25,6639.25,6632.5,6634.0,8130
2026-04-06 11:25:00,6633.75,6636.0,6630.0,6633.0,8861
2026-04-06 11:30:00,6632.75,6634.5,6627.0,6632.5,8680
2026-04-06 11:35:00,6632.25,6635.0,6626.5,6633.5,8859
2026-04-06 11:40:00,6633.25,6635.75,6630.5,6634.75,6107
2026-04-06 11:45:00,6634.75,6639.5,6633.0,6638.0,6321
2026-04-06 11:50:00,6638.25,6643.5,6636.25,6642.5,7479
2026-04-06 11:55:00,6642.75,6642.75,6638.25,6642.25,5569
2026-04-06 12:00:00,6642.5,6644.0,6637.75,6638.5,7846
2026-04-06 12:05:00,6638.25,6641.25,6636.25,6636.5,4792
2026-04-06 12:10:00,6636.5,6641.0,6635.75,6640.25,4451
2026-04-06 12:15:00,6640.0,6642.0,6637.75,6639.5,3745
2026-04-06 12:20:00,6639.25,6642.75,6637.75,6640.75,4058
2026-04-06 12:25:00,6641.0,6644.25,6640.25,6641.5,4043
2026-04-06 12:30:00,6641.5,6644.5,6639.25,6643.5,5600
2026-04-06 12:35:00,6643.75,6649.0,6642.75,6645.0,7130
2026-04-06 12:40:00,6644.75,6647.25,6642.75,6646.5,4580
2026-04-06 12:45:00,6646.5,6648.5,6645.0,6647.25,4349
2026-04-06 12:50:00,6647.25,6648.5,6641.25,6643.75,8966
2026-04-06 12:55:00,6644.0,6645.25,6640.0,6643.0,8603
2026-04-06 13:00:00,6643.25,6643.75,6631.5,6637.0,11863
2026-04-06 13:05:00,6637.0,6638.5,6632.75,6636.25,7325
2026-04-06 13:10:00,6636.25,6636.5,6618.75,6624.25,17440
2026-04-06 13:15:00,6624.0,6631.0,6622.0,6628.25,10539
2026-04-06 13:20:00,6628.25,6636.5,6623.75,6636.25,8833
2026-04-06 13:25:00,6636.0,6639.25,6633.25,6637.75,7403
2026-04-06 13:30:00,6637.75,6644.0,6635.25,6637.75,9098
2026-04-06 13:35:00,6637.5,6640.75,6634.0,6635.75,6234
2026-04-06 13:40:00,6635.5,6636.0,6631.5,6635.0,5004
2026-04-06 13:45:00,6635.0,6635.0,6629.5,6632.0,3917
2026-04-06 13:50:00,6632.0,6633.75,6628.0,6629.5,4590
2026-04-06 13:55:00,6629.5,6632.25,6627.5,6628.25,4010
2026-04-06 14:00:00,6628.5,6630.25,6626.0,6626.75,6688
2026-04-06 14:05:00,6626.75,6632.75,6626.5,6631.0,6566
2026-04-06 14:10:00,6631.0,6642.5,6630.5,6637.25,12303
2026-04-06 14:15:00,6637.5,6645.0,6636.75,6643.25,9596
2026-04-06 14:20:00,6643.25,6650.25,6641.75,6647.75,7961
2026-04-06 14:25:00,6647.75,6650.25,6642.5,6646.25,11044
2026-04-06 14:30:00,6646.5,6649.25,6641.0,6643.25,8927
2026-04-06 14:35:00,6643.25,6646.5,6642.5,6643.0,4073
2026-04-06 14:40:00,6643.0,6644.0,6641.0,6642.5,4278
2026-04-06 14:45:00,6642.5,6646.5,6642.25,6645.0,4548
2026-04-06 14:50:00,6645.0,6648.0,6644.75,6646.75,3814
2026-04-06 14:55:00,6646.75,6648.0,6645.75,6647.0,4308
2026-04-06 15:00:00,6647.0,6648.0,6645.0,6647.75,5789
2026-04-06 15:05:00,6647.5,6648.0,6642.75,6643.75,5433
2026-04-06 15:10:00,6643.5,6646.25,6642.5,6645.25,5110
2026-04-06 15:15:00,6645.25,6646.0,6642.5,6644.25,5234
2026-04-06 15:20:00,6644.5,6647.0,6642.75,6643.75,4465
2026-04-06 15:25:00,6643.75,6645.5,6642.25,6642.5,4798
2026-04-06 15:30:00,6642.75,6645.75,6641.75,6644.75,4738
2026-04-06 15:35:00,6644.75,6646.5,6644.25,6645.0,3749
2026-04-06 15:40:00,6644.75,6646.75,6642.0,6646.25,8017
2026-04-06 15:45:00,6646.25,6651.5,6645.75,6651.0,9825
2026-04-06 15:50:00,6651.0,6653.0,6646.0,6646.75,16494
2026-04-06 15:55:00,6646.75,6653.5,6644.25,6653.0,49094
2026-04-06 16:00:00,6653.0,6654.25,6650.0,6650.75,17525
2026-04-06 16:05:00,6651.0,6651.0,6647.5,6648.25,4857
2026-04-06 16:10:00,6648.0,6650.5,6647.0,6648.25,4092
2026-04-06 16:15:00,6648.25,6649.5,6646.5,6649.25,2317
2026-04-06 16:20:00,6649.25,6650.75,6649.25,6650.5,1938
2026-04-06 16:25:00,6650.5,6652.0,6650.25,6650.75,1436
2026-04-06 16:30:00,6650.75,6652.25,6650.75,6651.25,988
2026-04-06 16:35:00,6651.5,6653.5,6650.75,6651.0,1011
2026-04-06 16:40:00,6651.25,6651.75,6650.0,6650.75,988
2026-04-06 16:45:00,6650.75,6651.25,6648.5,6648.75,1045
2026-04-06 16:50:00,6648.75,6649.25,6648.5,6649.0,889
2026-04-06 16:55:00,6649.0,6650.75,6649.0,6650.75,1107
2026-04-06 18:00:00,6650.5,6658.5,6648.5,6657.0,1610
2026-04-06 18:05:00,6657.25,6659.25,6655.25,6656.25,993
2026-04-06 18:10:00,6656.25,6657.0,6655.0,6657.0,309
2026-04-06 18:15:00,6657.0,6658.0,6655.5,6656.0,283
2026-04-06 18:20:00,6656.0,6656.25,6642.75,6645.5,1653
2026-04-06 18:25:00,6645.25,6647.5,6644.25,6646.5,644
2026-04-06 18:30:00,6646.75,6648.0,6642.25,6643.0,678
